mode,ka_bp,reich_lai_sapwood_pft08_count,n_cells,dominant_vegetation_code,vegetation_class_counts,pft8_fraction
dynamic,3.2,2,298,2,1:3; 2:293; 3:2,0.006711409395973154
dynamic,3.1,3,298,2,1:5; 2:290; 3:3,0.010067114093959731
dynamic,3.0,1,298,2,1:8; 2:289; 3:1,0.003355704697986577
dynamic,2.9,1,298,2,1:7; 2:290; 3:1,0.003355704697986577
dynamic,2.8,1,298,2,1:4; 2:293; 3:1,0.003355704697986577
dynamic,2.7,1,298,2,1:5; 2:292; 3:1,0.003355704697986577
dynamic,2.6,3,298,2,1:4; 2:291; 3:3,0.010067114093959731
dynamic,2.5,3,298,2,1:1; 2:294; 3:3,0.010067114093959731
dynamic,2.4,1,298,2,1:4; 2:293; 3:1,0.003355704697986577
dynamic,2.3,1,298,2,1:4; 2:293; 3:1,0.003355704697986577
dynamic,2.2,1,298,2,1:3; 2:294; 3:1,0.003355704697986577
dynamic,2.1,0,298,2,1:4; 2:294,0.0
dynamic,2.0,3,298,2,1:1; 2:294; 3:3,0.010067114093959731
dynamic,1.9,3,298,2,1:2; 2:293; 3:3,0.010067114093959731
dynamic,1.8,1,298,2,1:4; 2:293; 3:1,0.003355704697986577
dynamic,1.7,0,298,2,1:5; 2:293,0.0
dynamic,1.6,2,298,2,1:2; 2:294; 3:2,0.006711409395973154
dynamic,1.5,1,298,2,1:3; 2:294; 3:1,0.003355704697986577
dynamic,1.4,1,298,2,1:5; 2:292; 3:1,0.003355704697986577
dynamic,1.3,2,298,2,1:2; 2:294; 3:2,0.006711409395973154
dynamic,1.2,1,298,2,1:3; 2:294; 3:1,0.003355704697986577
dynamic,1.1,1,298,2,1:3; 2:294; 3:1,0.003355704697986577
dynamic,1.0,0,298,2,1:6; 2:292,0.0
dynamic,0.9,1,298,2,1:3; 2:294; 3:1,0.003355704697986577
dynamic,0.8,0,298,2,1:4; 2:294,0.0
dynamic,0.7,2,298,2,1:2; 2:294; 3:2,0.006711409395973154
dynamic,0.6,0,298,2,1:5; 2:293,0.0
dynamic,0.5,0,298,2,1:5; 2:293,0.0
