scenario,mode,pft,total_cell_observations,sum_agb_over_cell_observations_kg_m2,cell_weighted_mean_agb_kg_m2,cell_weighted_mean_lai
BDT,dynamic,0,1245,0.0,0.0,0.0
BDT,dynamic,4,11100,89633.00789642334,8.075045756434536,3.051308108108107
BDT,dynamic,5,0,0.0,,
BDT,dynamic,6,47964,282997.2874073982,5.900201972466813,2.779775665082145
BDT,dynamic,7,2388,14815.578905582428,6.204178771181922,2.5386683417085427
BDT,dynamic,10,181,2.3628791896626318,0.013054581158357082,0.06922651933701657
BDT,static,0,0,0.0,,
BDT,static,4,11242,90815.43351459503,8.07822749640589,3.052036114570361
BDT,static,5,0,0.0,,
BDT,static,6,51636,304745.9992313385,5.901812673935598,2.7803557595476027
BDT,static,7,0,0.0,,
BDT,static,10,0,0.0,,
NDT,dynamic,0,1244,0.0,0.0,0.0
NDT,dynamic,4,11100,89632.87600755692,8.075033874554677,3.0513054054054045
NDT,dynamic,5,0,0.0,,
NDT,dynamic,6,47966,283010.2603702545,5.900226418093118,2.7797831797523243
NDT,dynamic,7,2384,14389.901948153973,6.036032696373311,2.536971476510067
NDT,dynamic,10,184,2.383287377189841,0.012952648789075222,0.06875
NDT,static,0,0,0.0,,
NDT,static,4,11242,90815.43351459503,8.07822749640589,3.052036114570361
NDT,static,5,0,0.0,,
NDT,static,6,51636,304745.9992313385,5.901812673935598,2.7803557595476027
NDT,static,7,0,0.0,,
NDT,static,10,0,0.0,,
