record_id,model_ka_bp,valid_basin_cell_count,basin_count_conifer,basin_count_broadleaf,basin_count_mixed,basin_count_herbaceous,target_class,target_fraction,correct_1pct
95_01,5.9,297,0,297,0,0,broadleaf,1.0,True
95_01,5.8,297,0,297,0,0,broadleaf,1.0,True
95_01,5.7,297,0,297,0,0,broadleaf,1.0,True
95_01,5.6,298,0,298,0,0,broadleaf,1.0,True
95_01,5.5,298,0,298,0,0,broadleaf,1.0,True
95_01,5.4,298,0,298,0,0,broadleaf,1.0,True
95_01,5.3,298,0,298,0,0,broadleaf,1.0,True
95_01,5.2,298,0,298,0,0,broadleaf,1.0,True
95_01,5.1,298,0,298,0,0,broadleaf,1.0,True
95_01,5.0,298,0,298,0,0,broadleaf,1.0,True
95_01,4.9,298,0,298,0,0,broadleaf,1.0,True
95_01,4.8,298,0,298,0,0,broadleaf,1.0,True
95_02,4.8,298,0,298,0,0,mixed,0.0,False
95_02,4.7,298,0,298,0,0,mixed,0.0,False
95_02,4.6,298,0,298,0,0,mixed,0.0,False
95_02,4.5,298,0,298,0,0,mixed,0.0,False
95_02,4.4,298,0,298,0,0,mixed,0.0,False
95_02,4.3,298,0,9,289,0,mixed,0.9697986577181208,True
95_02,4.2,298,0,286,12,0,mixed,0.040268456375838924,True
95_02,4.1,298,0,7,291,0,mixed,0.9765100671140939,True
95_02,4.0,298,0,298,0,0,mixed,0.0,False
95_02,3.9,298,0,9,289,0,mixed,0.9697986577181208,True
95_02,3.8,298,0,9,289,0,mixed,0.9697986577181208,True
95_02,3.7,298,0,9,289,0,mixed,0.9697986577181208,True
95_02,3.6,298,0,18,280,0,mixed,0.9395973154362416,True
95_02,3.5,298,0,9,289,0,mixed,0.9697986577181208,True
95_02,3.4,298,0,10,288,0,mixed,0.9664429530201343,True
95_03,3.4,298,0,10,288,0,broadleaf,0.03355704697986577,True
95_03,3.3,298,0,5,293,0,broadleaf,0.016778523489932886,True
95_03,3.2,298,0,5,293,0,broadleaf,0.016778523489932886,True
95_03,3.1,298,0,8,290,0,broadleaf,0.026845637583892617,True
95_03,3.0,298,0,9,289,0,broadleaf,0.030201342281879196,True
95_03,2.9,298,0,8,290,0,broadleaf,0.026845637583892617,True
95_03,2.8,298,0,5,293,0,broadleaf,0.016778523489932886,True
95_03,2.7,298,0,6,292,0,broadleaf,0.020134228187919462,True
95_03,2.6,298,0,8,290,0,broadleaf,0.026845637583892617,True
95_03,2.5,298,0,5,293,0,broadleaf,0.016778523489932886,True
95_03,2.4,298,0,5,293,0,broadleaf,0.016778523489932886,True
95_03,2.3,298,0,5,293,0,broadleaf,0.016778523489932886,True
95_03,2.2,298,0,4,294,0,broadleaf,0.013422818791946308,True
95_03,2.1,298,0,4,294,0,broadleaf,0.013422818791946308,True
95_03,2.0,298,0,4,294,0,broadleaf,0.013422818791946308,True
95_03,1.9,298,0,5,293,0,broadleaf,0.016778523489932886,True
95_03,1.8,298,0,6,292,0,broadleaf,0.020134228187919462,True
95_03,1.7,298,0,5,293,0,broadleaf,0.016778523489932886,True
95_03,1.6,298,0,4,294,0,broadleaf,0.013422818791946308,True
95_03,1.5,298,0,4,294,0,broadleaf,0.013422818791946308,True
95_03,1.4,298,0,6,292,0,broadleaf,0.020134228187919462,True
95_03,1.3,298,0,4,294,0,broadleaf,0.013422818791946308,True
95_03,1.2,298,0,5,293,0,broadleaf,0.016778523489932886,True
95_03,1.1,298,0,4,294,0,broadleaf,0.013422818791946308,True
95_03,1.0,298,0,6,292,0,broadleaf,0.020134228187919462,True
95_03,0.9,298,0,4,294,0,broadleaf,0.013422818791946308,True
95_03,0.8,298,0,4,294,0,broadleaf,0.013422818791946308,True
95_03,0.7,298,0,4,294,0,broadleaf,0.013422818791946308,True
95_03,0.6,298,0,5,293,0,broadleaf,0.016778523489932886,True
95_03,0.5,298,0,5,293,0,broadleaf,0.016778523489932886,True
95_03,0.4,298,0,5,293,0,broadleaf,0.016778523489932886,True
95_04,0.3,298,0,5,293,0,mixed,0.9832214765100671,True
95_04,0.2,298,0,6,292,0,mixed,0.9798657718120806,True
95_04,0.1,298,0,8,290,0,mixed,0.9731543624161074,True
95_04,0.0,298,0,298,0,0,mixed,0.0,False
