ka_bp,reich_lai_sapwood_pft08_count,pft8_fraction,dominant_vegetation_code,vegetation_class_counts,mean_npp,reich_lai_sapwood_agb_mean_kg_m2
19.6,1,0.003355704697986577,0,0:290; 3:1; 4:7,234.78523489932888,2.560676367340872
19.1,1,0.003355704697986577,0,0:280; 3:1; 4:17,267.30872483221475,2.6533290649320453
17.8,1,0.003355704697986577,0,0:275; 3:2; 4:21,245.3255033557047,2.564660903566436
17.2,1,0.003355704697986577,0,0:270; 3:2; 4:26,250.496644295302,2.521558120046686
16.8,1,0.003355704697986577,0,0:271; 3:2; 4:25,257.6845637583893,2.5928180086732717
16.6,1,0.003355704697986577,0,0:270; 3:3; 4:25,267.26174496644296,2.5785335301352825
16.2,1,0.003355704697986577,0,0:272; 3:3; 4:23,295.5268456375839,2.7404586374009616
16.0,2,0.006711409395973154,0,0:272; 3:6; 4:20,296.3959731543624,2.7113831909685926
15.9,3,0.010067114093959731,2,1:12; 2:260; 3:8; 4:18,298.1308724832215,2.7310310096898736
15.7,2,0.006711409395973154,2,1:16; 2:259; 3:6; 4:17,299.3758389261745,2.751317483316732
15.6,2,0.006711409395973154,2,1:18; 2:259; 3:3; 4:18,302.66107382550337,2.7737668622285128
15.5,3,0.010067114093959731,2,1:18; 2:259; 3:8; 4:13,309.2986577181208,2.783520169918669
15.4,1,0.003355704697986577,2,1:21; 2:259; 3:4; 4:14,312.66442953020135,2.8206794623960585
15.3,3,0.010067114093959731,2,1:22; 2:259; 3:10; 4:7,320.21140939597313,2.848274090358575
15.2,3,0.010067114093959731,1,1:288; 3:6; 4:4,330.5536912751678,2.935216904836613
15.1,1,0.003355704697986577,1,1:290; 3:4; 4:4,336.996644295302,2.9925868183424407
15.0,1,0.003355704697986577,1,1:290; 3:4; 4:4,334.4563758389262,2.9533407221229484
14.9,4,0.013422818791946308,1,1:285; 3:8; 4:5,334.72147651006713,2.9417532922062497
14.8,3,0.010067114093959731,1,1:281; 3:10; 4:7,331.4060402684564,2.8914723655571475
14.7,2,0.006711409395973154,1,1:286; 3:6; 4:6,338.91946308724835,2.935708739901049
14.6,5,0.016778523489932886,1,1:283; 3:9; 4:6,352.59060402684565,2.9547364237599525
14.5,2,0.006711409395973154,1,1:289; 3:5; 4:4,367.08053691275165,3.063404202886276
14.4,1,0.003355704697986577,1,1:293; 3:2; 4:3,380.0939597315436,3.127130236001623
14.2,3,0.010067114093959731,1,1:293; 3:3; 4:2,364.9563758389262,3.0937676550257924
14.1,5,0.016778523489932886,1,1:288; 3:7; 4:3,348.1677852348993,2.961544214591584
14.0,4,0.013422818791946308,1,1:289; 3:5; 4:4,347.3859060402685,2.987391140561976
13.9,5,0.016778523489932886,1,1:286; 3:8; 4:4,360.7953020134228,2.9765436031274346
13.8,2,0.006711409395973154,1,1:291; 3:3; 4:4,375.5939597315436,3.095323623851842
13.7,3,0.010067114093959731,1,1:291; 3:5; 4:2,384.01677852349,3.102116657283482
13.6,6,0.020134228187919462,1,1:290; 3:7; 4:1,391.4429530201342,3.139824166843955
13.5,2,0.006711409395973154,1,1:294; 3:3; 4:1,387.9530201342282,3.1430849273057797
13.4,2,0.006711409395973154,1,1:294; 3:3; 4:1,384.9261744966443,3.1401406897344444
13.3,6,0.020134228187919462,1,1:290; 3:7; 4:1,381.2281879194631,3.087874567511198
13.2,1,0.003355704697986577,1,1:295; 3:2; 4:1,380.8053691275168,3.1323099743024816
13.1,4,0.013422818791946308,1,1:292; 3:5; 4:1,385.493288590604,3.115198352142869
13.0,4,0.013422818791946308,1,1:292; 3:5; 4:1,385.4228187919463,3.13297317404575
12.9,8,0.026845637583892617,1,1:290; 3:8,376.8557046979866,3.106640285643555
12.8,4,0.013422818791946308,1,1:288; 3:7; 4:3,369.0872483221477,3.030881667034638
12.5,2,0.006711409395973154,1,1:278; 3:6; 4:14,353.71140939597313,2.9548221623787545
12.4,1,0.003355704697986577,1,1:276; 3:8; 4:14,353.43288590604027,2.952959063319152
12.3,1,0.003355704697986577,1,1:276; 3:8; 4:14,350.66442953020135,2.9508185527543693
11.7,3,0.010067114093959731,1,1:282; 3:8; 4:8,385.4496644295302,3.038187344189758
11.6,1,0.003355704697986577,1,1:287; 3:3; 4:8,396.4295302013423,3.1498710711880418
11.4,3,0.010067114093959731,1,1:287; 3:5; 4:6,413.4362416107383,3.185200055336092
11.2,1,0.003355704697986577,1,1:289; 3:2; 4:7,419.4496644295302,3.1923295320230443
11.1,5,0.016778523489932886,1,1:286; 3:8; 4:4,419.2248322147651,3.212448119429634
11.0,3,0.010067114093959731,1,1:291; 3:5; 4:2,427.8993288590604,3.281204096897937
10.9,1,0.003355704697986577,1,1:293; 3:2; 4:3,427.1543624161074,3.2929440334864317
10.8,4,0.013422818791946308,1,1:290; 3:4; 4:4,430.3758389261745,3.265919696264619
10.7,2,0.006711409395973154,1,1:292; 3:2; 4:4,425.8422818791946,3.2682212336151397
10.6,3,0.010067114093959731,1,1:291; 3:5; 4:2,427.18791946308727,3.2333570184723643
10.5,3,0.010067114093959731,1,1:291; 3:3; 4:4,426.4261744966443,3.2279225748857394
10.4,5,0.016778523489932886,1,1:289; 3:5; 4:4,416.12080536912754,3.1932455797323445
10.3,3,0.010067114093959731,1,1:291; 3:3; 4:4,421.6174496644296,3.253987994670068
10.2,5,0.016778523489932886,1,1:289; 3:7; 4:2,422.38926174496646,3.2251786077332576
10.1,2,0.006711409395973154,1,1:294; 3:2; 4:2,427.1912751677853,3.3017050281367046
10.0,1,0.003355704697986577,1,1:295; 3:1; 4:2,424.6711409395973,3.3024368032613056
9.9,5,0.016778523489932886,1,1:289; 3:6; 4:3,425.67785234899327,3.246599529901107
9.8,3,0.010067114093959731,1,1:291; 3:5; 4:2,426.7852348993289,3.255482175181176
9.7,2,0.006711409395973154,1,1:292; 3:2; 4:4,428.0771812080537,3.273983017860243
9.6,1,0.003355704697986577,1,1:295; 3:2; 4:1,434.8724832214765,3.31771800493284
9.5,2,0.006711409395973154,1,1:294; 3:3; 4:1,426.2281879194631,3.3096403724095165
9.3,3,0.010067114093959731,1,1:293; 3:4; 4:1,434.755033557047,3.2958457754587367
9.2,4,0.013422818791946308,1,1:292; 3:4; 4:2,437.6409395973154,3.278871023064892
9.1,2,0.006711409395973154,1,1:294; 3:2; 4:2,438.506711409396,3.307910237836358
9.0,2,0.006711409395973154,1,1:294; 3:2; 4:2,434.56040268456377,3.304223633952589
8.9,1,0.003355704697986577,1,1:295; 3:2; 4:1,424.9328859060402,3.303501655166381
8.8,5,0.016778523489932886,1,1:290; 3:6; 4:2,419.36241610738256,3.2342037557305505
8.7,2,0.006711409395973154,1,1:293; 3:3; 4:2,431.22147651006713,3.274797700995567
8.6,3,0.010067114093959731,1,1:293; 3:3; 4:2,428.83892617449663,3.2922842711110243
8.5,1,0.003355704697986577,1,1:295; 3:1; 4:2,432.0503355704698,3.299834793246033
8.3,1,0.003355704697986577,1,1:296; 3:1; 4:1,433.3489932885906,3.311052192477572
8.2,2,0.006711409395973154,1,1:293; 3:3; 4:2,431.7751677852349,3.280026766652829
8.1,1,0.003355704697986577,1,1:295; 3:1; 4:2,432.09060402684565,3.317501462245948
7.9,1,0.003355704697986577,1,1:295; 3:1; 4:2,442.0738255033557,3.316658434651842
7.8,2,0.006711409395973154,1,1:294; 3:3; 4:1,440.3657718120805,3.3023835215592543
7.6,1,0.003355704697986577,1,1:295; 3:2; 4:1,440.46308724832215,3.319386139962097
7.5,1,0.003355704697986577,1,1:296; 3:1; 4:1,440.1442953020134,3.371896419199121
7.4,1,0.003355704697986577,1,1:296; 3:1; 4:1,443.7147651006711,3.356526880556305
7.2,1,0.003355704697986577,1,1:296; 3:1; 4:1,447.3020134228188,3.372371693235516
7.0,1,0.003355704697986577,1,1:296; 3:1; 4:1,448.993288590604,3.387360812483618
6.8,1,0.003355704697986577,1,1:296; 3:1; 4:1,446.755033557047,3.322939498412529
6.6,1,0.003355704697986577,1,1:296; 3:1; 4:1,451.26510067114094,3.374671843277928
6.1,1,0.003355704697986577,1,1:296; 3:1; 4:1,458.758389261745,3.3842020385317357
6.0,1,0.003355704697986577,1,1:296; 3:1; 4:1,464.3590604026846,3.439832977850565
5.8,1,0.003355704697986577,1,1:296; 3:1; 4:1,461.3758389261745,3.392945483726943
5.6,1,0.003355704697986577,1,1:297; 3:1,466.2684563758389,3.444807734765462
5.5,1,0.003355704697986577,1,1:297; 3:1,464.8053691275168,3.4287745086038672
5.3,1,0.003355704697986577,1,1:297; 3:1,469.4496644295302,3.4340588338423097
5.2,2,0.006711409395973154,1,1:296; 3:2,465.9161073825503,3.427840725037476
5.0,1,0.003355704697986577,1,1:297; 3:1,470.3657718120805,3.4328440386276915
4.1,1,0.003355704697986577,2,1:5; 2:292; 3:1,486.08053691275165,3.49779305062038
3.6,1,0.003355704697986577,2,1:17; 2:280; 3:1,514.4161073825503,3.2802642144312792
3.2,1,0.003355704697986577,2,1:4; 2:293; 3:1,521.261744966443,3.285008779858183
2.9,1,0.003355704697986577,2,1:7; 2:290; 3:1,528.5973154362416,3.275035173850972
2.4,1,0.003355704697986577,2,1:4; 2:293; 3:1,528.6677852348994,3.337798378311548
1.7,1,0.003355704697986577,2,1:4; 2:293; 3:1,537.1778523489933,3.31436634273737
1.5,1,0.003355704697986577,2,1:3; 2:294; 3:1,534.0637583892617,3.316353437284495
1.4,1,0.003355704697986577,2,1:5; 2:292; 3:1,536.1409395973154,3.301766381367741
0.7,1,0.003355704697986577,2,1:3; 2:294; 3:1,542.0671140939597,3.301454483312648
0.3,1,0.003355704697986577,2,1:4; 2:293; 3:1,532.5134228187919,3.275436222653261
