resolution_m,validation_buffer_m,sampling_method,temporal_matching_method,temporal_fallback_used,temporal_fallback_reason,basin_presence_rule,validation_denominator,basin_presence_min_fraction,basin_presence_min_percent,basin_presence_min_cells,basin_presence_hard_min_cells,basin_presence_equivalent_required_cells,valid_basin_cell_count,basin_cell_count,basin_nonvegetated_cell_count,basin_unclassified_cell_count,record_id,validation_id,site_id,site_name,x_5187,y_5187,age_start_ka_bp,age_end_ka_bp,age_mid_ka_bp,validation_time_step_kyr,validation_time_step_yr,validation_grid_ka_bp,interval_model_time_count,interval_model_times_ka_bp,integration_support_time_count,integration_support_times_ka_bp,model_ka_bp,inside_palaeo_interval,validation_item_id,evaluation_unit,age_mid_to_model_time_abs_diff_kyr,vegetation_original_ko,expected_vegetation_code,expected_label,accepted_reduced_codes,accepted_reduced_labels,basin_count_conifer,basin_count_broadleaf,basin_count_mixed,basin_count_herbaceous,basin_count_nonvegetated,accepted_class_basin_cell_count_sum,accepted_class_basin_fraction_sum,accepted_class_basin_percent_sum,accepted_class_basin_cell_count_max,accepted_class_basin_fraction_max,accepted_class_basin_percent_max,accepted_class_basin_cell_counts,basin_presence_correct,correct,source_short,doi_or_url,notes,case,case_label,geomorph_dynamic,target_class,target_count,target_fraction,correct_1pct
20,,basin_presence_fraction_per_output_time,per_output_time_exact_interval,0,,minimum_fraction_no_hard_cell_floor,mapped_vegetation_classes_0_3,0.01,1.0,0,0,3,298,298,0,0,95_01,95,site_095,강원 인제군 대암산 용늪,123245.18995403372,624269.7896684073,5.9,4.8,5.35,0.1,100.0,5.300000000000001,12,5.9;5.8;5.7;5.6;5.5;5.4;5.3;5.2;5.1;5;4.9;4.8,14,6;5.9;5.8;5.7;5.6;5.5;5.4;5.3;5.2;5.1;5;4.9;4.8;4.7,5.9,1,95_01@5.9ka,palaeo_record_x_model_output_time,0.5500000000000007,활엽침엽수림-교목,2,mixed_forest,2,mixed_forest,0,298,0,0,0,0,0.0,0.0,0,0.0,0.0,2:0,0,0,"Jang, B.-O., Kang, S.-J., & Choi, K.-R. (2011, September 1). Vegetation history around Yongneup moor at Mt. Daeamsan, Korea. Journal of Ecology and Environment. The Ecological Society of Korea. https://doi.org/10.5141/jefb.2011.028",https://doi.org/10.5141/jefb.2011.028,,model_static,정적모델,False,broadleaf,298,1.0,True
20,,basin_presence_fraction_per_output_time,per_output_time_exact_interval,0,,minimum_fraction_no_hard_cell_floor,mapped_vegetation_classes_0_3,0.01,1.0,0,0,3,298,298,0,0,95_01,95,site_095,강원 인제군 대암산 용늪,123245.18995403372,624269.7896684073,5.9,4.8,5.35,0.1,100.0,5.300000000000001,12,5.9;5.8;5.7;5.6;5.5;5.4;5.3;5.2;5.1;5;4.9;4.8,14,6;5.9;5.8;5.7;5.6;5.5;5.4;5.3;5.2;5.1;5;4.9;4.8;4.7,5.8,1,95_01@5.8ka,palaeo_record_x_model_output_time,0.4500000000000002,활엽침엽수림-교목,2,mixed_forest,2,mixed_forest,0,298,0,0,0,0,0.0,0.0,0,0.0,0.0,2:0,0,0,"Jang, B.-O., Kang, S.-J., & Choi, K.-R. (2011, September 1). Vegetation history around Yongneup moor at Mt. Daeamsan, Korea. Journal of Ecology and Environment. The Ecological Society of Korea. https://doi.org/10.5141/jefb.2011.028",https://doi.org/10.5141/jefb.2011.028,,model_static,정적모델,False,broadleaf,298,1.0,True
20,,basin_presence_fraction_per_output_time,per_output_time_exact_interval,0,,minimum_fraction_no_hard_cell_floor,mapped_vegetation_classes_0_3,0.01,1.0,0,0,3,298,298,0,0,95_01,95,site_095,강원 인제군 대암산 용늪,123245.18995403372,624269.7896684073,5.9,4.8,5.35,0.1,100.0,5.300000000000001,12,5.9;5.8;5.7;5.6;5.5;5.4;5.3;5.2;5.1;5;4.9;4.8,14,6;5.9;5.8;5.7;5.6;5.5;5.4;5.3;5.2;5.1;5;4.9;4.8;4.7,5.7,1,95_01@5.7ka,palaeo_record_x_model_output_time,0.3500000000000005,활엽침엽수림-교목,2,mixed_forest,2,mixed_forest,0,298,0,0,0,0,0.0,0.0,0,0.0,0.0,2:0,0,0,"Jang, B.-O., Kang, S.-J., & Choi, K.-R. (2011, September 1). Vegetation history around Yongneup moor at Mt. Daeamsan, Korea. Journal of Ecology and Environment. The Ecological Society of Korea. https://doi.org/10.5141/jefb.2011.028",https://doi.org/10.5141/jefb.2011.028,,model_static,정적모델,False,broadleaf,298,1.0,True
20,,basin_presence_fraction_per_output_time,per_output_time_exact_interval,0,,minimum_fraction_no_hard_cell_floor,mapped_vegetation_classes_0_3,0.01,1.0,0,0,3,298,298,0,0,95_01,95,site_095,강원 인제군 대암산 용늪,123245.18995403372,624269.7896684073,5.9,4.8,5.35,0.1,100.0,5.300000000000001,12,5.9;5.8;5.7;5.6;5.5;5.4;5.3;5.2;5.1;5;4.9;4.8,14,6;5.9;5.8;5.7;5.6;5.5;5.4;5.3;5.2;5.1;5;4.9;4.8;4.7,5.6,1,95_01@5.6ka,palaeo_record_x_model_output_time,0.25,활엽침엽수림-교목,2,mixed_forest,2,mixed_forest,0,298,0,0,0,0,0.0,0.0,0,0.0,0.0,2:0,0,0,"Jang, B.-O., Kang, S.-J., & Choi, K.-R. (2011, September 1). Vegetation history around Yongneup moor at Mt. Daeamsan, Korea. Journal of Ecology and Environment. The Ecological Society of Korea. https://doi.org/10.5141/jefb.2011.028",https://doi.org/10.5141/jefb.2011.028,,model_static,정적모델,False,broadleaf,298,1.0,True
20,,basin_presence_fraction_per_output_time,per_output_time_exact_interval,0,,minimum_fraction_no_hard_cell_floor,mapped_vegetation_classes_0_3,0.01,1.0,0,0,3,298,298,0,0,95_01,95,site_095,강원 인제군 대암산 용늪,123245.18995403372,624269.7896684073,5.9,4.8,5.35,0.1,100.0,5.300000000000001,12,5.9;5.8;5.7;5.6;5.5;5.4;5.3;5.2;5.1;5;4.9;4.8,14,6;5.9;5.8;5.7;5.6;5.5;5.4;5.3;5.2;5.1;5;4.9;4.8;4.7,5.5,1,95_01@5.5ka,palaeo_record_x_model_output_time,0.1500000000000003,활엽침엽수림-교목,2,mixed_forest,2,mixed_forest,0,298,0,0,0,0,0.0,0.0,0,0.0,0.0,2:0,0,0,"Jang, B.-O., Kang, S.-J., & Choi, K.-R. (2011, September 1). Vegetation history around Yongneup moor at Mt. Daeamsan, Korea. Journal of Ecology and Environment. The Ecological Society of Korea. https://doi.org/10.5141/jefb.2011.028",https://doi.org/10.5141/jefb.2011.028,,model_static,정적모델,False,broadleaf,298,1.0,True
20,,basin_presence_fraction_per_output_time,per_output_time_exact_interval,0,,minimum_fraction_no_hard_cell_floor,mapped_vegetation_classes_0_3,0.01,1.0,0,0,3,298,298,0,0,95_01,95,site_095,강원 인제군 대암산 용늪,123245.18995403372,624269.7896684073,5.9,4.8,5.35,0.1,100.0,5.300000000000001,12,5.9;5.8;5.7;5.6;5.5;5.4;5.3;5.2;5.1;5;4.9;4.8,14,6;5.9;5.8;5.7;5.6;5.5;5.4;5.3;5.2;5.1;5;4.9;4.8;4.7,5.4,1,95_01@5.4ka,palaeo_record_x_model_output_time,0.0500000000000007,활엽침엽수림-교목,2,mixed_forest,2,mixed_forest,0,298,0,0,0,0,0.0,0.0,0,0.0,0.0,2:0,0,0,"Jang, B.-O., Kang, S.-J., & Choi, K.-R. (2011, September 1). Vegetation history around Yongneup moor at Mt. Daeamsan, Korea. Journal of Ecology and Environment. The Ecological Society of Korea. https://doi.org/10.5141/jefb.2011.028",https://doi.org/10.5141/jefb.2011.028,,model_static,정적모델,False,broadleaf,298,1.0,True
20,,basin_presence_fraction_per_output_time,per_output_time_exact_interval,0,,minimum_fraction_no_hard_cell_floor,mapped_vegetation_classes_0_3,0.01,1.0,0,0,3,298,298,0,0,95_01,95,site_095,강원 인제군 대암산 용늪,123245.18995403372,624269.7896684073,5.9,4.8,5.35,0.1,100.0,5.300000000000001,12,5.9;5.8;5.7;5.6;5.5;5.4;5.3;5.2;5.1;5;4.9;4.8,14,6;5.9;5.8;5.7;5.6;5.5;5.4;5.3;5.2;5.1;5;4.9;4.8;4.7,5.3,1,95_01@5.3ka,palaeo_record_x_model_output_time,0.0499999999999998,활엽침엽수림-교목,2,mixed_forest,2,mixed_forest,0,298,0,0,0,0,0.0,0.0,0,0.0,0.0,2:0,0,0,"Jang, B.-O., Kang, S.-J., & Choi, K.-R. (2011, September 1). Vegetation history around Yongneup moor at Mt. Daeamsan, Korea. Journal of Ecology and Environment. The Ecological Society of Korea. https://doi.org/10.5141/jefb.2011.028",https://doi.org/10.5141/jefb.2011.028,,model_static,정적모델,False,broadleaf,298,1.0,True
20,,basin_presence_fraction_per_output_time,per_output_time_exact_interval,0,,minimum_fraction_no_hard_cell_floor,mapped_vegetation_classes_0_3,0.01,1.0,0,0,3,298,298,0,0,95_01,95,site_095,강원 인제군 대암산 용늪,123245.18995403372,624269.7896684073,5.9,4.8,5.35,0.1,100.0,5.300000000000001,12,5.9;5.8;5.7;5.6;5.5;5.4;5.3;5.2;5.1;5;4.9;4.8,14,6;5.9;5.8;5.7;5.6;5.5;5.4;5.3;5.2;5.1;5;4.9;4.8;4.7,5.2,1,95_01@5.2ka,palaeo_record_x_model_output_time,0.1499999999999994,활엽침엽수림-교목,2,mixed_forest,2,mixed_forest,0,298,0,0,0,0,0.0,0.0,0,0.0,0.0,2:0,0,0,"Jang, B.-O., Kang, S.-J., & Choi, K.-R. (2011, September 1). Vegetation history around Yongneup moor at Mt. Daeamsan, Korea. Journal of Ecology and Environment. The Ecological Society of Korea. https://doi.org/10.5141/jefb.2011.028",https://doi.org/10.5141/jefb.2011.028,,model_static,정적모델,False,broadleaf,298,1.0,True
20,,basin_presence_fraction_per_output_time,per_output_time_exact_interval,0,,minimum_fraction_no_hard_cell_floor,mapped_vegetation_classes_0_3,0.01,1.0,0,0,3,298,298,0,0,95_01,95,site_095,강원 인제군 대암산 용늪,123245.18995403372,624269.7896684073,5.9,4.8,5.35,0.1,100.0,5.300000000000001,12,5.9;5.8;5.7;5.6;5.5;5.4;5.3;5.2;5.1;5;4.9;4.8,14,6;5.9;5.8;5.7;5.6;5.5;5.4;5.3;5.2;5.1;5;4.9;4.8;4.7,5.1,1,95_01@5.1ka,palaeo_record_x_model_output_time,0.25,활엽침엽수림-교목,2,mixed_forest,2,mixed_forest,0,298,0,0,0,0,0.0,0.0,0,0.0,0.0,2:0,0,0,"Jang, B.-O., Kang, S.-J., & Choi, K.-R. (2011, September 1). Vegetation history around Yongneup moor at Mt. Daeamsan, Korea. Journal of Ecology and Environment. The Ecological Society of Korea. https://doi.org/10.5141/jefb.2011.028",https://doi.org/10.5141/jefb.2011.028,,model_static,정적모델,False,broadleaf,298,1.0,True
20,,basin_presence_fraction_per_output_time,per_output_time_exact_interval,0,,minimum_fraction_no_hard_cell_floor,mapped_vegetation_classes_0_3,0.01,1.0,0,0,3,298,298,0,0,95_01,95,site_095,강원 인제군 대암산 용늪,123245.18995403372,624269.7896684073,5.9,4.8,5.35,0.1,100.0,5.300000000000001,12,5.9;5.8;5.7;5.6;5.5;5.4;5.3;5.2;5.1;5;4.9;4.8,14,6;5.9;5.8;5.7;5.6;5.5;5.4;5.3;5.2;5.1;5;4.9;4.8;4.7,5.0,1,95_01@5ka,palaeo_record_x_model_output_time,0.3499999999999996,활엽침엽수림-교목,2,mixed_forest,2,mixed_forest,0,298,0,0,0,0,0.0,0.0,0,0.0,0.0,2:0,0,0,"Jang, B.-O., Kang, S.-J., & Choi, K.-R. (2011, September 1). Vegetation history around Yongneup moor at Mt. Daeamsan, Korea. Journal of Ecology and Environment. The Ecological Society of Korea. https://doi.org/10.5141/jefb.2011.028",https://doi.org/10.5141/jefb.2011.028,,model_static,정적모델,False,broadleaf,298,1.0,True
20,,basin_presence_fraction_per_output_time,per_output_time_exact_interval,0,,minimum_fraction_no_hard_cell_floor,mapped_vegetation_classes_0_3,0.01,1.0,0,0,3,298,298,0,0,95_01,95,site_095,강원 인제군 대암산 용늪,123245.18995403372,624269.7896684073,5.9,4.8,5.35,0.1,100.0,5.300000000000001,12,5.9;5.8;5.7;5.6;5.5;5.4;5.3;5.2;5.1;5;4.9;4.8,14,6;5.9;5.8;5.7;5.6;5.5;5.4;5.3;5.2;5.1;5;4.9;4.8;4.7,4.9,1,95_01@4.9ka,palaeo_record_x_model_output_time,0.4499999999999993,활엽침엽수림-교목,2,mixed_forest,2,mixed_forest,0,298,0,0,0,0,0.0,0.0,0,0.0,0.0,2:0,0,0,"Jang, B.-O., Kang, S.-J., & Choi, K.-R. (2011, September 1). Vegetation history around Yongneup moor at Mt. Daeamsan, Korea. Journal of Ecology and Environment. The Ecological Society of Korea. https://doi.org/10.5141/jefb.2011.028",https://doi.org/10.5141/jefb.2011.028,,model_static,정적모델,False,broadleaf,298,1.0,True
20,,basin_presence_fraction_per_output_time,per_output_time_exact_interval,0,,minimum_fraction_no_hard_cell_floor,mapped_vegetation_classes_0_3,0.01,1.0,0,0,3,298,298,0,0,95_01,95,site_095,강원 인제군 대암산 용늪,123245.18995403372,624269.7896684073,5.9,4.8,5.35,0.1,100.0,5.300000000000001,12,5.9;5.8;5.7;5.6;5.5;5.4;5.3;5.2;5.1;5;4.9;4.8,14,6;5.9;5.8;5.7;5.6;5.5;5.4;5.3;5.2;5.1;5;4.9;4.8;4.7,4.8,1,95_01@4.8ka,palaeo_record_x_model_output_time,0.5499999999999998,활엽침엽수림-교목,2,mixed_forest,2,mixed_forest,0,298,0,0,0,0,0.0,0.0,0,0.0,0.0,2:0,0,0,"Jang, B.-O., Kang, S.-J., & Choi, K.-R. (2011, September 1). Vegetation history around Yongneup moor at Mt. Daeamsan, Korea. Journal of Ecology and Environment. The Ecological Society of Korea. https://doi.org/10.5141/jefb.2011.028",https://doi.org/10.5141/jefb.2011.028,,model_static,정적모델,False,broadleaf,298,1.0,True
20,,basin_presence_fraction_per_output_time,per_output_time_exact_interval,0,,minimum_fraction_no_hard_cell_floor,mapped_vegetation_classes_0_3,0.01,1.0,0,0,3,298,298,0,0,95_02,95,site_095,강원 인제군 대암산 용늪,123245.18995403372,624269.7896684073,4.8,3.4,4.1,0.1,100.0,4.1000000000000005,15,4.8;4.7;4.6;4.5;4.4;4.3;4.2;4.1;4;3.9;3.8;3.7;3.6;3.5;3.4,17,4.9;4.8;4.7;4.6;4.5;4.4;4.3;4.2;4.1;4;3.9;3.8;3.7;3.6;3.5;3.4;3.3,4.8,1,95_02@4.8ka,palaeo_record_x_model_output_time,0.7000000000000002,침엽수림-교목,0,conifer_forest,0,conifer_forest,0,298,0,0,0,0,0.0,0.0,0,0.0,0.0,0:0,0,0,"Jang, B.-O., Kang, S.-J., & Choi, K.-R. (2011, September 1). Vegetation history around Yongneup moor at Mt. Daeamsan, Korea. Journal of Ecology and Environment. The Ecological Society of Korea. https://doi.org/10.5141/jefb.2011.028",https://doi.org/10.5141/jefb.2011.028,,model_static,정적모델,False,mixed,0,0.0,False
20,,basin_presence_fraction_per_output_time,per_output_time_exact_interval,0,,minimum_fraction_no_hard_cell_floor,mapped_vegetation_classes_0_3,0.01,1.0,0,0,3,298,298,0,0,95_02,95,site_095,강원 인제군 대암산 용늪,123245.18995403372,624269.7896684073,4.8,3.4,4.1,0.1,100.0,4.1000000000000005,15,4.8;4.7;4.6;4.5;4.4;4.3;4.2;4.1;4;3.9;3.8;3.7;3.6;3.5;3.4,17,4.9;4.8;4.7;4.6;4.5;4.4;4.3;4.2;4.1;4;3.9;3.8;3.7;3.6;3.5;3.4;3.3,4.7,1,95_02@4.7ka,palaeo_record_x_model_output_time,0.6000000000000005,침엽수림-교목,0,conifer_forest,0,conifer_forest,0,298,0,0,0,0,0.0,0.0,0,0.0,0.0,0:0,0,0,"Jang, B.-O., Kang, S.-J., & Choi, K.-R. (2011, September 1). Vegetation history around Yongneup moor at Mt. Daeamsan, Korea. Journal of Ecology and Environment. The Ecological Society of Korea. https://doi.org/10.5141/jefb.2011.028",https://doi.org/10.5141/jefb.2011.028,,model_static,정적모델,False,mixed,0,0.0,False
20,,basin_presence_fraction_per_output_time,per_output_time_exact_interval,0,,minimum_fraction_no_hard_cell_floor,mapped_vegetation_classes_0_3,0.01,1.0,0,0,3,298,298,0,0,95_02,95,site_095,강원 인제군 대암산 용늪,123245.18995403372,624269.7896684073,4.8,3.4,4.1,0.1,100.0,4.1000000000000005,15,4.8;4.7;4.6;4.5;4.4;4.3;4.2;4.1;4;3.9;3.8;3.7;3.6;3.5;3.4,17,4.9;4.8;4.7;4.6;4.5;4.4;4.3;4.2;4.1;4;3.9;3.8;3.7;3.6;3.5;3.4;3.3,4.6,1,95_02@4.6ka,palaeo_record_x_model_output_time,0.5,침엽수림-교목,0,conifer_forest,0,conifer_forest,0,298,0,0,0,0,0.0,0.0,0,0.0,0.0,0:0,0,0,"Jang, B.-O., Kang, S.-J., & Choi, K.-R. (2011, September 1). Vegetation history around Yongneup moor at Mt. Daeamsan, Korea. Journal of Ecology and Environment. The Ecological Society of Korea. https://doi.org/10.5141/jefb.2011.028",https://doi.org/10.5141/jefb.2011.028,,model_static,정적모델,False,mixed,0,0.0,False
20,,basin_presence_fraction_per_output_time,per_output_time_exact_interval,0,,minimum_fraction_no_hard_cell_floor,mapped_vegetation_classes_0_3,0.01,1.0,0,0,3,298,298,0,0,95_02,95,site_095,강원 인제군 대암산 용늪,123245.18995403372,624269.7896684073,4.8,3.4,4.1,0.1,100.0,4.1000000000000005,15,4.8;4.7;4.6;4.5;4.4;4.3;4.2;4.1;4;3.9;3.8;3.7;3.6;3.5;3.4,17,4.9;4.8;4.7;4.6;4.5;4.4;4.3;4.2;4.1;4;3.9;3.8;3.7;3.6;3.5;3.4;3.3,4.5,1,95_02@4.5ka,palaeo_record_x_model_output_time,0.4000000000000003,침엽수림-교목,0,conifer_forest,0,conifer_forest,0,298,0,0,0,0,0.0,0.0,0,0.0,0.0,0:0,0,0,"Jang, B.-O., Kang, S.-J., & Choi, K.-R. (2011, September 1). Vegetation history around Yongneup moor at Mt. Daeamsan, Korea. Journal of Ecology and Environment. The Ecological Society of Korea. https://doi.org/10.5141/jefb.2011.028",https://doi.org/10.5141/jefb.2011.028,,model_static,정적모델,False,mixed,0,0.0,False
20,,basin_presence_fraction_per_output_time,per_output_time_exact_interval,0,,minimum_fraction_no_hard_cell_floor,mapped_vegetation_classes_0_3,0.01,1.0,0,0,3,298,298,0,0,95_02,95,site_095,강원 인제군 대암산 용늪,123245.18995403372,624269.7896684073,4.8,3.4,4.1,0.1,100.0,4.1000000000000005,15,4.8;4.7;4.6;4.5;4.4;4.3;4.2;4.1;4;3.9;3.8;3.7;3.6;3.5;3.4,17,4.9;4.8;4.7;4.6;4.5;4.4;4.3;4.2;4.1;4;3.9;3.8;3.7;3.6;3.5;3.4;3.3,4.4,1,95_02@4.4ka,palaeo_record_x_model_output_time,0.3000000000000007,침엽수림-교목,0,conifer_forest,0,conifer_forest,0,298,0,0,0,0,0.0,0.0,0,0.0,0.0,0:0,0,0,"Jang, B.-O., Kang, S.-J., & Choi, K.-R. (2011, September 1). Vegetation history around Yongneup moor at Mt. Daeamsan, Korea. Journal of Ecology and Environment. The Ecological Society of Korea. https://doi.org/10.5141/jefb.2011.028",https://doi.org/10.5141/jefb.2011.028,,model_static,정적모델,False,mixed,0,0.0,False
20,,basin_presence_fraction_per_output_time,per_output_time_exact_interval,0,,minimum_fraction_no_hard_cell_floor,mapped_vegetation_classes_0_3,0.01,1.0,0,0,3,298,298,0,0,95_02,95,site_095,강원 인제군 대암산 용늪,123245.18995403372,624269.7896684073,4.8,3.4,4.1,0.1,100.0,4.1000000000000005,15,4.8;4.7;4.6;4.5;4.4;4.3;4.2;4.1;4;3.9;3.8;3.7;3.6;3.5;3.4,17,4.9;4.8;4.7;4.6;4.5;4.4;4.3;4.2;4.1;4;3.9;3.8;3.7;3.6;3.5;3.4;3.3,4.3,1,95_02@4.3ka,palaeo_record_x_model_output_time,0.2000000000000001,침엽수림-교목,0,conifer_forest,0,conifer_forest,0,0,298,0,0,0,0.0,0.0,0,0.0,0.0,0:0,0,0,"Jang, B.-O., Kang, S.-J., & Choi, K.-R. (2011, September 1). Vegetation history around Yongneup moor at Mt. Daeamsan, Korea. Journal of Ecology and Environment. The Ecological Society of Korea. https://doi.org/10.5141/jefb.2011.028",https://doi.org/10.5141/jefb.2011.028,,model_static,정적모델,False,mixed,298,1.0,True
20,,basin_presence_fraction_per_output_time,per_output_time_exact_interval,0,,minimum_fraction_no_hard_cell_floor,mapped_vegetation_classes_0_3,0.01,1.0,0,0,3,298,298,0,0,95_02,95,site_095,강원 인제군 대암산 용늪,123245.18995403372,624269.7896684073,4.8,3.4,4.1,0.1,100.0,4.1000000000000005,15,4.8;4.7;4.6;4.5;4.4;4.3;4.2;4.1;4;3.9;3.8;3.7;3.6;3.5;3.4,17,4.9;4.8;4.7;4.6;4.5;4.4;4.3;4.2;4.1;4;3.9;3.8;3.7;3.6;3.5;3.4;3.3,4.2,1,95_02@4.2ka,palaeo_record_x_model_output_time,0.1000000000000005,침엽수림-교목,0,conifer_forest,0,conifer_forest,0,287,11,0,0,0,0.0,0.0,0,0.0,0.0,0:0,0,0,"Jang, B.-O., Kang, S.-J., & Choi, K.-R. (2011, September 1). Vegetation history around Yongneup moor at Mt. Daeamsan, Korea. Journal of Ecology and Environment. The Ecological Society of Korea. https://doi.org/10.5141/jefb.2011.028",https://doi.org/10.5141/jefb.2011.028,,model_static,정적모델,False,mixed,11,0.03691275167785235,True
20,,basin_presence_fraction_per_output_time,per_output_time_exact_interval,0,,minimum_fraction_no_hard_cell_floor,mapped_vegetation_classes_0_3,0.01,1.0,0,0,3,298,298,0,0,95_02,95,site_095,강원 인제군 대암산 용늪,123245.18995403372,624269.7896684073,4.8,3.4,4.1,0.1,100.0,4.1000000000000005,15,4.8;4.7;4.6;4.5;4.4;4.3;4.2;4.1;4;3.9;3.8;3.7;3.6;3.5;3.4,17,4.9;4.8;4.7;4.6;4.5;4.4;4.3;4.2;4.1;4;3.9;3.8;3.7;3.6;3.5;3.4;3.3,4.1,1,95_02@4.1ka,palaeo_record_x_model_output_time,0.0,침엽수림-교목,0,conifer_forest,0,conifer_forest,0,0,298,0,0,0,0.0,0.0,0,0.0,0.0,0:0,0,0,"Jang, B.-O., Kang, S.-J., & Choi, K.-R. (2011, September 1). Vegetation history around Yongneup moor at Mt. Daeamsan, Korea. Journal of Ecology and Environment. The Ecological Society of Korea. https://doi.org/10.5141/jefb.2011.028",https://doi.org/10.5141/jefb.2011.028,,model_static,정적모델,False,mixed,298,1.0,True
20,,basin_presence_fraction_per_output_time,per_output_time_exact_interval,0,,minimum_fraction_no_hard_cell_floor,mapped_vegetation_classes_0_3,0.01,1.0,0,0,3,298,298,0,0,95_02,95,site_095,강원 인제군 대암산 용늪,123245.18995403372,624269.7896684073,4.8,3.4,4.1,0.1,100.0,4.1000000000000005,15,4.8;4.7;4.6;4.5;4.4;4.3;4.2;4.1;4;3.9;3.8;3.7;3.6;3.5;3.4,17,4.9;4.8;4.7;4.6;4.5;4.4;4.3;4.2;4.1;4;3.9;3.8;3.7;3.6;3.5;3.4;3.3,4.0,1,95_02@4ka,palaeo_record_x_model_output_time,0.0999999999999996,침엽수림-교목,0,conifer_forest,0,conifer_forest,0,298,0,0,0,0,0.0,0.0,0,0.0,0.0,0:0,0,0,"Jang, B.-O., Kang, S.-J., & Choi, K.-R. (2011, September 1). Vegetation history around Yongneup moor at Mt. Daeamsan, Korea. Journal of Ecology and Environment. The Ecological Society of Korea. https://doi.org/10.5141/jefb.2011.028",https://doi.org/10.5141/jefb.2011.028,,model_static,정적모델,False,mixed,0,0.0,False
20,,basin_presence_fraction_per_output_time,per_output_time_exact_interval,0,,minimum_fraction_no_hard_cell_floor,mapped_vegetation_classes_0_3,0.01,1.0,0,0,3,298,298,0,0,95_02,95,site_095,강원 인제군 대암산 용늪,123245.18995403372,624269.7896684073,4.8,3.4,4.1,0.1,100.0,4.1000000000000005,15,4.8;4.7;4.6;4.5;4.4;4.3;4.2;4.1;4;3.9;3.8;3.7;3.6;3.5;3.4,17,4.9;4.8;4.7;4.6;4.5;4.4;4.3;4.2;4.1;4;3.9;3.8;3.7;3.6;3.5;3.4;3.3,3.9,1,95_02@3.9ka,palaeo_record_x_model_output_time,0.1999999999999997,침엽수림-교목,0,conifer_forest,0,conifer_forest,0,0,298,0,0,0,0.0,0.0,0,0.0,0.0,0:0,0,0,"Jang, B.-O., Kang, S.-J., & Choi, K.-R. (2011, September 1). Vegetation history around Yongneup moor at Mt. Daeamsan, Korea. Journal of Ecology and Environment. The Ecological Society of Korea. https://doi.org/10.5141/jefb.2011.028",https://doi.org/10.5141/jefb.2011.028,,model_static,정적모델,False,mixed,298,1.0,True
20,,basin_presence_fraction_per_output_time,per_output_time_exact_interval,0,,minimum_fraction_no_hard_cell_floor,mapped_vegetation_classes_0_3,0.01,1.0,0,0,3,298,298,0,0,95_02,95,site_095,강원 인제군 대암산 용늪,123245.18995403372,624269.7896684073,4.8,3.4,4.1,0.1,100.0,4.1000000000000005,15,4.8;4.7;4.6;4.5;4.4;4.3;4.2;4.1;4;3.9;3.8;3.7;3.6;3.5;3.4,17,4.9;4.8;4.7;4.6;4.5;4.4;4.3;4.2;4.1;4;3.9;3.8;3.7;3.6;3.5;3.4;3.3,3.8,1,95_02@3.8ka,palaeo_record_x_model_output_time,0.2999999999999998,침엽수림-교목,0,conifer_forest,0,conifer_forest,0,0,298,0,0,0,0.0,0.0,0,0.0,0.0,0:0,0,0,"Jang, B.-O., Kang, S.-J., & Choi, K.-R. (2011, September 1). Vegetation history around Yongneup moor at Mt. Daeamsan, Korea. Journal of Ecology and Environment. The Ecological Society of Korea. https://doi.org/10.5141/jefb.2011.028",https://doi.org/10.5141/jefb.2011.028,,model_static,정적모델,False,mixed,298,1.0,True
20,,basin_presence_fraction_per_output_time,per_output_time_exact_interval,0,,minimum_fraction_no_hard_cell_floor,mapped_vegetation_classes_0_3,0.01,1.0,0,0,3,298,298,0,0,95_02,95,site_095,강원 인제군 대암산 용늪,123245.18995403372,624269.7896684073,4.8,3.4,4.1,0.1,100.0,4.1000000000000005,15,4.8;4.7;4.6;4.5;4.4;4.3;4.2;4.1;4;3.9;3.8;3.7;3.6;3.5;3.4,17,4.9;4.8;4.7;4.6;4.5;4.4;4.3;4.2;4.1;4;3.9;3.8;3.7;3.6;3.5;3.4;3.3,3.7,1,95_02@3.7ka,palaeo_record_x_model_output_time,0.3999999999999994,침엽수림-교목,0,conifer_forest,0,conifer_forest,0,0,298,0,0,0,0.0,0.0,0,0.0,0.0,0:0,0,0,"Jang, B.-O., Kang, S.-J., & Choi, K.-R. (2011, September 1). Vegetation history around Yongneup moor at Mt. Daeamsan, Korea. Journal of Ecology and Environment. The Ecological Society of Korea. https://doi.org/10.5141/jefb.2011.028",https://doi.org/10.5141/jefb.2011.028,,model_static,정적모델,False,mixed,298,1.0,True
20,,basin_presence_fraction_per_output_time,per_output_time_exact_interval,0,,minimum_fraction_no_hard_cell_floor,mapped_vegetation_classes_0_3,0.01,1.0,0,0,3,298,298,0,0,95_02,95,site_095,강원 인제군 대암산 용늪,123245.18995403372,624269.7896684073,4.8,3.4,4.1,0.1,100.0,4.1000000000000005,15,4.8;4.7;4.6;4.5;4.4;4.3;4.2;4.1;4;3.9;3.8;3.7;3.6;3.5;3.4,17,4.9;4.8;4.7;4.6;4.5;4.4;4.3;4.2;4.1;4;3.9;3.8;3.7;3.6;3.5;3.4;3.3,3.6,1,95_02@3.6ka,palaeo_record_x_model_output_time,0.4999999999999995,침엽수림-교목,0,conifer_forest,0,conifer_forest,0,4,294,0,0,0,0.0,0.0,0,0.0,0.0,0:0,0,0,"Jang, B.-O., Kang, S.-J., & Choi, K.-R. (2011, September 1). Vegetation history around Yongneup moor at Mt. Daeamsan, Korea. Journal of Ecology and Environment. The Ecological Society of Korea. https://doi.org/10.5141/jefb.2011.028",https://doi.org/10.5141/jefb.2011.028,,model_static,정적모델,False,mixed,294,0.9865771812080537,True
20,,basin_presence_fraction_per_output_time,per_output_time_exact_interval,0,,minimum_fraction_no_hard_cell_floor,mapped_vegetation_classes_0_3,0.01,1.0,0,0,3,298,298,0,0,95_02,95,site_095,강원 인제군 대암산 용늪,123245.18995403372,624269.7896684073,4.8,3.4,4.1,0.1,100.0,4.1000000000000005,15,4.8;4.7;4.6;4.5;4.4;4.3;4.2;4.1;4;3.9;3.8;3.7;3.6;3.5;3.4,17,4.9;4.8;4.7;4.6;4.5;4.4;4.3;4.2;4.1;4;3.9;3.8;3.7;3.6;3.5;3.4;3.3,3.5,1,95_02@3.5ka,palaeo_record_x_model_output_time,0.5999999999999996,침엽수림-교목,0,conifer_forest,0,conifer_forest,0,0,298,0,0,0,0.0,0.0,0,0.0,0.0,0:0,0,0,"Jang, B.-O., Kang, S.-J., & Choi, K.-R. (2011, September 1). Vegetation history around Yongneup moor at Mt. Daeamsan, Korea. Journal of Ecology and Environment. The Ecological Society of Korea. https://doi.org/10.5141/jefb.2011.028",https://doi.org/10.5141/jefb.2011.028,,model_static,정적모델,False,mixed,298,1.0,True
20,,basin_presence_fraction_per_output_time,per_output_time_exact_interval,0,,minimum_fraction_no_hard_cell_floor,mapped_vegetation_classes_0_3,0.01,1.0,0,0,3,298,298,0,0,95_02,95,site_095,강원 인제군 대암산 용늪,123245.18995403372,624269.7896684073,4.8,3.4,4.1,0.1,100.0,4.1000000000000005,15,4.8;4.7;4.6;4.5;4.4;4.3;4.2;4.1;4;3.9;3.8;3.7;3.6;3.5;3.4,17,4.9;4.8;4.7;4.6;4.5;4.4;4.3;4.2;4.1;4;3.9;3.8;3.7;3.6;3.5;3.4;3.3,3.4,1,95_02@3.4ka,palaeo_record_x_model_output_time,0.6999999999999997,침엽수림-교목,0,conifer_forest,0,conifer_forest,0,0,298,0,0,0,0.0,0.0,0,0.0,0.0,0:0,0,0,"Jang, B.-O., Kang, S.-J., & Choi, K.-R. (2011, September 1). Vegetation history around Yongneup moor at Mt. Daeamsan, Korea. Journal of Ecology and Environment. The Ecological Society of Korea. https://doi.org/10.5141/jefb.2011.028",https://doi.org/10.5141/jefb.2011.028,,model_static,정적모델,False,mixed,298,1.0,True
20,,basin_presence_fraction_per_output_time,per_output_time_exact_interval,0,,minimum_fraction_no_hard_cell_floor,mapped_vegetation_classes_0_3,0.01,1.0,0,0,3,298,298,0,0,95_03,95,site_095,강원 인제군 대암산 용늪,123245.18995403372,624269.7896684073,3.4,0.39,1.895,0.1,100.0,1.9,31,3.4;3.3;3.2;3.1;3;2.9;2.8;2.7;2.6;2.5;2.4;2.3;2.2;2.1;2;1.9;1.8;1.7;1.6;1.5;1.4;1.3;1.2;1.1;1;0.9;0.8;0.7;0.6;0.5;0.4,33,3.5;3.4;3.3;3.2;3.1;3;2.9;2.8;2.7;2.6;2.5;2.4;2.3;2.2;2.1;2;1.9;1.8;1.7;1.6;1.5;1.4;1.3;1.2;1.1;1;0.9;0.8;0.7;0.6;0.5;0.4;0.3,3.4,1,95_03@3.4ka,palaeo_record_x_model_output_time,1.505,낙엽활엽수림-교목,1,deciduous_broadleaf_forest,1,deciduous_broadleaf_forest,0,0,298,0,0,0,0.0,0.0,0,0.0,0.0,1:0,0,0,"Jang, B.-O., Kang, S.-J., & Choi, K.-R. (2011, September 1). Vegetation history around Yongneup moor at Mt. Daeamsan, Korea. Journal of Ecology and Environment. The Ecological Society of Korea. https://doi.org/10.5141/jefb.2011.028",https://doi.org/10.5141/jefb.2011.028,,model_static,정적모델,False,broadleaf,0,0.0,False
20,,basin_presence_fraction_per_output_time,per_output_time_exact_interval,0,,minimum_fraction_no_hard_cell_floor,mapped_vegetation_classes_0_3,0.01,1.0,0,0,3,298,298,0,0,95_03,95,site_095,강원 인제군 대암산 용늪,123245.18995403372,624269.7896684073,3.4,0.39,1.895,0.1,100.0,1.9,31,3.4;3.3;3.2;3.1;3;2.9;2.8;2.7;2.6;2.5;2.4;2.3;2.2;2.1;2;1.9;1.8;1.7;1.6;1.5;1.4;1.3;1.2;1.1;1;0.9;0.8;0.7;0.6;0.5;0.4,33,3.5;3.4;3.3;3.2;3.1;3;2.9;2.8;2.7;2.6;2.5;2.4;2.3;2.2;2.1;2;1.9;1.8;1.7;1.6;1.5;1.4;1.3;1.2;1.1;1;0.9;0.8;0.7;0.6;0.5;0.4;0.3,3.3,1,95_03@3.3ka,palaeo_record_x_model_output_time,1.4049999999999998,낙엽활엽수림-교목,1,deciduous_broadleaf_forest,1,deciduous_broadleaf_forest,0,0,298,0,0,0,0.0,0.0,0,0.0,0.0,1:0,0,0,"Jang, B.-O., Kang, S.-J., & Choi, K.-R. (2011, September 1). Vegetation history around Yongneup moor at Mt. Daeamsan, Korea. Journal of Ecology and Environment. The Ecological Society of Korea. https://doi.org/10.5141/jefb.2011.028",https://doi.org/10.5141/jefb.2011.028,,model_static,정적모델,False,broadleaf,0,0.0,False
20,,basin_presence_fraction_per_output_time,per_output_time_exact_interval,0,,minimum_fraction_no_hard_cell_floor,mapped_vegetation_classes_0_3,0.01,1.0,0,0,3,298,298,0,0,95_03,95,site_095,강원 인제군 대암산 용늪,123245.18995403372,624269.7896684073,3.4,0.39,1.895,0.1,100.0,1.9,31,3.4;3.3;3.2;3.1;3;2.9;2.8;2.7;2.6;2.5;2.4;2.3;2.2;2.1;2;1.9;1.8;1.7;1.6;1.5;1.4;1.3;1.2;1.1;1;0.9;0.8;0.7;0.6;0.5;0.4,33,3.5;3.4;3.3;3.2;3.1;3;2.9;2.8;2.7;2.6;2.5;2.4;2.3;2.2;2.1;2;1.9;1.8;1.7;1.6;1.5;1.4;1.3;1.2;1.1;1;0.9;0.8;0.7;0.6;0.5;0.4;0.3,3.2,1,95_03@3.2ka,palaeo_record_x_model_output_time,1.3050000000000002,낙엽활엽수림-교목,1,deciduous_broadleaf_forest,1,deciduous_broadleaf_forest,0,0,298,0,0,0,0.0,0.0,0,0.0,0.0,1:0,0,0,"Jang, B.-O., Kang, S.-J., & Choi, K.-R. (2011, September 1). Vegetation history around Yongneup moor at Mt. Daeamsan, Korea. Journal of Ecology and Environment. The Ecological Society of Korea. https://doi.org/10.5141/jefb.2011.028",https://doi.org/10.5141/jefb.2011.028,,model_static,정적모델,False,broadleaf,0,0.0,False
20,,basin_presence_fraction_per_output_time,per_output_time_exact_interval,0,,minimum_fraction_no_hard_cell_floor,mapped_vegetation_classes_0_3,0.01,1.0,0,0,3,298,298,0,0,95_03,95,site_095,강원 인제군 대암산 용늪,123245.18995403372,624269.7896684073,3.4,0.39,1.895,0.1,100.0,1.9,31,3.4;3.3;3.2;3.1;3;2.9;2.8;2.7;2.6;2.5;2.4;2.3;2.2;2.1;2;1.9;1.8;1.7;1.6;1.5;1.4;1.3;1.2;1.1;1;0.9;0.8;0.7;0.6;0.5;0.4,33,3.5;3.4;3.3;3.2;3.1;3;2.9;2.8;2.7;2.6;2.5;2.4;2.3;2.2;2.1;2;1.9;1.8;1.7;1.6;1.5;1.4;1.3;1.2;1.1;1;0.9;0.8;0.7;0.6;0.5;0.4;0.3,3.1,1,95_03@3.1ka,palaeo_record_x_model_output_time,1.205,낙엽활엽수림-교목,1,deciduous_broadleaf_forest,1,deciduous_broadleaf_forest,0,0,298,0,0,0,0.0,0.0,0,0.0,0.0,1:0,0,0,"Jang, B.-O., Kang, S.-J., & Choi, K.-R. (2011, September 1). Vegetation history around Yongneup moor at Mt. Daeamsan, Korea. Journal of Ecology and Environment. The Ecological Society of Korea. https://doi.org/10.5141/jefb.2011.028",https://doi.org/10.5141/jefb.2011.028,,model_static,정적모델,False,broadleaf,0,0.0,False
20,,basin_presence_fraction_per_output_time,per_output_time_exact_interval,0,,minimum_fraction_no_hard_cell_floor,mapped_vegetation_classes_0_3,0.01,1.0,0,0,3,298,298,0,0,95_03,95,site_095,강원 인제군 대암산 용늪,123245.18995403372,624269.7896684073,3.4,0.39,1.895,0.1,100.0,1.9,31,3.4;3.3;3.2;3.1;3;2.9;2.8;2.7;2.6;2.5;2.4;2.3;2.2;2.1;2;1.9;1.8;1.7;1.6;1.5;1.4;1.3;1.2;1.1;1;0.9;0.8;0.7;0.6;0.5;0.4,33,3.5;3.4;3.3;3.2;3.1;3;2.9;2.8;2.7;2.6;2.5;2.4;2.3;2.2;2.1;2;1.9;1.8;1.7;1.6;1.5;1.4;1.3;1.2;1.1;1;0.9;0.8;0.7;0.6;0.5;0.4;0.3,3.0,1,95_03@3ka,palaeo_record_x_model_output_time,1.105,낙엽활엽수림-교목,1,deciduous_broadleaf_forest,1,deciduous_broadleaf_forest,0,0,298,0,0,0,0.0,0.0,0,0.0,0.0,1:0,0,0,"Jang, B.-O., Kang, S.-J., & Choi, K.-R. (2011, September 1). Vegetation history around Yongneup moor at Mt. Daeamsan, Korea. Journal of Ecology and Environment. The Ecological Society of Korea. https://doi.org/10.5141/jefb.2011.028",https://doi.org/10.5141/jefb.2011.028,,model_static,정적모델,False,broadleaf,0,0.0,False
20,,basin_presence_fraction_per_output_time,per_output_time_exact_interval,0,,minimum_fraction_no_hard_cell_floor,mapped_vegetation_classes_0_3,0.01,1.0,0,0,3,298,298,0,0,95_03,95,site_095,강원 인제군 대암산 용늪,123245.18995403372,624269.7896684073,3.4,0.39,1.895,0.1,100.0,1.9,31,3.4;3.3;3.2;3.1;3;2.9;2.8;2.7;2.6;2.5;2.4;2.3;2.2;2.1;2;1.9;1.8;1.7;1.6;1.5;1.4;1.3;1.2;1.1;1;0.9;0.8;0.7;0.6;0.5;0.4,33,3.5;3.4;3.3;3.2;3.1;3;2.9;2.8;2.7;2.6;2.5;2.4;2.3;2.2;2.1;2;1.9;1.8;1.7;1.6;1.5;1.4;1.3;1.2;1.1;1;0.9;0.8;0.7;0.6;0.5;0.4;0.3,2.9,1,95_03@2.9ka,palaeo_record_x_model_output_time,1.005,낙엽활엽수림-교목,1,deciduous_broadleaf_forest,1,deciduous_broadleaf_forest,0,0,298,0,0,0,0.0,0.0,0,0.0,0.0,1:0,0,0,"Jang, B.-O., Kang, S.-J., & Choi, K.-R. (2011, September 1). Vegetation history around Yongneup moor at Mt. Daeamsan, Korea. Journal of Ecology and Environment. The Ecological Society of Korea. https://doi.org/10.5141/jefb.2011.028",https://doi.org/10.5141/jefb.2011.028,,model_static,정적모델,False,broadleaf,0,0.0,False
20,,basin_presence_fraction_per_output_time,per_output_time_exact_interval,0,,minimum_fraction_no_hard_cell_floor,mapped_vegetation_classes_0_3,0.01,1.0,0,0,3,298,298,0,0,95_03,95,site_095,강원 인제군 대암산 용늪,123245.18995403372,624269.7896684073,3.4,0.39,1.895,0.1,100.0,1.9,31,3.4;3.3;3.2;3.1;3;2.9;2.8;2.7;2.6;2.5;2.4;2.3;2.2;2.1;2;1.9;1.8;1.7;1.6;1.5;1.4;1.3;1.2;1.1;1;0.9;0.8;0.7;0.6;0.5;0.4,33,3.5;3.4;3.3;3.2;3.1;3;2.9;2.8;2.7;2.6;2.5;2.4;2.3;2.2;2.1;2;1.9;1.8;1.7;1.6;1.5;1.4;1.3;1.2;1.1;1;0.9;0.8;0.7;0.6;0.5;0.4;0.3,2.8,1,95_03@2.8ka,palaeo_record_x_model_output_time,0.9049999999999998,낙엽활엽수림-교목,1,deciduous_broadleaf_forest,1,deciduous_broadleaf_forest,0,0,298,0,0,0,0.0,0.0,0,0.0,0.0,1:0,0,0,"Jang, B.-O., Kang, S.-J., & Choi, K.-R. (2011, September 1). Vegetation history around Yongneup moor at Mt. Daeamsan, Korea. Journal of Ecology and Environment. The Ecological Society of Korea. https://doi.org/10.5141/jefb.2011.028",https://doi.org/10.5141/jefb.2011.028,,model_static,정적모델,False,broadleaf,0,0.0,False
20,,basin_presence_fraction_per_output_time,per_output_time_exact_interval,0,,minimum_fraction_no_hard_cell_floor,mapped_vegetation_classes_0_3,0.01,1.0,0,0,3,298,298,0,0,95_03,95,site_095,강원 인제군 대암산 용늪,123245.18995403372,624269.7896684073,3.4,0.39,1.895,0.1,100.0,1.9,31,3.4;3.3;3.2;3.1;3;2.9;2.8;2.7;2.6;2.5;2.4;2.3;2.2;2.1;2;1.9;1.8;1.7;1.6;1.5;1.4;1.3;1.2;1.1;1;0.9;0.8;0.7;0.6;0.5;0.4,33,3.5;3.4;3.3;3.2;3.1;3;2.9;2.8;2.7;2.6;2.5;2.4;2.3;2.2;2.1;2;1.9;1.8;1.7;1.6;1.5;1.4;1.3;1.2;1.1;1;0.9;0.8;0.7;0.6;0.5;0.4;0.3,2.7,1,95_03@2.7ka,palaeo_record_x_model_output_time,0.8050000000000002,낙엽활엽수림-교목,1,deciduous_broadleaf_forest,1,deciduous_broadleaf_forest,0,0,298,0,0,0,0.0,0.0,0,0.0,0.0,1:0,0,0,"Jang, B.-O., Kang, S.-J., & Choi, K.-R. (2011, September 1). Vegetation history around Yongneup moor at Mt. Daeamsan, Korea. Journal of Ecology and Environment. The Ecological Society of Korea. https://doi.org/10.5141/jefb.2011.028",https://doi.org/10.5141/jefb.2011.028,,model_static,정적모델,False,broadleaf,0,0.0,False
20,,basin_presence_fraction_per_output_time,per_output_time_exact_interval,0,,minimum_fraction_no_hard_cell_floor,mapped_vegetation_classes_0_3,0.01,1.0,0,0,3,298,298,0,0,95_03,95,site_095,강원 인제군 대암산 용늪,123245.18995403372,624269.7896684073,3.4,0.39,1.895,0.1,100.0,1.9,31,3.4;3.3;3.2;3.1;3;2.9;2.8;2.7;2.6;2.5;2.4;2.3;2.2;2.1;2;1.9;1.8;1.7;1.6;1.5;1.4;1.3;1.2;1.1;1;0.9;0.8;0.7;0.6;0.5;0.4,33,3.5;3.4;3.3;3.2;3.1;3;2.9;2.8;2.7;2.6;2.5;2.4;2.3;2.2;2.1;2;1.9;1.8;1.7;1.6;1.5;1.4;1.3;1.2;1.1;1;0.9;0.8;0.7;0.6;0.5;0.4;0.3,2.6,1,95_03@2.6ka,palaeo_record_x_model_output_time,0.7050000000000001,낙엽활엽수림-교목,1,deciduous_broadleaf_forest,1,deciduous_broadleaf_forest,0,0,298,0,0,0,0.0,0.0,0,0.0,0.0,1:0,0,0,"Jang, B.-O., Kang, S.-J., & Choi, K.-R. (2011, September 1). Vegetation history around Yongneup moor at Mt. Daeamsan, Korea. Journal of Ecology and Environment. The Ecological Society of Korea. https://doi.org/10.5141/jefb.2011.028",https://doi.org/10.5141/jefb.2011.028,,model_static,정적모델,False,broadleaf,0,0.0,False
20,,basin_presence_fraction_per_output_time,per_output_time_exact_interval,0,,minimum_fraction_no_hard_cell_floor,mapped_vegetation_classes_0_3,0.01,1.0,0,0,3,298,298,0,0,95_03,95,site_095,강원 인제군 대암산 용늪,123245.18995403372,624269.7896684073,3.4,0.39,1.895,0.1,100.0,1.9,31,3.4;3.3;3.2;3.1;3;2.9;2.8;2.7;2.6;2.5;2.4;2.3;2.2;2.1;2;1.9;1.8;1.7;1.6;1.5;1.4;1.3;1.2;1.1;1;0.9;0.8;0.7;0.6;0.5;0.4,33,3.5;3.4;3.3;3.2;3.1;3;2.9;2.8;2.7;2.6;2.5;2.4;2.3;2.2;2.1;2;1.9;1.8;1.7;1.6;1.5;1.4;1.3;1.2;1.1;1;0.9;0.8;0.7;0.6;0.5;0.4;0.3,2.5,1,95_03@2.5ka,palaeo_record_x_model_output_time,0.605,낙엽활엽수림-교목,1,deciduous_broadleaf_forest,1,deciduous_broadleaf_forest,0,0,298,0,0,0,0.0,0.0,0,0.0,0.0,1:0,0,0,"Jang, B.-O., Kang, S.-J., & Choi, K.-R. (2011, September 1). Vegetation history around Yongneup moor at Mt. Daeamsan, Korea. Journal of Ecology and Environment. The Ecological Society of Korea. https://doi.org/10.5141/jefb.2011.028",https://doi.org/10.5141/jefb.2011.028,,model_static,정적모델,False,broadleaf,0,0.0,False
20,,basin_presence_fraction_per_output_time,per_output_time_exact_interval,0,,minimum_fraction_no_hard_cell_floor,mapped_vegetation_classes_0_3,0.01,1.0,0,0,3,298,298,0,0,95_03,95,site_095,강원 인제군 대암산 용늪,123245.18995403372,624269.7896684073,3.4,0.39,1.895,0.1,100.0,1.9,31,3.4;3.3;3.2;3.1;3;2.9;2.8;2.7;2.6;2.5;2.4;2.3;2.2;2.1;2;1.9;1.8;1.7;1.6;1.5;1.4;1.3;1.2;1.1;1;0.9;0.8;0.7;0.6;0.5;0.4,33,3.5;3.4;3.3;3.2;3.1;3;2.9;2.8;2.7;2.6;2.5;2.4;2.3;2.2;2.1;2;1.9;1.8;1.7;1.6;1.5;1.4;1.3;1.2;1.1;1;0.9;0.8;0.7;0.6;0.5;0.4;0.3,2.4,1,95_03@2.4ka,palaeo_record_x_model_output_time,0.5049999999999999,낙엽활엽수림-교목,1,deciduous_broadleaf_forest,1,deciduous_broadleaf_forest,0,0,298,0,0,0,0.0,0.0,0,0.0,0.0,1:0,0,0,"Jang, B.-O., Kang, S.-J., & Choi, K.-R. (2011, September 1). Vegetation history around Yongneup moor at Mt. Daeamsan, Korea. Journal of Ecology and Environment. The Ecological Society of Korea. https://doi.org/10.5141/jefb.2011.028",https://doi.org/10.5141/jefb.2011.028,,model_static,정적모델,False,broadleaf,0,0.0,False
20,,basin_presence_fraction_per_output_time,per_output_time_exact_interval,0,,minimum_fraction_no_hard_cell_floor,mapped_vegetation_classes_0_3,0.01,1.0,0,0,3,298,298,0,0,95_03,95,site_095,강원 인제군 대암산 용늪,123245.18995403372,624269.7896684073,3.4,0.39,1.895,0.1,100.0,1.9,31,3.4;3.3;3.2;3.1;3;2.9;2.8;2.7;2.6;2.5;2.4;2.3;2.2;2.1;2;1.9;1.8;1.7;1.6;1.5;1.4;1.3;1.2;1.1;1;0.9;0.8;0.7;0.6;0.5;0.4,33,3.5;3.4;3.3;3.2;3.1;3;2.9;2.8;2.7;2.6;2.5;2.4;2.3;2.2;2.1;2;1.9;1.8;1.7;1.6;1.5;1.4;1.3;1.2;1.1;1;0.9;0.8;0.7;0.6;0.5;0.4;0.3,2.3,1,95_03@2.3ka,palaeo_record_x_model_output_time,0.4049999999999998,낙엽활엽수림-교목,1,deciduous_broadleaf_forest,1,deciduous_broadleaf_forest,0,0,298,0,0,0,0.0,0.0,0,0.0,0.0,1:0,0,0,"Jang, B.-O., Kang, S.-J., & Choi, K.-R. (2011, September 1). Vegetation history around Yongneup moor at Mt. Daeamsan, Korea. Journal of Ecology and Environment. The Ecological Society of Korea. https://doi.org/10.5141/jefb.2011.028",https://doi.org/10.5141/jefb.2011.028,,model_static,정적모델,False,broadleaf,0,0.0,False
20,,basin_presence_fraction_per_output_time,per_output_time_exact_interval,0,,minimum_fraction_no_hard_cell_floor,mapped_vegetation_classes_0_3,0.01,1.0,0,0,3,298,298,0,0,95_03,95,site_095,강원 인제군 대암산 용늪,123245.18995403372,624269.7896684073,3.4,0.39,1.895,0.1,100.0,1.9,31,3.4;3.3;3.2;3.1;3;2.9;2.8;2.7;2.6;2.5;2.4;2.3;2.2;2.1;2;1.9;1.8;1.7;1.6;1.5;1.4;1.3;1.2;1.1;1;0.9;0.8;0.7;0.6;0.5;0.4,33,3.5;3.4;3.3;3.2;3.1;3;2.9;2.8;2.7;2.6;2.5;2.4;2.3;2.2;2.1;2;1.9;1.8;1.7;1.6;1.5;1.4;1.3;1.2;1.1;1;0.9;0.8;0.7;0.6;0.5;0.4;0.3,2.2,1,95_03@2.2ka,palaeo_record_x_model_output_time,0.3050000000000001,낙엽활엽수림-교목,1,deciduous_broadleaf_forest,1,deciduous_broadleaf_forest,0,0,298,0,0,0,0.0,0.0,0,0.0,0.0,1:0,0,0,"Jang, B.-O., Kang, S.-J., & Choi, K.-R. (2011, September 1). Vegetation history around Yongneup moor at Mt. Daeamsan, Korea. Journal of Ecology and Environment. The Ecological Society of Korea. https://doi.org/10.5141/jefb.2011.028",https://doi.org/10.5141/jefb.2011.028,,model_static,정적모델,False,broadleaf,0,0.0,False
20,,basin_presence_fraction_per_output_time,per_output_time_exact_interval,0,,minimum_fraction_no_hard_cell_floor,mapped_vegetation_classes_0_3,0.01,1.0,0,0,3,298,298,0,0,95_03,95,site_095,강원 인제군 대암산 용늪,123245.18995403372,624269.7896684073,3.4,0.39,1.895,0.1,100.0,1.9,31,3.4;3.3;3.2;3.1;3;2.9;2.8;2.7;2.6;2.5;2.4;2.3;2.2;2.1;2;1.9;1.8;1.7;1.6;1.5;1.4;1.3;1.2;1.1;1;0.9;0.8;0.7;0.6;0.5;0.4,33,3.5;3.4;3.3;3.2;3.1;3;2.9;2.8;2.7;2.6;2.5;2.4;2.3;2.2;2.1;2;1.9;1.8;1.7;1.6;1.5;1.4;1.3;1.2;1.1;1;0.9;0.8;0.7;0.6;0.5;0.4;0.3,2.1,1,95_03@2.1ka,palaeo_record_x_model_output_time,0.205,낙엽활엽수림-교목,1,deciduous_broadleaf_forest,1,deciduous_broadleaf_forest,0,0,298,0,0,0,0.0,0.0,0,0.0,0.0,1:0,0,0,"Jang, B.-O., Kang, S.-J., & Choi, K.-R. (2011, September 1). Vegetation history around Yongneup moor at Mt. Daeamsan, Korea. Journal of Ecology and Environment. The Ecological Society of Korea. https://doi.org/10.5141/jefb.2011.028",https://doi.org/10.5141/jefb.2011.028,,model_static,정적모델,False,broadleaf,0,0.0,False
20,,basin_presence_fraction_per_output_time,per_output_time_exact_interval,0,,minimum_fraction_no_hard_cell_floor,mapped_vegetation_classes_0_3,0.01,1.0,0,0,3,298,298,0,0,95_03,95,site_095,강원 인제군 대암산 용늪,123245.18995403372,624269.7896684073,3.4,0.39,1.895,0.1,100.0,1.9,31,3.4;3.3;3.2;3.1;3;2.9;2.8;2.7;2.6;2.5;2.4;2.3;2.2;2.1;2;1.9;1.8;1.7;1.6;1.5;1.4;1.3;1.2;1.1;1;0.9;0.8;0.7;0.6;0.5;0.4,33,3.5;3.4;3.3;3.2;3.1;3;2.9;2.8;2.7;2.6;2.5;2.4;2.3;2.2;2.1;2;1.9;1.8;1.7;1.6;1.5;1.4;1.3;1.2;1.1;1;0.9;0.8;0.7;0.6;0.5;0.4;0.3,2.0,1,95_03@2ka,palaeo_record_x_model_output_time,0.1049999999999999,낙엽활엽수림-교목,1,deciduous_broadleaf_forest,1,deciduous_broadleaf_forest,0,0,298,0,0,0,0.0,0.0,0,0.0,0.0,1:0,0,0,"Jang, B.-O., Kang, S.-J., & Choi, K.-R. (2011, September 1). Vegetation history around Yongneup moor at Mt. Daeamsan, Korea. Journal of Ecology and Environment. The Ecological Society of Korea. https://doi.org/10.5141/jefb.2011.028",https://doi.org/10.5141/jefb.2011.028,,model_static,정적모델,False,broadleaf,0,0.0,False
20,,basin_presence_fraction_per_output_time,per_output_time_exact_interval,0,,minimum_fraction_no_hard_cell_floor,mapped_vegetation_classes_0_3,0.01,1.0,0,0,3,298,298,0,0,95_03,95,site_095,강원 인제군 대암산 용늪,123245.18995403372,624269.7896684073,3.4,0.39,1.895,0.1,100.0,1.9,31,3.4;3.3;3.2;3.1;3;2.9;2.8;2.7;2.6;2.5;2.4;2.3;2.2;2.1;2;1.9;1.8;1.7;1.6;1.5;1.4;1.3;1.2;1.1;1;0.9;0.8;0.7;0.6;0.5;0.4,33,3.5;3.4;3.3;3.2;3.1;3;2.9;2.8;2.7;2.6;2.5;2.4;2.3;2.2;2.1;2;1.9;1.8;1.7;1.6;1.5;1.4;1.3;1.2;1.1;1;0.9;0.8;0.7;0.6;0.5;0.4;0.3,1.9,1,95_03@1.9ka,palaeo_record_x_model_output_time,0.0049999999999998,낙엽활엽수림-교목,1,deciduous_broadleaf_forest,1,deciduous_broadleaf_forest,0,0,298,0,0,0,0.0,0.0,0,0.0,0.0,1:0,0,0,"Jang, B.-O., Kang, S.-J., & Choi, K.-R. (2011, September 1). Vegetation history around Yongneup moor at Mt. Daeamsan, Korea. Journal of Ecology and Environment. The Ecological Society of Korea. https://doi.org/10.5141/jefb.2011.028",https://doi.org/10.5141/jefb.2011.028,,model_static,정적모델,False,broadleaf,0,0.0,False
20,,basin_presence_fraction_per_output_time,per_output_time_exact_interval,0,,minimum_fraction_no_hard_cell_floor,mapped_vegetation_classes_0_3,0.01,1.0,0,0,3,298,298,0,0,95_03,95,site_095,강원 인제군 대암산 용늪,123245.18995403372,624269.7896684073,3.4,0.39,1.895,0.1,100.0,1.9,31,3.4;3.3;3.2;3.1;3;2.9;2.8;2.7;2.6;2.5;2.4;2.3;2.2;2.1;2;1.9;1.8;1.7;1.6;1.5;1.4;1.3;1.2;1.1;1;0.9;0.8;0.7;0.6;0.5;0.4,33,3.5;3.4;3.3;3.2;3.1;3;2.9;2.8;2.7;2.6;2.5;2.4;2.3;2.2;2.1;2;1.9;1.8;1.7;1.6;1.5;1.4;1.3;1.2;1.1;1;0.9;0.8;0.7;0.6;0.5;0.4;0.3,1.8,1,95_03@1.8ka,palaeo_record_x_model_output_time,0.0949999999999999,낙엽활엽수림-교목,1,deciduous_broadleaf_forest,1,deciduous_broadleaf_forest,0,0,298,0,0,0,0.0,0.0,0,0.0,0.0,1:0,0,0,"Jang, B.-O., Kang, S.-J., & Choi, K.-R. (2011, September 1). Vegetation history around Yongneup moor at Mt. Daeamsan, Korea. Journal of Ecology and Environment. The Ecological Society of Korea. https://doi.org/10.5141/jefb.2011.028",https://doi.org/10.5141/jefb.2011.028,,model_static,정적모델,False,broadleaf,0,0.0,False
20,,basin_presence_fraction_per_output_time,per_output_time_exact_interval,0,,minimum_fraction_no_hard_cell_floor,mapped_vegetation_classes_0_3,0.01,1.0,0,0,3,298,298,0,0,95_03,95,site_095,강원 인제군 대암산 용늪,123245.18995403372,624269.7896684073,3.4,0.39,1.895,0.1,100.0,1.9,31,3.4;3.3;3.2;3.1;3;2.9;2.8;2.7;2.6;2.5;2.4;2.3;2.2;2.1;2;1.9;1.8;1.7;1.6;1.5;1.4;1.3;1.2;1.1;1;0.9;0.8;0.7;0.6;0.5;0.4,33,3.5;3.4;3.3;3.2;3.1;3;2.9;2.8;2.7;2.6;2.5;2.4;2.3;2.2;2.1;2;1.9;1.8;1.7;1.6;1.5;1.4;1.3;1.2;1.1;1;0.9;0.8;0.7;0.6;0.5;0.4;0.3,1.7,1,95_03@1.7ka,palaeo_record_x_model_output_time,0.195,낙엽활엽수림-교목,1,deciduous_broadleaf_forest,1,deciduous_broadleaf_forest,0,0,298,0,0,0,0.0,0.0,0,0.0,0.0,1:0,0,0,"Jang, B.-O., Kang, S.-J., & Choi, K.-R. (2011, September 1). Vegetation history around Yongneup moor at Mt. Daeamsan, Korea. Journal of Ecology and Environment. The Ecological Society of Korea. https://doi.org/10.5141/jefb.2011.028",https://doi.org/10.5141/jefb.2011.028,,model_static,정적모델,False,broadleaf,0,0.0,False
20,,basin_presence_fraction_per_output_time,per_output_time_exact_interval,0,,minimum_fraction_no_hard_cell_floor,mapped_vegetation_classes_0_3,0.01,1.0,0,0,3,298,298,0,0,95_03,95,site_095,강원 인제군 대암산 용늪,123245.18995403372,624269.7896684073,3.4,0.39,1.895,0.1,100.0,1.9,31,3.4;3.3;3.2;3.1;3;2.9;2.8;2.7;2.6;2.5;2.4;2.3;2.2;2.1;2;1.9;1.8;1.7;1.6;1.5;1.4;1.3;1.2;1.1;1;0.9;0.8;0.7;0.6;0.5;0.4,33,3.5;3.4;3.3;3.2;3.1;3;2.9;2.8;2.7;2.6;2.5;2.4;2.3;2.2;2.1;2;1.9;1.8;1.7;1.6;1.5;1.4;1.3;1.2;1.1;1;0.9;0.8;0.7;0.6;0.5;0.4;0.3,1.6,1,95_03@1.6ka,palaeo_record_x_model_output_time,0.2949999999999999,낙엽활엽수림-교목,1,deciduous_broadleaf_forest,1,deciduous_broadleaf_forest,0,0,298,0,0,0,0.0,0.0,0,0.0,0.0,1:0,0,0,"Jang, B.-O., Kang, S.-J., & Choi, K.-R. (2011, September 1). Vegetation history around Yongneup moor at Mt. Daeamsan, Korea. Journal of Ecology and Environment. The Ecological Society of Korea. https://doi.org/10.5141/jefb.2011.028",https://doi.org/10.5141/jefb.2011.028,,model_static,정적모델,False,broadleaf,0,0.0,False
20,,basin_presence_fraction_per_output_time,per_output_time_exact_interval,0,,minimum_fraction_no_hard_cell_floor,mapped_vegetation_classes_0_3,0.01,1.0,0,0,3,298,298,0,0,95_03,95,site_095,강원 인제군 대암산 용늪,123245.18995403372,624269.7896684073,3.4,0.39,1.895,0.1,100.0,1.9,31,3.4;3.3;3.2;3.1;3;2.9;2.8;2.7;2.6;2.5;2.4;2.3;2.2;2.1;2;1.9;1.8;1.7;1.6;1.5;1.4;1.3;1.2;1.1;1;0.9;0.8;0.7;0.6;0.5;0.4,33,3.5;3.4;3.3;3.2;3.1;3;2.9;2.8;2.7;2.6;2.5;2.4;2.3;2.2;2.1;2;1.9;1.8;1.7;1.6;1.5;1.4;1.3;1.2;1.1;1;0.9;0.8;0.7;0.6;0.5;0.4;0.3,1.5,1,95_03@1.5ka,palaeo_record_x_model_output_time,0.395,낙엽활엽수림-교목,1,deciduous_broadleaf_forest,1,deciduous_broadleaf_forest,0,0,298,0,0,0,0.0,0.0,0,0.0,0.0,1:0,0,0,"Jang, B.-O., Kang, S.-J., & Choi, K.-R. (2011, September 1). Vegetation history around Yongneup moor at Mt. Daeamsan, Korea. Journal of Ecology and Environment. The Ecological Society of Korea. https://doi.org/10.5141/jefb.2011.028",https://doi.org/10.5141/jefb.2011.028,,model_static,정적모델,False,broadleaf,0,0.0,False
20,,basin_presence_fraction_per_output_time,per_output_time_exact_interval,0,,minimum_fraction_no_hard_cell_floor,mapped_vegetation_classes_0_3,0.01,1.0,0,0,3,298,298,0,0,95_03,95,site_095,강원 인제군 대암산 용늪,123245.18995403372,624269.7896684073,3.4,0.39,1.895,0.1,100.0,1.9,31,3.4;3.3;3.2;3.1;3;2.9;2.8;2.7;2.6;2.5;2.4;2.3;2.2;2.1;2;1.9;1.8;1.7;1.6;1.5;1.4;1.3;1.2;1.1;1;0.9;0.8;0.7;0.6;0.5;0.4,33,3.5;3.4;3.3;3.2;3.1;3;2.9;2.8;2.7;2.6;2.5;2.4;2.3;2.2;2.1;2;1.9;1.8;1.7;1.6;1.5;1.4;1.3;1.2;1.1;1;0.9;0.8;0.7;0.6;0.5;0.4;0.3,1.4,1,95_03@1.4ka,palaeo_record_x_model_output_time,0.4950000000000001,낙엽활엽수림-교목,1,deciduous_broadleaf_forest,1,deciduous_broadleaf_forest,0,0,298,0,0,0,0.0,0.0,0,0.0,0.0,1:0,0,0,"Jang, B.-O., Kang, S.-J., & Choi, K.-R. (2011, September 1). Vegetation history around Yongneup moor at Mt. Daeamsan, Korea. Journal of Ecology and Environment. The Ecological Society of Korea. https://doi.org/10.5141/jefb.2011.028",https://doi.org/10.5141/jefb.2011.028,,model_static,정적모델,False,broadleaf,0,0.0,False
20,,basin_presence_fraction_per_output_time,per_output_time_exact_interval,0,,minimum_fraction_no_hard_cell_floor,mapped_vegetation_classes_0_3,0.01,1.0,0,0,3,298,298,0,0,95_03,95,site_095,강원 인제군 대암산 용늪,123245.18995403372,624269.7896684073,3.4,0.39,1.895,0.1,100.0,1.9,31,3.4;3.3;3.2;3.1;3;2.9;2.8;2.7;2.6;2.5;2.4;2.3;2.2;2.1;2;1.9;1.8;1.7;1.6;1.5;1.4;1.3;1.2;1.1;1;0.9;0.8;0.7;0.6;0.5;0.4,33,3.5;3.4;3.3;3.2;3.1;3;2.9;2.8;2.7;2.6;2.5;2.4;2.3;2.2;2.1;2;1.9;1.8;1.7;1.6;1.5;1.4;1.3;1.2;1.1;1;0.9;0.8;0.7;0.6;0.5;0.4;0.3,1.3,1,95_03@1.3ka,palaeo_record_x_model_output_time,0.595,낙엽활엽수림-교목,1,deciduous_broadleaf_forest,1,deciduous_broadleaf_forest,0,0,298,0,0,0,0.0,0.0,0,0.0,0.0,1:0,0,0,"Jang, B.-O., Kang, S.-J., & Choi, K.-R. (2011, September 1). Vegetation history around Yongneup moor at Mt. Daeamsan, Korea. Journal of Ecology and Environment. The Ecological Society of Korea. https://doi.org/10.5141/jefb.2011.028",https://doi.org/10.5141/jefb.2011.028,,model_static,정적모델,False,broadleaf,0,0.0,False
20,,basin_presence_fraction_per_output_time,per_output_time_exact_interval,0,,minimum_fraction_no_hard_cell_floor,mapped_vegetation_classes_0_3,0.01,1.0,0,0,3,298,298,0,0,95_03,95,site_095,강원 인제군 대암산 용늪,123245.18995403372,624269.7896684073,3.4,0.39,1.895,0.1,100.0,1.9,31,3.4;3.3;3.2;3.1;3;2.9;2.8;2.7;2.6;2.5;2.4;2.3;2.2;2.1;2;1.9;1.8;1.7;1.6;1.5;1.4;1.3;1.2;1.1;1;0.9;0.8;0.7;0.6;0.5;0.4,33,3.5;3.4;3.3;3.2;3.1;3;2.9;2.8;2.7;2.6;2.5;2.4;2.3;2.2;2.1;2;1.9;1.8;1.7;1.6;1.5;1.4;1.3;1.2;1.1;1;0.9;0.8;0.7;0.6;0.5;0.4;0.3,1.2,1,95_03@1.2ka,palaeo_record_x_model_output_time,0.6950000000000001,낙엽활엽수림-교목,1,deciduous_broadleaf_forest,1,deciduous_broadleaf_forest,0,0,298,0,0,0,0.0,0.0,0,0.0,0.0,1:0,0,0,"Jang, B.-O., Kang, S.-J., & Choi, K.-R. (2011, September 1). Vegetation history around Yongneup moor at Mt. Daeamsan, Korea. Journal of Ecology and Environment. The Ecological Society of Korea. https://doi.org/10.5141/jefb.2011.028",https://doi.org/10.5141/jefb.2011.028,,model_static,정적모델,False,broadleaf,0,0.0,False
20,,basin_presence_fraction_per_output_time,per_output_time_exact_interval,0,,minimum_fraction_no_hard_cell_floor,mapped_vegetation_classes_0_3,0.01,1.0,0,0,3,298,298,0,0,95_03,95,site_095,강원 인제군 대암산 용늪,123245.18995403372,624269.7896684073,3.4,0.39,1.895,0.1,100.0,1.9,31,3.4;3.3;3.2;3.1;3;2.9;2.8;2.7;2.6;2.5;2.4;2.3;2.2;2.1;2;1.9;1.8;1.7;1.6;1.5;1.4;1.3;1.2;1.1;1;0.9;0.8;0.7;0.6;0.5;0.4,33,3.5;3.4;3.3;3.2;3.1;3;2.9;2.8;2.7;2.6;2.5;2.4;2.3;2.2;2.1;2;1.9;1.8;1.7;1.6;1.5;1.4;1.3;1.2;1.1;1;0.9;0.8;0.7;0.6;0.5;0.4;0.3,1.1,1,95_03@1.1ka,palaeo_record_x_model_output_time,0.7949999999999999,낙엽활엽수림-교목,1,deciduous_broadleaf_forest,1,deciduous_broadleaf_forest,0,0,298,0,0,0,0.0,0.0,0,0.0,0.0,1:0,0,0,"Jang, B.-O., Kang, S.-J., & Choi, K.-R. (2011, September 1). Vegetation history around Yongneup moor at Mt. Daeamsan, Korea. Journal of Ecology and Environment. The Ecological Society of Korea. https://doi.org/10.5141/jefb.2011.028",https://doi.org/10.5141/jefb.2011.028,,model_static,정적모델,False,broadleaf,0,0.0,False
20,,basin_presence_fraction_per_output_time,per_output_time_exact_interval,0,,minimum_fraction_no_hard_cell_floor,mapped_vegetation_classes_0_3,0.01,1.0,0,0,3,298,298,0,0,95_03,95,site_095,강원 인제군 대암산 용늪,123245.18995403372,624269.7896684073,3.4,0.39,1.895,0.1,100.0,1.9,31,3.4;3.3;3.2;3.1;3;2.9;2.8;2.7;2.6;2.5;2.4;2.3;2.2;2.1;2;1.9;1.8;1.7;1.6;1.5;1.4;1.3;1.2;1.1;1;0.9;0.8;0.7;0.6;0.5;0.4,33,3.5;3.4;3.3;3.2;3.1;3;2.9;2.8;2.7;2.6;2.5;2.4;2.3;2.2;2.1;2;1.9;1.8;1.7;1.6;1.5;1.4;1.3;1.2;1.1;1;0.9;0.8;0.7;0.6;0.5;0.4;0.3,1.0,1,95_03@1ka,palaeo_record_x_model_output_time,0.895,낙엽활엽수림-교목,1,deciduous_broadleaf_forest,1,deciduous_broadleaf_forest,0,0,298,0,0,0,0.0,0.0,0,0.0,0.0,1:0,0,0,"Jang, B.-O., Kang, S.-J., & Choi, K.-R. (2011, September 1). Vegetation history around Yongneup moor at Mt. Daeamsan, Korea. Journal of Ecology and Environment. The Ecological Society of Korea. https://doi.org/10.5141/jefb.2011.028",https://doi.org/10.5141/jefb.2011.028,,model_static,정적모델,False,broadleaf,0,0.0,False
20,,basin_presence_fraction_per_output_time,per_output_time_exact_interval,0,,minimum_fraction_no_hard_cell_floor,mapped_vegetation_classes_0_3,0.01,1.0,0,0,3,298,298,0,0,95_03,95,site_095,강원 인제군 대암산 용늪,123245.18995403372,624269.7896684073,3.4,0.39,1.895,0.1,100.0,1.9,31,3.4;3.3;3.2;3.1;3;2.9;2.8;2.7;2.6;2.5;2.4;2.3;2.2;2.1;2;1.9;1.8;1.7;1.6;1.5;1.4;1.3;1.2;1.1;1;0.9;0.8;0.7;0.6;0.5;0.4,33,3.5;3.4;3.3;3.2;3.1;3;2.9;2.8;2.7;2.6;2.5;2.4;2.3;2.2;2.1;2;1.9;1.8;1.7;1.6;1.5;1.4;1.3;1.2;1.1;1;0.9;0.8;0.7;0.6;0.5;0.4;0.3,0.9,1,95_03@0.9ka,palaeo_record_x_model_output_time,0.995,낙엽활엽수림-교목,1,deciduous_broadleaf_forest,1,deciduous_broadleaf_forest,0,0,298,0,0,0,0.0,0.0,0,0.0,0.0,1:0,0,0,"Jang, B.-O., Kang, S.-J., & Choi, K.-R. (2011, September 1). Vegetation history around Yongneup moor at Mt. Daeamsan, Korea. Journal of Ecology and Environment. The Ecological Society of Korea. https://doi.org/10.5141/jefb.2011.028",https://doi.org/10.5141/jefb.2011.028,,model_static,정적모델,False,broadleaf,0,0.0,False
20,,basin_presence_fraction_per_output_time,per_output_time_exact_interval,0,,minimum_fraction_no_hard_cell_floor,mapped_vegetation_classes_0_3,0.01,1.0,0,0,3,298,298,0,0,95_03,95,site_095,강원 인제군 대암산 용늪,123245.18995403372,624269.7896684073,3.4,0.39,1.895,0.1,100.0,1.9,31,3.4;3.3;3.2;3.1;3;2.9;2.8;2.7;2.6;2.5;2.4;2.3;2.2;2.1;2;1.9;1.8;1.7;1.6;1.5;1.4;1.3;1.2;1.1;1;0.9;0.8;0.7;0.6;0.5;0.4,33,3.5;3.4;3.3;3.2;3.1;3;2.9;2.8;2.7;2.6;2.5;2.4;2.3;2.2;2.1;2;1.9;1.8;1.7;1.6;1.5;1.4;1.3;1.2;1.1;1;0.9;0.8;0.7;0.6;0.5;0.4;0.3,0.8,1,95_03@0.8ka,palaeo_record_x_model_output_time,1.095,낙엽활엽수림-교목,1,deciduous_broadleaf_forest,1,deciduous_broadleaf_forest,0,0,298,0,0,0,0.0,0.0,0,0.0,0.0,1:0,0,0,"Jang, B.-O., Kang, S.-J., & Choi, K.-R. (2011, September 1). Vegetation history around Yongneup moor at Mt. Daeamsan, Korea. Journal of Ecology and Environment. The Ecological Society of Korea. https://doi.org/10.5141/jefb.2011.028",https://doi.org/10.5141/jefb.2011.028,,model_static,정적모델,False,broadleaf,0,0.0,False
20,,basin_presence_fraction_per_output_time,per_output_time_exact_interval,0,,minimum_fraction_no_hard_cell_floor,mapped_vegetation_classes_0_3,0.01,1.0,0,0,3,298,298,0,0,95_03,95,site_095,강원 인제군 대암산 용늪,123245.18995403372,624269.7896684073,3.4,0.39,1.895,0.1,100.0,1.9,31,3.4;3.3;3.2;3.1;3;2.9;2.8;2.7;2.6;2.5;2.4;2.3;2.2;2.1;2;1.9;1.8;1.7;1.6;1.5;1.4;1.3;1.2;1.1;1;0.9;0.8;0.7;0.6;0.5;0.4,33,3.5;3.4;3.3;3.2;3.1;3;2.9;2.8;2.7;2.6;2.5;2.4;2.3;2.2;2.1;2;1.9;1.8;1.7;1.6;1.5;1.4;1.3;1.2;1.1;1;0.9;0.8;0.7;0.6;0.5;0.4;0.3,0.7,1,95_03@0.7ka,palaeo_record_x_model_output_time,1.195,낙엽활엽수림-교목,1,deciduous_broadleaf_forest,1,deciduous_broadleaf_forest,0,0,298,0,0,0,0.0,0.0,0,0.0,0.0,1:0,0,0,"Jang, B.-O., Kang, S.-J., & Choi, K.-R. (2011, September 1). Vegetation history around Yongneup moor at Mt. Daeamsan, Korea. Journal of Ecology and Environment. The Ecological Society of Korea. https://doi.org/10.5141/jefb.2011.028",https://doi.org/10.5141/jefb.2011.028,,model_static,정적모델,False,broadleaf,0,0.0,False
20,,basin_presence_fraction_per_output_time,per_output_time_exact_interval,0,,minimum_fraction_no_hard_cell_floor,mapped_vegetation_classes_0_3,0.01,1.0,0,0,3,298,298,0,0,95_03,95,site_095,강원 인제군 대암산 용늪,123245.18995403372,624269.7896684073,3.4,0.39,1.895,0.1,100.0,1.9,31,3.4;3.3;3.2;3.1;3;2.9;2.8;2.7;2.6;2.5;2.4;2.3;2.2;2.1;2;1.9;1.8;1.7;1.6;1.5;1.4;1.3;1.2;1.1;1;0.9;0.8;0.7;0.6;0.5;0.4,33,3.5;3.4;3.3;3.2;3.1;3;2.9;2.8;2.7;2.6;2.5;2.4;2.3;2.2;2.1;2;1.9;1.8;1.7;1.6;1.5;1.4;1.3;1.2;1.1;1;0.9;0.8;0.7;0.6;0.5;0.4;0.3,0.6,1,95_03@0.6ka,palaeo_record_x_model_output_time,1.295,낙엽활엽수림-교목,1,deciduous_broadleaf_forest,1,deciduous_broadleaf_forest,0,0,298,0,0,0,0.0,0.0,0,0.0,0.0,1:0,0,0,"Jang, B.-O., Kang, S.-J., & Choi, K.-R. (2011, September 1). Vegetation history around Yongneup moor at Mt. Daeamsan, Korea. Journal of Ecology and Environment. The Ecological Society of Korea. https://doi.org/10.5141/jefb.2011.028",https://doi.org/10.5141/jefb.2011.028,,model_static,정적모델,False,broadleaf,0,0.0,False
20,,basin_presence_fraction_per_output_time,per_output_time_exact_interval,0,,minimum_fraction_no_hard_cell_floor,mapped_vegetation_classes_0_3,0.01,1.0,0,0,3,298,298,0,0,95_03,95,site_095,강원 인제군 대암산 용늪,123245.18995403372,624269.7896684073,3.4,0.39,1.895,0.1,100.0,1.9,31,3.4;3.3;3.2;3.1;3;2.9;2.8;2.7;2.6;2.5;2.4;2.3;2.2;2.1;2;1.9;1.8;1.7;1.6;1.5;1.4;1.3;1.2;1.1;1;0.9;0.8;0.7;0.6;0.5;0.4,33,3.5;3.4;3.3;3.2;3.1;3;2.9;2.8;2.7;2.6;2.5;2.4;2.3;2.2;2.1;2;1.9;1.8;1.7;1.6;1.5;1.4;1.3;1.2;1.1;1;0.9;0.8;0.7;0.6;0.5;0.4;0.3,0.5,1,95_03@0.5ka,palaeo_record_x_model_output_time,1.395,낙엽활엽수림-교목,1,deciduous_broadleaf_forest,1,deciduous_broadleaf_forest,0,0,298,0,0,0,0.0,0.0,0,0.0,0.0,1:0,0,0,"Jang, B.-O., Kang, S.-J., & Choi, K.-R. (2011, September 1). Vegetation history around Yongneup moor at Mt. Daeamsan, Korea. Journal of Ecology and Environment. The Ecological Society of Korea. https://doi.org/10.5141/jefb.2011.028",https://doi.org/10.5141/jefb.2011.028,,model_static,정적모델,False,broadleaf,0,0.0,False
20,,basin_presence_fraction_per_output_time,per_output_time_exact_interval,0,,minimum_fraction_no_hard_cell_floor,mapped_vegetation_classes_0_3,0.01,1.0,0,0,3,298,298,0,0,95_03,95,site_095,강원 인제군 대암산 용늪,123245.18995403372,624269.7896684073,3.4,0.39,1.895,0.1,100.0,1.9,31,3.4;3.3;3.2;3.1;3;2.9;2.8;2.7;2.6;2.5;2.4;2.3;2.2;2.1;2;1.9;1.8;1.7;1.6;1.5;1.4;1.3;1.2;1.1;1;0.9;0.8;0.7;0.6;0.5;0.4,33,3.5;3.4;3.3;3.2;3.1;3;2.9;2.8;2.7;2.6;2.5;2.4;2.3;2.2;2.1;2;1.9;1.8;1.7;1.6;1.5;1.4;1.3;1.2;1.1;1;0.9;0.8;0.7;0.6;0.5;0.4;0.3,0.4,1,95_03@0.4ka,palaeo_record_x_model_output_time,1.495,낙엽활엽수림-교목,1,deciduous_broadleaf_forest,1,deciduous_broadleaf_forest,0,0,298,0,0,0,0.0,0.0,0,0.0,0.0,1:0,0,0,"Jang, B.-O., Kang, S.-J., & Choi, K.-R. (2011, September 1). Vegetation history around Yongneup moor at Mt. Daeamsan, Korea. Journal of Ecology and Environment. The Ecological Society of Korea. https://doi.org/10.5141/jefb.2011.028",https://doi.org/10.5141/jefb.2011.028,,model_static,정적모델,False,broadleaf,0,0.0,False
20,,basin_presence_fraction_per_output_time,per_output_time_exact_interval,0,,minimum_fraction_no_hard_cell_floor,mapped_vegetation_classes_0_3,0.01,1.0,0,0,3,298,298,0,0,95_04,95,site_095,강원 인제군 대암산 용늪,123245.18995403372,624269.7896684073,0.39,0.0,0.195,0.1,100.0,0.2,4,0.3;0.2;0.1;0,5,0.4;0.3;0.2;0.1;0,0.3,1,95_04@0.3ka,palaeo_record_x_model_output_time,0.1049999999999999,침엽수림-교목,0,conifer_forest,0,conifer_forest,0,0,298,0,0,0,0.0,0.0,0,0.0,0.0,0:0,0,0,"Jang, B.-O., Kang, S.-J., & Choi, K.-R. (2011, September 1). Vegetation history around Yongneup moor at Mt. Daeamsan, Korea. Journal of Ecology and Environment. The Ecological Society of Korea. https://doi.org/10.5141/jefb.2011.028",https://doi.org/10.5141/jefb.2011.028,,model_static,정적모델,False,mixed,298,1.0,True
20,,basin_presence_fraction_per_output_time,per_output_time_exact_interval,0,,minimum_fraction_no_hard_cell_floor,mapped_vegetation_classes_0_3,0.01,1.0,0,0,3,298,298,0,0,95_04,95,site_095,강원 인제군 대암산 용늪,123245.18995403372,624269.7896684073,0.39,0.0,0.195,0.1,100.0,0.2,4,0.3;0.2;0.1;0,5,0.4;0.3;0.2;0.1;0,0.2,1,95_04@0.2ka,palaeo_record_x_model_output_time,0.005,침엽수림-교목,0,conifer_forest,0,conifer_forest,0,0,298,0,0,0,0.0,0.0,0,0.0,0.0,0:0,0,0,"Jang, B.-O., Kang, S.-J., & Choi, K.-R. (2011, September 1). Vegetation history around Yongneup moor at Mt. Daeamsan, Korea. Journal of Ecology and Environment. The Ecological Society of Korea. https://doi.org/10.5141/jefb.2011.028",https://doi.org/10.5141/jefb.2011.028,,model_static,정적모델,False,mixed,298,1.0,True
20,,basin_presence_fraction_per_output_time,per_output_time_exact_interval,0,,minimum_fraction_no_hard_cell_floor,mapped_vegetation_classes_0_3,0.01,1.0,0,0,3,298,298,0,0,95_04,95,site_095,강원 인제군 대암산 용늪,123245.18995403372,624269.7896684073,0.39,0.0,0.195,0.1,100.0,0.2,4,0.3;0.2;0.1;0,5,0.4;0.3;0.2;0.1;0,0.1,1,95_04@0.1ka,palaeo_record_x_model_output_time,0.095,침엽수림-교목,0,conifer_forest,0,conifer_forest,0,0,298,0,0,0,0.0,0.0,0,0.0,0.0,0:0,0,0,"Jang, B.-O., Kang, S.-J., & Choi, K.-R. (2011, September 1). Vegetation history around Yongneup moor at Mt. Daeamsan, Korea. Journal of Ecology and Environment. The Ecological Society of Korea. https://doi.org/10.5141/jefb.2011.028",https://doi.org/10.5141/jefb.2011.028,,model_static,정적모델,False,mixed,298,1.0,True
20,,basin_presence_fraction_per_output_time,per_output_time_exact_interval,0,,minimum_fraction_no_hard_cell_floor,mapped_vegetation_classes_0_3,0.01,1.0,0,0,3,298,298,0,0,95_04,95,site_095,강원 인제군 대암산 용늪,123245.18995403372,624269.7896684073,0.39,0.0,0.195,0.1,100.0,0.2,4,0.3;0.2;0.1;0,5,0.4;0.3;0.2;0.1;0,0.0,1,95_04@0ka,palaeo_record_x_model_output_time,0.195,침엽수림-교목,0,conifer_forest,0,conifer_forest,0,298,0,0,0,0,0.0,0.0,0,0.0,0.0,0:0,0,0,"Jang, B.-O., Kang, S.-J., & Choi, K.-R. (2011, September 1). Vegetation history around Yongneup moor at Mt. Daeamsan, Korea. Journal of Ecology and Environment. The Ecological Society of Korea. https://doi.org/10.5141/jefb.2011.028",https://doi.org/10.5141/jefb.2011.028,,model_static,정적모델,False,mixed,0,0.0,False
