PFT,sites.sitename,plot.name,ratio_carbon_years,c_dry_if_fC_0_5,candidate_pair_rows,any_calendar_year_overlap
4,Ashu Kyoto,unmanaged,25.21651376146789,0.05043302752293578,1,True
4,Aubure (Natural regeneration),Managed,28.541666666666664,0.057083333333333326,1,True
4,Bornhoved Beech,Managed,23.05450821579854,0.04610901643159708,2,True
4,Gribskov,Managed,26.881355932203387,0.05376271186440677,1,True
4,Hainich,unmanaged,34.9419795221843,0.0698839590443686,1,False
4,Hubbard brook,unmanaged,11.58070500927644,0.02316141001855288,1,True
4,Lei-135+15,Managed,20.56086286594761,0.041121725731895216,1,True
4,Schacht,Managed,25.250965250965255,0.05050193050193051,1,True
5,Andrews 10,unmanaged,83.5489443378119,0.1670978886756238,1,True
5,Andrews 11,unmanaged,40.457645764576455,0.08091529152915292,1,True
5,Andrews 12,unmanaged,73.67138364779873,0.14734276729559748,1,True
5,Andrews 7,Managed,20.0622009569378,0.040124401913875604,1,True
5,Andrews 8,Managed,41.7829373650108,0.08356587473002161,1,True
5,Andrews 9,Managed,39.737562189054735,0.07947512437810947,1,True
5,Cascade Head (1),unmanaged,51.038922155688624,0.10207784431137724,1,False
5,Cascade Head 10,unmanaged,77.92055267702936,0.15584110535405873,1,True
5,Cascade Head 11,unmanaged,103.66482504604052,0.20732965009208104,1,True
5,Cascade Head 12,unmanaged,121.79638009049775,0.2435927601809955,1,True
5,Coulissenhieb,planted Picea abies in 1850,18.709774436090225,0.03741954887218045,1,True
5,Frazer old,unmanaged,16.802127659574467,0.033604255319148936,1,False
5,Metolius 10,unmanaged,29.819512195121956,0.05963902439024391,1,True
5,Metolius 11,unmanaged,73.34579439252336,0.1466915887850467,1,True
5,Metolius 7,Managed,19.887661141804788,0.039775322283609575,1,True
5,Metolius Old Pine,"mosaic of old growth, young trees, and mixed age stands natural regeneration after fire",28.446057537737047,0.05689211507547409,6,True
5,Tharandt,Managed,22.279541446208114,0.044559082892416224,2,True
6,Bonanza FP4,unmanaged floodplain forest,19.38814016172507,0.03877628032345014,1,True
6,Bonanza FP5,unmanaged floodplain forest,8.976470588235294,0.017952941176470588,1,True
6,Bonanza UP3,unmanaged upland forest,18.821522309711284,0.03764304461942257,1,True
6,Jadraas Class I,Managed-120-y,12.4149377593361,0.0248298755186722,1,True
6,Kuusamo,unmanaged,23.080188679245282,0.046160377358490566,1,True
6,Prince Albert SSA (SOBS),natural regeneration after 1879 wildfire,19.94047619047619,0.03988095238095238,2,True
6,Thompson NSA (NOBS),unmanaged,27.504807692307693,0.055009615384615386,1,True
6,Yenisei/Zotino,Managed,35.75934579439252,0.07151869158878504,2,True
7,Aheden,unmanaged,24.6843853820598,0.0493687707641196,1,True
7,Tura,natural regeneration after fire.Larix gmelinii forest,5.268518518518518,0.010537037037037036,1,False
