PFT,sites.sitename,plot.name,FAO.ecozone,measurement.ID_npp,measurement.ID_agb,variable.name_npp,variable.name_agb,mean_npp,mean_agb,stand.age_npp,stand.age_agb,dominant.veg_npp,dominant.veg_agb,date_npp,start.date_npp,end.date_npp,date_agb,start.date_agb,end.date_agb,time_status,same_reported_age,citation.ID_npp,citation.ID_agb,loaded.from_npp,loaded.from_agb,D.precedence_npp,D.precedence_agb,flag.suspicious_npp,flag.suspicious_agb,C.conversion.factor_npp,C.conversion.factor_agb,ratio_carbon_years,c_dry_if_fC_0_5
7,Aheden,unmanaged,Boreal coniferous forest,99.0,87.0,NPP_1_C,biomass_ag_C,3.01,74.3,180,180,2TDB,2TDB,1995,,,1995,,,calendar_year_overlap,True,Schulze_2000_tcan,Luyssaert_2007_cbob,Luyssaert_2007_cbob,Luyssaert_2007_cbob,,,0,0,NAC,NAC,24.6843853820598,0.0493687707641196
5,Andrews 10,unmanaged,Temperate mountain system,370.0,379.0,NPP_1_C,biomass_ag_C,5.21,435.29,552,552,2TEN,2TEN,2001,,,2001,,,calendar_year_overlap,True,Luyssaert_2007_cbob,Luyssaert_2007_cbob,Luyssaert_2007_cbob,Luyssaert_2007_cbob,,,0,0,NAC,NAC,83.5489443378119,0.1670978886756238
5,Andrews 11,unmanaged,Temperate mountain system,394.0,403.0,NPP_1_C,biomass_ag_C,9.09,367.76,795,795,2TEN,2TEN,2001,,,2001,,,calendar_year_overlap,True,Luyssaert_2007_cbob,Luyssaert_2007_cbob,Luyssaert_2007_cbob,Luyssaert_2007_cbob,,,0,0,NAC,NAC,40.457645764576455,0.08091529152915292
5,Andrews 12,unmanaged,Temperate mountain system,418.0,427.0,NPP_1_C,biomass_ag_C,6.36,468.55,629,629,2TEN,2TEN,2001,,,2001,,,calendar_year_overlap,True,Luyssaert_2007_cbob,Luyssaert_2007_cbob,Luyssaert_2007_cbob,Luyssaert_2007_cbob,,,0,0,NAC,NAC,73.67138364779873,0.14734276729559748
5,Andrews 7,Managed,Temperate mountain system,562.0,571.0,NPP_1_C,biomass_ag_C,8.36,167.72,142,142,2TEN,2TEN,2001,,,2001,,,calendar_year_overlap,True,Luyssaert_2007_cbob,Luyssaert_2007_cbob,Luyssaert_2007_cbob,Luyssaert_2007_cbob,,,0,0,NAC,NAC,20.0622009569378,0.040124401913875604
5,Andrews 8,Managed,Temperate mountain system,586.0,595.0,NPP_1_C,biomass_ag_C,9.26,386.91,146,146,2TEN,2TEN,2001,,,2001,,,calendar_year_overlap,True,Luyssaert_2007_cbob,Luyssaert_2007_cbob,Luyssaert_2007_cbob,Luyssaert_2007_cbob,,,0,0,NAC,NAC,41.7829373650108,0.08356587473002161
5,Andrews 9,Managed,Temperate mountain system,610.0,619.0,NPP_1_C,biomass_ag_C,8.04,319.49,166,166,2TEN,2TEN,2001,,,2001,,,calendar_year_overlap,True,Luyssaert_2007_cbob,Luyssaert_2007_cbob,Luyssaert_2007_cbob,Luyssaert_2007_cbob,,,0,0,NAC,NAC,39.737562189054735,0.07947512437810947
4,Ashu Kyoto,unmanaged,Temperate mountain system,656.0,657.0,NPP_1_C,biomass_ag_C,5.45,137.43,150,150,2TDB,2TDB,1966,,,1966,,,calendar_year_overlap,True,DeAngelis_1981_pofe,DeAngelis_1981_pofe,Luyssaert_2007_cbob,Luyssaert_2007_cbob,,,0,0,NAC,NAC,25.21651376146789,0.05043302752293578
4,Aubure (Natural regeneration),Managed,Temperate mountain system,958.0,946.0,NPP_1_C,biomass_ag_C,4.32,123.3,161,161,2TDB,2TDB,1995,,,1995,,,calendar_year_overlap,True,Schulze_2000_tcan,Luyssaert_2007_cbob,Luyssaert_2007_cbob,Luyssaert_2007_cbob,,,0,0,NAC,NAC,28.541666666666664,0.057083333333333326
6,Bonanza FP4,unmanaged floodplain forest,Boreal tundra woodland,1919.0,1922.0,NPP_1_C,biomass_ag_C,3.71,71.93,250,250,2TEN,2TEN,,1989,1993,,1990,1991,calendar_year_overlap,True,Gower_2001_nppa,Gower_2001_nppa,Luyssaert_2007_cbob,Luyssaert_2007_cbob,,1,0,0,NAC,NAC,19.38814016172507,0.03877628032345014
6,Bonanza FP5,unmanaged floodplain forest,Boreal tundra woodland,1938.0,1941.0,NPP_1_C,biomass_ag_C,1.7,15.26,200,200,2TEN,2TEN,,1989,1993,,1990,1991,calendar_year_overlap,True,Gower_2001_nppa,Gower_2001_nppa,Luyssaert_2007_cbob,Luyssaert_2007_cbob,,1,0,0,NAC,NAC,8.976470588235294,0.017952941176470588
6,Bonanza UP3,unmanaged upland forest,Boreal tundra woodland,1976.0,1979.0,NPP_1_C,biomass_ag_C,3.81,71.71,130,130,2TEN,2TEN,,1989,1993,,1990,1991,calendar_year_overlap,True,Gower_2001_nppa,Gower_2001_nppa,Luyssaert_2007_cbob,Luyssaert_2007_cbob,,1,0,0,NAC,NAC,18.821522309711284,0.03764304461942257
4,Bornhoved Beech,Managed,Temperate oceanic forest,2174.0,2182.0,NPP_1_C,biomass_ag_C,6.82,151.0,110,111,2TDB,2TDB,1992,,,,1992,1993,calendar_year_overlap,False,Kutsch_2001_tcco,Kutsch_2001_tcco,Luyssaert_2007_cbob,Luyssaert_2007_cbob,,,0,0,NAC,NAC,22.14076246334311,0.04428152492668622
4,Bornhoved Beech,Managed,Temperate oceanic forest,2175.0,2182.0,NPP_1_C,biomass_ag_C,6.3,151.0,111,111,2TDB,2TDB,1993,,,,1992,1993,calendar_year_overlap,True,Kutsch_2001_tcco,Kutsch_2001_tcco,Luyssaert_2007_cbob,Luyssaert_2007_cbob,,,0,0,NAC,NAC,23.96825396825397,0.04793650793650794
5,Cascade Head (1),unmanaged,Temperate mountain system,2625.0,2629.0,NPP_1_C,biomass_ag_C,6.68,340.94,999,999,2TEN,2TEN,1992,,,1990,,,recorded_years_differ,True,Runyon_1994_elon,Runyon_1994_elon,Luyssaert_2007_cbob,Luyssaert_2007_cbob,,,0,0,NAC,NAC,51.038922155688624,0.10207784431137724
5,Cascade Head 10,unmanaged,Temperate mountain system,2673.0,2682.0,NPP_1_C,biomass_ag_C,5.79,451.16,185,185,2TEN,2TEN,2001,,,2001,,,calendar_year_overlap,True,Luyssaert_2007_cbob,Luyssaert_2007_cbob,Luyssaert_2007_cbob,Luyssaert_2007_cbob,,,0,0,NAC,NAC,77.92055267702936,0.15584110535405873
5,Cascade Head 11,unmanaged,Temperate mountain system,2696.0,2705.0,NPP_1_C,biomass_ag_C,5.43,562.9,168,168,2TEN,2TEN,2001,,,2001,,,calendar_year_overlap,True,Luyssaert_2007_cbob,Luyssaert_2007_cbob,Luyssaert_2007_cbob,Luyssaert_2007_cbob,,,0,0,NAC,NAC,103.66482504604052,0.20732965009208104
5,Cascade Head 12,unmanaged,Temperate mountain system,2719.0,2728.0,NPP_1_C,biomass_ag_C,4.42,538.34,178,178,2TEN,2TEN,2001,,,2001,,,calendar_year_overlap,True,Luyssaert_2007_cbob,Luyssaert_2007_cbob,Luyssaert_2007_cbob,Luyssaert_2007_cbob,,,0,0,NAC,NAC,121.79638009049775,0.2435927601809955
5,Coulissenhieb,planted Picea abies in 1850,Temperate oceanic forest,3778.0,3760.0,NPP_1_C,biomass_ag_C,6.65,124.42,145,145,2TEN,2TEN,1995,,,,1995,1997,calendar_year_overlap,True,Schulze_2000_tcan,Mund_2002_gacs,Luyssaert_2007_cbob,Luyssaert_2007_cbob,,1,0,0,NAC,NAC,18.709774436090225,0.03741954887218045
5,Frazer old,unmanaged,Temperate mountain system,5327.0,5331.0,NPP_1_C,biomass_ag_C,4.7,78.97,250,245,2TEN,2TEN,1996,,,,1981,1985,recorded_years_differ,False,Murty_1996_dfpi,Ryan_1992_mras,Luyssaert_2007_cbob,Luyssaert_2007_cbob,,,0,0,NAC,NAC,16.802127659574467,0.033604255319148936
4,Gribskov,Managed,Temperate oceanic forest,5707.0,5695.0,NPP_1_C,biomass_ag_C,5.9,158.6,118,118,2TDB,2TDB,1995,,,1995,,,calendar_year_overlap,True,Schulze_2000_tcan,Luyssaert_2007_cbob,Luyssaert_2007_cbob,Luyssaert_2007_cbob,,,0,0,NAC,NAC,26.881355932203387,0.05376271186440677
4,Hainich,unmanaged,Temperate oceanic forest,5899.0,5934.0,NPP_1_C,biomass_ag_C,5.86,204.76,252,255,2TDB,2TDB,2002,2000,2002,2005,,,recorded_years_differ,False,Bascietto_2003_dots,Luyssaert_2007_cbob,Luyssaert_2007_cbob,Luyssaert_2007_cbob,,,0,0,NAC,NAC,34.9419795221843,0.0698839590443686
4,Hubbard brook,unmanaged,Temperate mountain system,6570.0,6571.0,NPP_1_C,biomass_ag_C,5.39,62.42,114,114,2TDB,2TDB,,1961,1965,,1961,1965,calendar_year_overlap,True,DeAngelis_1981_pofe,DeAngelis_1981_pofe,Luyssaert_2007_cbob,Luyssaert_2007_cbob,,,0,0,NAC,NAC,11.58070500927644,0.02316141001855288
6,Jadraas Class I,Managed-120-y,Boreal coniferous forest,7160.0,7161.0,NPP_1_C,biomass_ag_C,2.41,29.92,120,120,2TEN,2TEN,2000,,,2000,,,calendar_year_overlap,True,Gower_2001_nppa,Gower_2001_nppa,Luyssaert_2007_cbob,Luyssaert_2007_cbob,,,0,0,NAC,NAC,12.4149377593361,0.0248298755186722
6,Kuusamo,unmanaged,Boreal coniferous forest,7848.0,7853.0,NPP_1_C,biomass_ag_C,2.12,48.93,260,260,2TEN,2TEN,,1967,1971,1971,,,calendar_year_overlap,True,Havas_1999_nbfk,Havas_1999_nbfk,Luyssaert_2007_cbob,Luyssaert_2007_cbob,,,0,0,NAC,NAC,23.080188679245282,0.046160377358490566
4,Lei-135+15,Managed,Temperate oceanic forest,8190.0,8197.0,NPP_1_C,biomass_ag_C,6.49,133.44,155,153,2TDB,2TDB,,2000,2002,2000,,,calendar_year_overlap,False,Bascietto_2003_dots,Luyssaert_2007_cbob,Luyssaert_2007_cbob,Luyssaert_2007_cbob,,,0,0,NAC,NAC,20.56086286594761,0.041121725731895216
5,Metolius 10,unmanaged,Temperate mountain system,9177.0,9186.0,NPP_1_C,biomass_ag_C,4.1,122.26,190,190,2TEN,2TEN,2001,,,2001,,,calendar_year_overlap,True,Luyssaert_2007_cbob,Luyssaert_2007_cbob,Luyssaert_2007_cbob,Luyssaert_2007_cbob,,,0,0,NAC,NAC,29.819512195121956,0.05963902439024391
5,Metolius 11,unmanaged,Temperate mountain system,9200.0,9209.0,NPP_1_C,biomass_ag_C,2.14,156.96,316,316,2TEN,2TEN,2001,,,2001,,,calendar_year_overlap,True,Luyssaert_2007_cbob,Luyssaert_2007_cbob,Luyssaert_2007_cbob,Luyssaert_2007_cbob,,,0,0,NAC,NAC,73.34579439252336,0.1466915887850467
5,Metolius 7,Managed,Temperate mountain system,9338.0,9347.0,NPP_1_C,biomass_ag_C,5.43,107.99,106,106,2TEN,2TEN,2001,,,2001,,,calendar_year_overlap,True,Luyssaert_2007_cbob,Luyssaert_2007_cbob,Luyssaert_2007_cbob,Luyssaert_2007_cbob,,,0,0,NAC,NAC,19.887661141804788,0.039775322283609575
5,Metolius Old Pine,"mosaic of old growth, young trees, and mixed age stands natural regeneration after fire",Temperate mountain system,9440.0,9425.0,NPP_1_C,biomass_ag_C,4.13,98.26,246,249,2TEN,2TEN,1996,,,1999,,,recorded_years_differ,False,Law_2000_moga,Law_1999_saar,Luyssaert_2007_cbob,Luyssaert_2007_cbob,,,0,0,NAC,NAC,23.79176755447942,0.04758353510895884
5,Metolius Old Pine,"mosaic of old growth, young trees, and mixed age stands natural regeneration after fire",Temperate mountain system,9440.0,9474.0,NPP_1_C,biomass_ag_C,4.13,123.17,246,251,2TEN,2TEN,1996,,,2001,,,recorded_years_differ,False,Law_2000_moga,Luyssaert_2007_cbob,Luyssaert_2007_cbob,Luyssaert_2007_cbob,,,0,0,NAC,NAC,29.823244552058114,0.059646489104116227
5,Metolius Old Pine,"mosaic of old growth, young trees, and mixed age stands natural regeneration after fire",Temperate mountain system,9441.0,9425.0,NPP_1_C,biomass_ag_C,4.0,98.26,247,249,2TEN,2TEN,1997,,,1999,,,recorded_years_differ,False,Law_2000_moga,Law_1999_saar,Luyssaert_2007_cbob,Luyssaert_2007_cbob,,,0,0,NAC,NAC,24.565,0.04913
5,Metolius Old Pine,"mosaic of old growth, young trees, and mixed age stands natural regeneration after fire",Temperate mountain system,9441.0,9474.0,NPP_1_C,biomass_ag_C,4.0,123.17,247,251,2TEN,2TEN,1997,,,2001,,,recorded_years_differ,False,Law_2000_moga,Luyssaert_2007_cbob,Luyssaert_2007_cbob,Luyssaert_2007_cbob,,,0,0,NAC,NAC,30.7925,0.061585
5,Metolius Old Pine,"mosaic of old growth, young trees, and mixed age stands natural regeneration after fire",Temperate mountain system,9465.0,9425.0,NPP_1_C,biomass_ag_C,3.63,98.26,251,249,2TEN,2TEN,2001,,,1999,,,recorded_years_differ,False,Luyssaert_2007_cbob,Law_1999_saar,Luyssaert_2007_cbob,Luyssaert_2007_cbob,,,0,0,NAC,NAC,27.06887052341598,0.054137741046831965
5,Metolius Old Pine,"mosaic of old growth, young trees, and mixed age stands natural regeneration after fire",Temperate mountain system,9465.0,9474.0,NPP_1_C,biomass_ag_C,3.63,123.17,251,251,2TEN,2TEN,2001,,,2001,,,calendar_year_overlap,True,Luyssaert_2007_cbob,Luyssaert_2007_cbob,Luyssaert_2007_cbob,Luyssaert_2007_cbob,,,0,0,NAC,NAC,33.931129476584026,0.06786225895316805
6,Prince Albert SSA (SOBS),natural regeneration after 1879 wildfire,Boreal coniferous forest,11895.0,11919.0,NPP_1_C,biomass_ag_C,2.52,49.1,115,120,2TEN,2TEN,1994,,,1999,,,recorded_years_differ,False,Gower_2001_nppa,Malhi_1999_tcbo,Luyssaert_2007_cbob,Luyssaert_2007_cbob,1,,0,0,NAC,NAC,19.484126984126984,0.03896825396825397
6,Prince Albert SSA (SOBS),natural regeneration after 1879 wildfire,Boreal coniferous forest,11895.0,11936.0,NPP_1_C,biomass_ag_C,2.52,51.4,115,115,2TEN,2TEN,1994,,,1994,,,calendar_year_overlap,True,Gower_2001_nppa,Ryan_1997_acco,Luyssaert_2007_cbob,Luyssaert_2007_cbob,1,1,0,0,NAC,NAC,20.396825396825395,0.04079365079365079
4,Schacht,Managed,Temperate mountain system,13281.0,13268.0,NPP_1_C,biomass_ag_C,5.18,130.8,120,120,2TDB,2TDB,1995,,,1995,,,calendar_year_overlap,True,Schulze_2000_tcan,Luyssaert_2007_cbob,Luyssaert_2007_cbob,Luyssaert_2007_cbob,,,0,0,NAC,NAC,25.250965250965255,0.05050193050193051
5,Tharandt,Managed,Temperate oceanic forest,14450.0,14475.0,NPP_1_C,biomass_ag_C,5.67,102.24,107,105,2TEN,2TEN,2001,2000,2002,1999,,,recorded_years_differ,False,Bascietto_2003_dots,CarboEurope-IP_2006_cd,Luyssaert_2007_cbob,Luyssaert_2007_cbob,,,0,0,NAC,NAC,18.03174603174603,0.03606349206349206
5,Tharandt,Managed,Temperate oceanic forest,14450.0,14511.0,NPP_1_C,biomass_ag_C,5.67,150.41,107,106,2TEN,2TEN,2001,2000,2002,2000,,,calendar_year_overlap,False,Bascietto_2003_dots,Luyssaert_2007_cbob,Luyssaert_2007_cbob,Luyssaert_2007_cbob,,,0,0,NAC,NAC,26.527336860670193,0.05305467372134039
6,Thompson NSA (NOBS),unmanaged,Boreal coniferous forest,14828.0,14821.0,NPP_1_C,biomass_ag_C,2.08,57.21,114,114,2TEN,2TEN,1994,,,1994.580822,,,calendar_year_overlap,True,Gower_2001_nppa,Gower_1997_cdaa,Luyssaert_2007_cbob,Luyssaert_2007_cbob,1,,0,0,NAC,NAC,27.504807692307693,0.055009615384615386
7,Tura,natural regeneration after fire.Larix gmelinii forest,Boreal mountain system,15318.0,15314.0,NPP_1_C,biomass_ag_C,2.16,11.38,105,105,2TDN,2TDN,,2000,2004,NI,NI,NI,unknown,True,Luyssaert_2007_cbob,Luyssaert_2007_cbob,Luyssaert_2007_cbob_v3.3,Luyssaert_2007_cbob_v3.3,,,0,0,NAC,NAC,5.268518518518518,0.010537037037037036
6,Yenisei/Zotino,Managed,Boreal coniferous forest,17261.0,17245.0,NPP_1_C,biomass_ag_C,2.14,91.9,216,218,2TEN,2TEN,,1999,2000,2002,,,recorded_years_differ,False,Lloyd_2002_saav,Ito_2002_asmo,Luyssaert_2007_cbob,Luyssaert_2007_cbob,,,0,0,NAC,NAC,42.94392523364486,0.08588785046728972
6,Yenisei/Zotino,Managed,Boreal coniferous forest,17261.0,17269.0,NPP_1_C,biomass_ag_C,2.14,61.15,216,216,2TEN,2TEN,,1999,2000,,1999,2000,calendar_year_overlap,True,Lloyd_2002_saav,Lloyd_2002_saav,Luyssaert_2007_cbob,Luyssaert_2007_cbob,,,0,0,NAC,NAC,28.574766355140184,0.057149532710280365
