age_ka,native_broad_frac,actual_broad_frac,native_mixed_frac,actual_mixed_frac,native_broad_cells,actual_broad_cells,broad_ge51_cells,soil_min,soil_mean
3.0,0.013422818791946308,0.030201342281879196,0.9865771812080537,0.9697986577181208,4,9,6,0.04545110575697853,2.3448604121195533
2.9,0.013422818791946308,0.026845637583892617,0.9865771812080537,0.9731543624161074,4,8,5,0.04311588202472167,2.3513792834400284
2.8,0.013422818791946308,0.016778523489932886,0.9865771812080537,0.9832214765100671,4,5,2,0.05142335849959943,2.358968697510768
2.7,0.010067114093959731,0.020134228187919462,0.9899328859060402,0.9798657718120806,3,6,3,0.05908169058955941,2.366922546326914
2.6,0.010067114093959731,0.026845637583892617,0.9899328859060402,0.9731543624161074,3,8,5,0.04523751245076733,2.372698234801205
2.5,0.010067114093959731,0.016778523489932886,0.9899328859060402,0.9832214765100671,3,5,2,0.04244936312345797,2.3786941850516405
2.4,0.010067114093959731,0.016778523489932886,0.9899328859060402,0.9832214765100671,3,5,2,0.03967441503729073,2.384336490555385
2.3,0.010067114093959731,0.016778523489932886,0.9899328859060402,0.9832214765100671,3,5,2,0.04324726599784782,2.3902014951779442
2.2,0.010067114093959731,0.013422818791946308,0.9899328859060402,0.9865771812080537,3,4,1,0.04098395642677691,2.3958900240919996
2.1,0.010067114093959731,0.013422818791946308,0.9899328859060402,0.9865771812080537,3,4,1,0.05251723862821889,2.403024005767197
2.0,0.010067114093959731,0.013422818791946308,0.9899328859060402,0.9865771812080537,3,4,1,0.0379128154507488,2.4078537645062545
1.9,0.010067114093959731,0.016778523489932886,0.9899328859060402,0.9832214765100671,3,5,2,0.03282712529937486,2.4122361025370265
1.8,0.010067114093959731,0.020134228187919462,0.9899328859060402,0.9798657718120806,3,6,3,0.04154106777489493,2.417672439916811
1.7,0.010067114093959731,0.016778523489932886,0.9899328859060402,0.9832214765100671,3,5,2,0.04115677214330865,2.4229962448022153
1.6,0.010067114093959731,0.013422818791946308,0.9899328859060402,0.9865771812080537,3,4,1,0.04157483029596068,2.4282606777783675
1.5,0.013422818791946308,0.013422818791946308,0.9865771812080537,0.9865771812080537,4,4,1,0.038290794062020156,2.433040423934216
1.4,0.013422818791946308,0.020134228187919462,0.9865771812080537,0.9798657718120806,4,6,3,0.036557554049592066,2.437470232620239
1.3,0.013422818791946308,0.013422818791946308,0.9865771812080537,0.9865771812080537,4,4,1,0.03486649025696687,2.441794629108933
1.2,0.013422818791946308,0.016778523489932886,0.9865771812080537,0.9832214765100671,4,5,2,0.045144821326504714,2.4473978230159967
1.1,0.013422818791946308,0.013422818791946308,0.9865771812080537,0.9865771812080537,4,4,1,0.046399089117810155,2.45297211747829
1.0,0.013422818791946308,0.020134228187919462,0.9865771812080537,0.9798657718120806,4,6,3,0.04551354912055931,2.4583628934860062
0.9,0.013422818791946308,0.013422818791946308,0.9865771812080537,0.9865771812080537,4,4,0,0.043457792360956704,2.463339132181502
0.8,0.013422818791946308,0.013422818791946308,0.9865771812080537,0.9865771812080537,4,4,0,0.048253838736153756,2.468887890289642
0.7,0.013422818791946308,0.013422818791946308,0.9865771812080537,0.9865771812080537,4,4,0,0.03891689183337831,2.4730422625122284
0.6,0.013422818791946308,0.016778523489932886,0.9865771812080537,0.9832214765100671,4,5,1,0.04517270865012688,2.477929835278776
0.5,0.013422818791946308,0.016778523489932886,0.9865771812080537,0.9832214765100671,4,5,1,0.04750114329993627,2.483126450809819
0.4,0.013422818791946308,0.016778523489932886,0.9865771812080537,0.9832214765100671,4,5,1,0.04445484090186753,2.487866020061303
0.3,0.013422818791946308,0.016778523489932886,0.9865771812080537,0.9832214765100671,4,5,1,0.023294547931818118,2.489832577144964
0.2,0.013422818791946308,0.020134228187919462,0.9865771812080537,0.9798657718120806,4,6,2,0.01620870204745555,2.491207049368327
0.1,0.016778523489932886,0.026845637583892617,0.9832214765100671,0.9731543624161074,5,8,4,0.022257181552949354,2.493446376977747
-0.0,0.016778523489932886,1.0,0.9832214765100671,0.0,5,298,294,0.014180825144967508,2.4959887587197356