variant,mode,age_ka,actual_counts,native_counts,hotfix_counts,full_biome_counts,optpft_counts,pft2_npp_mean,pft2_pass,pft3_npp_mean,pft3_pass,pft4_npp_mean,pft4_pass,pft5_npp_mean,pft5_pass,pft6_npp_mean,pft6_pass,pft7_npp_mean,pft7_pass,broad_share_mean,broad_share_min,broad_share_max,broad_ge51_frac,soil_mean,soil_min,soil_max,soil_q05,soil_q50,soil_q95,whc_mean,whc_q05,whc_q95,broad_cells,broad_soil_mean,broad_soil_min,broad_soil_max,broad_share_cells_mean,broad_elev_mean
mckenzie2003,dynamic,5.9,1:297;4:1,1:6;2:291;4:1,1:297;4:1,-1:1;4:6;7:291,0:1;6:291;7:6,0.0,0.0,0.0,0.0,484.4943066735059,0.9966442953020134,415.91935573282467,0.9966442953020134,459.92367168387983,0.9966442953020134,419.338874482948,0.9966442953020134,0.5121490441265812,0.4523723172443437,0.536439466360487,0.9832214765100671,2.1526477336883545,0.0,10.712729454040527,0.2725133001804352,1.3753072023391724,6.423361778259277,228.90167236328125,62.640804290771484,298.54998779296875,297,2.159895658493042,0.0322737880051136,10.712729454040527,0.5121490441265812,1165.312255859375
mckenzie2003,static,5.9,1:298,2:298,1:298,7:298,6:298,0.0,0.0,0.0,0.0,486.75125060625527,1.0,426.8482631196912,1.0,463.21862813450343,1.0,420.2304957857068,1.0,0.5123859837583675,0.5123674144262627,0.512412948878359,1.0,1.9403879642486572,1.940000057220459,1.9574874639511108,1.940000057220459,1.940000057220459,1.940000057220459,298.5500183105469,298.54998779296875,298.54998779296875,298,1.9403879642486572,1.940000057220459,1.9574874639511108,0.5123859837583675,1163.0775146484375
original,static,5.9,2:298,2:298,1:298,7:298,6:298,0.0,0.0,0.0,0.0,486.75125060625527,1.0,0.0,0.0,463.21862813450343,1.0,420.2304957857068,1.0,0.5123859837583675,0.5123674144262627,0.512412948878359,1.0,1.9403879642486572,1.940000057220459,1.9574874639511108,1.940000057220459,1.940000057220459,1.940000057220459,225.0,225.0,225.0,0,,,,,
mckenzie2003,dynamic,4.8,1:298,1:4;2:294,1:298,4:4;7:294,4:47;6:247;7:4,0.0,0.0,0.0,0.0,505.9435168784737,1.0,437.6130495007406,1.0,479.9317591622372,1.0,437.147648139288,1.0,0.5124725974312286,0.4611736183783072,0.5167142523801531,0.9899328859060402,2.2316319942474365,0.0371493361890316,11.050586700439453,0.3328310549259186,1.4427450895309448,6.63485050201416,233.0435791015625,74.54602813720703,298.54998779296875,298,2.2316319942474365,0.0371493361890316,11.050586700439453,0.5124725974312286,1165.4794921875
mckenzie2003,static,4.8,1:298,2:298,1:298,7:298,4:57;6:241,0.0,0.0,0.0,0.0,507.88404917876994,1.0,445.32348294866165,1.0,482.49361537446913,1.0,437.8711799775194,1.0,0.5128185641480165,0.5127959758994551,0.512860267237507,1.0,1.9403879642486572,1.940000057220459,1.9574874639511108,1.940000057220459,1.940000057220459,1.940000057220459,298.5500183105469,298.54998779296875,298.54998779296875,298,1.9403879642486572,1.940000057220459,1.9574874639511108,0.5128185641480165,1163.0775146484375
original,static,4.8,2:298,2:298,1:298,7:298,4:57;6:241,0.0,0.0,0.0,0.0,507.88404917876994,1.0,0.0,0.0,482.49361537446913,1.0,437.8711799775194,1.0,0.5128185641480165,0.5127959758994551,0.512860267237507,1.0,1.9403879642486572,1.940000057220459,1.9574874639511108,1.940000057220459,1.940000057220459,1.940000057220459,225.0,225.0,225.0,0,,,,,
mckenzie2003,static,4.3,2:298,2:298,2:298,7:298,4:297;6:1,0.0,0.0,0.0,0.0,507.5083567984152,1.0,444.81959441524225,1.0,488.1522714499659,1.0,443.8762502990313,1.0,0.5097202247219752,0.5096984818819017,0.5097599999116635,0.0,1.9403879642486572,1.940000057220459,1.9574874639511108,1.940000057220459,1.940000057220459,1.940000057220459,298.5500183105469,298.54998779296875,298.54998779296875,0,,,,,
original,static,4.3,2:298,2:298,2:298,7:298,4:297;6:1,0.0,0.0,0.0,0.0,507.5083567984152,1.0,0.0,0.0,488.1522714499659,1.0,443.8762502990313,1.0,0.5097202247219752,0.5096984818819017,0.5097599999116635,0.0,1.9403879642486572,1.940000057220459,1.9574874639511108,1.940000057220459,1.940000057220459,1.940000057220459,225.0,225.0,225.0,0,,,,,
mckenzie2003,dynamic,4.2,1:286;2:12,1:4;2:294,1:286;2:12,4:4;7:294,4:15;6:279;7:4,0.0,0.0,0.0,0.0,506.4163712879155,1.0,439.5606812854741,1.0,485.8010940039718,1.0,442.6870656877556,1.0,0.5097934025094563,0.47393105035930394,0.5322368436522046,0.9496644295302014,2.2741358280181885,0.04679161682724953,11.216246604919434,0.3495328426361084,1.4849590063095093,6.742080211639404,235.5640411376953,78.0032958984375,298.54998779296875,286,2.282463550567627,0.04679161682724953,11.216246604919434,0.5097849252192295,1164.50390625
mckenzie2003,static,4.2,1:287;2:11,2:298,1:287;2:11,7:298,4:12;6:286,0.0,0.0,0.0,0.0,507.93056728695865,1.0,446.08374504755005,1.0,487.97967170868947,1.0,443.2110955155136,1.0,0.5100164118623257,0.5099934284116117,0.5100269499024537,0.9630872483221476,1.9403879642486572,1.940000057220459,1.9574874639511108,1.940000057220459,1.940000057220459,1.940000057220459,298.5500183105469,298.54998779296875,298.54998779296875,287,1.940402865409851,1.940000057220459,1.9574874639511108,0.5100172175623654,1162.0010986328125
original,static,4.2,2:298,2:298,1:287;2:11,7:298,4:12;6:286,0.0,0.0,0.0,0.0,507.93056728695865,1.0,0.0,0.0,487.97967170868947,1.0,443.2110955155136,1.0,0.5100164118623257,0.5099934284116117,0.5100269499024537,0.9630872483221476,1.9403879642486572,1.940000057220459,1.9574874639511108,1.940000057220459,1.940000057220459,1.940000057220459,225.0,225.0,225.0,0,,,,,
mckenzie2003,static,4.1,2:298,2:298,2:298,7:298,6:298,0.0,0.0,0.0,0.0,505.9895843915491,1.0,444.1864442761312,1.0,488.0847890969091,1.0,443.5597621226471,1.0,0.5090057628640896,0.5089927760622251,0.5090149019410328,0.0,1.9403879642486572,1.940000057220459,1.9574874639511108,1.940000057220459,1.940000057220459,1.940000057220459,298.5500183105469,298.54998779296875,298.54998779296875,0,,,,,
original,static,4.1,2:298,2:298,2:298,7:298,6:298,0.0,0.0,0.0,0.0,505.9895843915491,1.0,0.0,0.0,488.0847890969091,1.0,443.5597621226471,1.0,0.5090057628640896,0.5089927760622251,0.5090149019410328,0.0,1.9403879642486572,1.940000057220459,1.9574874639511108,1.940000057220459,1.940000057220459,1.940000057220459,225.0,225.0,225.0,0,,,,,
mckenzie2003,dynamic,4.0,1:298,1:4;2:294,1:298,4:4;7:294,4:1;6:293;7:4,0.0,0.0,0.0,0.0,513.6486363762978,1.0,446.0159533199848,1.0,492.6486198374089,1.0,449.0569829748781,1.0,0.5096570902913244,0.4448993528501511,0.5310947837862592,0.9899328859060402,2.284946918487549,0.02961219660937786,11.266314506530762,0.35638007521629333,1.4914541244506836,6.774990081787109,235.8185272216797,79.4206771850586,298.54998779296875,298,2.284946918487549,0.02961219660937786,11.266314506530762,0.5096570902913244,1165.6253662109375
mckenzie2003,static,4.0,1:298,2:298,1:298,7:298,4:2;6:296,0.0,0.0,0.0,0.0,515.993621006908,1.0,453.12911270448825,1.0,495.5419111827876,1.0,450.1570991669725,1.0,0.5101092381717643,0.510084311538774,0.5101245998553432,1.0,1.9403879642486572,1.940000057220459,1.9574874639511108,1.940000057220459,1.940000057220459,1.940000057220459,298.5500183105469,298.54998779296875,298.54998779296875,298,1.9403879642486572,1.940000057220459,1.9574874639511108,0.5101092381717643,1163.0775146484375
original,static,4.0,2:298,2:298,1:298,7:298,4:2;6:296,0.0,0.0,0.0,0.0,515.993621006908,1.0,0.0,0.0,495.5419111827876,1.0,450.1570991669725,1.0,0.5101092381717643,0.510084311538774,0.5101245998553432,1.0,1.9403879642486572,1.940000057220459,1.9574874639511108,1.940000057220459,1.940000057220459,1.940000057220459,225.0,225.0,225.0,0,,,,,
mckenzie2003,static,3.9,2:298,2:298,2:298,7:298,4:140;6:158,0.0,0.0,0.0,0.0,516.2463208909003,1.0,453.7246217663656,1.0,497.6220672402606,1.0,452.0194101013593,1.0,0.5091847509257234,0.509170509894085,0.5092286307953086,0.0,1.9403879642486572,1.940000057220459,1.9574874639511108,1.940000057220459,1.940000057220459,1.940000057220459,298.5500183105469,298.54998779296875,298.54998779296875,0,,,,,
original,static,3.9,2:298,2:298,2:298,7:298,4:140;6:158,0.0,0.0,0.0,0.0,516.2463208909003,1.0,0.0,0.0,497.6220672402606,1.0,452.0194101013593,1.0,0.5091847509257234,0.509170509894085,0.5092286307953086,0.0,1.9403879642486572,1.940000057220459,1.9574874639511108,1.940000057220459,1.940000057220459,1.940000057220459,225.0,225.0,225.0,0,,,,,
mckenzie2003,static,3.6,1:4;2:294,2:298,1:4;2:294,7:298,4:273;6:25,0.0,0.0,0.0,0.0,517.2435306830694,1.0,453.11724228826944,1.0,497.037000208093,1.0,452.4101505151531,1.0,0.5099610202266753,0.5099268976873518,0.510014013081345,0.013422818791946308,1.9403879642486572,1.940000057220459,1.9574874639511108,1.940000057220459,1.940000057220459,1.940000057220459,298.5500183105469,298.54998779296875,298.54998779296875,4,1.940000057220459,1.940000057220459,1.940000057220459,0.5100082240219538,1202.1533203125
original,static,3.6,2:298,2:298,1:4;2:294,7:298,4:273;6:25,0.0,0.0,0.0,0.0,517.2435306830694,1.0,0.0,0.0,497.037000208093,1.0,452.4101505151531,1.0,0.5099610202266753,0.5099268976873518,0.510014013081345,0.013422818791946308,1.9403879642486572,1.940000057220459,1.9574874639511108,1.940000057220459,1.940000057220459,1.940000057220459,225.0,225.0,225.0,0,,,,,
mckenzie2003,dynamic,3.4,1:10;2:288,1:4;2:294,1:10;2:288,4:4;7:294,4:77;6:217;7:4,0.0,0.0,0.0,0.0,518.9753440498506,1.0,450.1270029720844,1.0,498.59915601487126,1.0,455.1425489387256,1.0,0.5093077207648258,0.4566277563495082,0.5300969501479982,0.02348993288590604,2.321143627166748,0.03730032593011856,11.411052703857422,0.3551124632358551,1.5128097534179688,6.8709716796875,237.2958984375,79.15827178955078,298.54998779296875,10,0.18084783852100372,0.03730032593011856,0.3047865033149719,0.5002163585908421,1161.525634765625
mckenzie2003,static,3.4,2:298,2:298,2:298,7:298,4:85;6:213,0.0,0.0,0.0,0.0,520.9668249347866,1.0,457.1626291979079,1.0,501.2927458078269,1.0,455.97528178579853,1.0,0.5096228406219865,0.5096128452871133,0.5096809055549567,0.0,1.9403879642486572,1.940000057220459,1.9574874639511108,1.940000057220459,1.940000057220459,1.940000057220459,298.5500183105469,298.54998779296875,298.54998779296875,0,,,,,
original,static,3.4,2:298,2:298,2:298,7:298,4:85;6:213,0.0,0.0,0.0,0.0,520.9668249347866,1.0,0.0,0.0,501.2927458078269,1.0,455.97528178579853,1.0,0.5096228406219865,0.5096128452871133,0.5096809055549567,0.0,1.9403879642486572,1.940000057220459,1.9574874639511108,1.940000057220459,1.940000057220459,1.940000057220459,225.0,225.0,225.0,0,,,,,
mckenzie2003,dynamic,3.0,1:9;2:289,1:4;2:294,1:9;2:289,4:4;7:294,4:294;7:4,0.0,0.0,0.0,0.0,526.5190551552996,1.0,457.4017109710898,1.0,505.979559674359,1.0,461.51827286073825,1.0,0.5093235916285427,0.4692631087604885,0.5308827419386519,0.020134228187919462,2.344860315322876,0.04545110464096069,11.499207496643066,0.3611355721950531,1.5256178379058838,6.930926322937012,238.23678588867188,80.40505981445312,298.54998779296875,9,0.17106294631958008,0.04545110464096069,0.3070792257785797,0.5027934484490653,1162.7232666015625
mckenzie2003,static,3.0,2:298,2:298,2:298,7:298,4:298,0.0,0.0,0.0,0.0,528.205966411821,1.0,464.2804807112521,1.0,508.46320204766806,1.0,462.1359254977847,1.0,0.509522215864639,0.5094874777299426,0.509597758341139,0.0,1.9403879642486572,1.940000057220459,1.9574874639511108,1.940000057220459,1.940000057220459,1.940000057220459,298.5500183105469,298.54998779296875,298.54998779296875,0,,,,,
original,static,3.0,2:298,2:298,2:298,7:298,4:298,0.0,0.0,0.0,0.0,528.205966411821,1.0,0.0,0.0,508.46320204766806,1.0,462.1359254977847,1.0,0.509522215864639,0.5094874777299426,0.509597758341139,0.0,1.9403879642486572,1.940000057220459,1.9574874639511108,1.940000057220459,1.940000057220459,1.940000057220459,225.0,225.0,225.0,0,,,,,
mckenzie2003,dynamic,0.4,1:5;2:293,1:4;2:294,1:5;2:293,4:4;7:294,4:294;7:4,0.0,0.0,0.0,0.0,544.5737441914193,1.0,474.76790828832844,1.0,531.3100766175545,1.0,486.65686577918547,1.0,0.5054649685789049,0.4620390513177279,0.5107078082791335,0.003355704697986577,2.487865924835205,0.04445483908057213,11.958999633789062,0.4135758876800537,1.5726609230041504,7.237432956695557,243.13233947753906,91.26020812988281,298.54998779296875,5,0.08917433023452759,0.04445483908057213,0.19925493001937866,0.48613484595399636,1156.431640625
mckenzie2003,static,0.4,2:298,2:298,2:298,7:298,4:298,0.0,0.0,0.0,0.0,546.3300838598469,1.0,480.87271046478475,1.0,533.8417196593829,1.0,487.1849864985319,1.0,0.5057807327769459,0.5057642263834434,0.5058361232647139,0.0,1.9403879642486572,1.940000057220459,1.9574874639511108,1.940000057220459,1.940000057220459,1.940000057220459,298.5500183105469,298.54998779296875,298.54998779296875,0,,,,,
original,static,0.4,2:298,2:298,2:298,7:298,4:298,0.0,0.0,0.0,0.0,546.3300838598469,1.0,0.0,0.0,533.8417196593829,1.0,487.1849864985319,1.0,0.5057807327769459,0.5057642263834434,0.5058361232647139,0.0,1.9403879642486572,1.940000057220459,1.9574874639511108,1.940000057220459,1.940000057220459,1.940000057220459,225.0,225.0,225.0,0,,,,,
mckenzie2003,static,0.3,2:298,2:298,2:298,7:298,4:281;6:17,0.0,0.0,0.0,0.0,535.6767711255375,1.0,470.3449390590591,1.0,522.9292532901636,1.0,477.4290968107697,1.0,0.506020899194843,0.5059899788759339,0.5060430387730206,0.0,1.9403879642486572,1.940000057220459,1.9574874639511108,1.940000057220459,1.940000057220459,1.940000057220459,298.5500183105469,298.54998779296875,298.54998779296875,0,,,,,
original,static,0.3,2:298,2:298,2:298,7:298,4:281;6:17,0.0,0.0,0.0,0.0,535.6767711255375,1.0,0.0,0.0,522.9292532901636,1.0,477.4290968107697,1.0,0.506020899194843,0.5059899788759339,0.5060430387730206,0.0,1.9403879642486572,1.940000057220459,1.9574874639511108,1.940000057220459,1.940000057220459,1.940000057220459,225.0,225.0,225.0,0,,,,,
mckenzie2003,dynamic,0.0,1:298,1:5;2:293,1:298,4:5;7:293,4:293;7:5,0.0,0.0,0.0,0.0,609.9300868911231,1.0,535.8209572734448,1.0,584.0151228424687,1.0,534.0463514392007,1.0,0.509621140418907,0.4149821555927131,0.5294883906160239,0.9865771812080537,2.495988607406616,0.014180825091898441,12.009742736816406,0.39486387372016907,1.5750586986541748,7.261530876159668,242.0209197998047,87.3868179321289,298.54998779296875,298,2.495988607406616,0.014180825091898441,12.009742736816406,0.509621140418907,1166.33935546875
mckenzie2003,static,0.0,1:298,2:298,1:298,7:298,4:298,0.0,0.0,0.0,0.0,614.7314739867345,1.0,545.2845444647257,1.0,589.3147900472551,1.0,536.728333953243,1.0,0.5105546971977994,0.5105361574748389,0.5105709827145904,1.0,1.9403879642486572,1.940000057220459,1.9574874639511108,1.940000057220459,1.940000057220459,1.940000057220459,298.5500183105469,298.54998779296875,298.54998779296875,298,1.9403879642486572,1.940000057220459,1.9574874639511108,0.5105546971977994,1163.0775146484375
original,static,0.0,2:298,2:298,1:298,7:298,4:298,0.0,0.0,0.0,0.0,614.7314739867345,1.0,0.0,0.0,589.3147900472551,1.0,536.728333953243,1.0,0.5105546971977994,0.5105361574748389,0.5105709827145904,1.0,1.9403879642486572,1.940000057220459,1.9574874639511108,1.940000057220459,1.940000057220459,1.940000057220459,225.0,225.0,225.0,0,,,,,