target_age_ka,depth_m,optpft,biome_id,pft04_npp,pft06_npp,pft07_npp,pft08_npp,pft07_lai,pft08_lai
6.0,0.05,7,4,279.6213073730469,249.8148498535156,317.3482666015625,251.33804321289065,2.697499990463257,2.478749990463257
5.0,0.05,7,4,270.79071044921875,246.49668884277344,306.0148010253906,247.35772705078125,2.713124990463257,2.463124990463257
4.0,0.05,7,4,297.153564453125,265.1350402832031,335.3174743652344,265.0013732910156,2.806874990463257,2.525624990463257
3.0,0.05,7,4,297.9737243652344,266.8576354980469,339.7250671386719,265.93902587890625,2.853749990463257,2.572499990463257
2.7,0.05,7,4,297.9737243652344,266.8576354980469,339.7250671386719,265.93902587890625,2.853749990463257,2.572499990463257
2.5,0.05,7,4,311.575927734375,273.131103515625,351.415771484375,277.1534118652344,2.853749990463257,2.541249990463257
2.3,0.05,7,4,311.575927734375,273.131103515625,351.415771484375,277.1534118652344,2.853749990463257,2.541249990463257
2.2,0.05,7,4,311.575927734375,273.131103515625,351.415771484375,277.1534118652344,2.853749990463257,2.541249990463257
2.0,0.05,7,4,311.575927734375,273.131103515625,351.415771484375,277.1534118652344,2.853749990463257,2.541249990463257
1.0,0.05,7,4,316.1912536621094,278.1725769042969,357.1661376953125,286.9328308105469,2.822499990463257,2.603749990463257
0.0,0.05,7,4,364.87213134765625,316.90478515625,402.9762268066406,331.927490234375,3.056874990463257,2.775624990463257
