target_age_ka,depth_m,biome_id,optpft,pft04_npp,pft04_lai,pft07_npp,pft07_lai,pft08_npp,pft08_lai
5.0,0.03,4,7,244.4495086669922,1.1506249904632568,301.1156921386719,2.134999990463257,0.0,0.0
5.0,0.04,20,8,301.4518127441406,1.4943749904632568,347.3428955078125,2.619374990463257,277.84295654296875,2.291249990463257
5.0,0.05,20,8,348.9489440917969,1.8068749904632568,377.9563293457031,2.916249990463257,322.39471435546875,2.728749990463257
5.0,0.06,4,7,386.60302734375,2.088124990463257,413.2241821289063,3.259999990463257,348.4979248046875,2.916249990463257
5.0,0.08,4,7,439.1260681152344,2.509999990463257,427.9226684570313,3.369374990463257,381.6349182128906,3.525624990463257
5.0,0.1,4,7,480.5792846679688,2.853749990463257,429.0724487304688,3.416249990463257,383.926025390625,4.025625228881836
4.0,0.03,4,7,252.38296508789065,1.1506249904632568,314.010986328125,2.166249990463257,0.0,0.0
4.0,0.04,20,8,312.0609741210937,1.4787499904632568,362.56005859375,2.666249990463257,281.1854553222656,2.244374990463257
4.0,0.05,20,8,361.9367065429688,1.8381249904632568,394.60198974609375,2.931874990463257,338.5379638671875,2.681874990463257
4.0,0.06,4,7,401.586181640625,2.072499990463257,433.4846801757813,3.322499990463257,365.9198913574219,3.009999990463257
4.0,0.08,4,7,456.9995727539063,2.541249990463257,448.1388549804688,3.447499990463257,401.5184631347656,3.463124990463257
4.0,0.1,4,7,501.370361328125,2.853749990463257,450.1629028320313,3.478749990463257,405.4982299804688,4.025625228881836
3.0,0.03,4,7,254.5472869873047,1.1193749904632568,319.2474060058594,2.181874990463257,0.0,0.0
3.0,0.04,20,8,315.23760986328125,1.5099999904632568,369.12603759765625,2.603749990463257,285.0069580078125,2.275624990463257
3.0,0.05,20,8,366.2098693847656,1.8068749904632568,402.5993957519531,2.916249990463257,343.6005249023437,2.697499990463257
3.0,0.06,4,7,407.1759948730469,2.134999990463257,442.3628845214844,3.369374990463257,372.6741027832031,3.041249990463257
3.0,0.08,4,7,464.5250854492188,2.556874990463257,459.3542175292969,3.509999990463257,409.4871520996094,3.431874990463257
3.0,0.1,4,7,504.5065612792969,2.822499990463257,462.1336975097656,3.509999990463257,416.68017578125,4.025625228881836
2.7,0.03,4,7,257.3149108886719,1.1193749904632568,323.3664245605469,2.197499990463257,0.0,0.0
2.7,0.04,20,8,318.66705322265625,1.5256249904632568,373.6856994628906,2.713124990463257,292.6687316894531,2.259999990463257
2.7,0.05,20,8,370.0604248046875,1.8537499904632568,407.105224609375,2.916249990463257,346.977294921875,2.681874990463257
2.7,0.06,4,7,411.320068359375,2.134999990463257,446.5919189453125,3.369374990463257,376.1539611816406,3.072499990463257
2.7,0.08,4,7,468.6229248046875,2.541249990463257,463.6558532714844,3.525624990463257,412.9453430175781,3.478749990463257
2.7,0.1,4,7,508.510009765625,2.822499990463257,466.01806640625,3.525624990463257,419.9175109863281,4.025625228881836
2.5,0.03,4,7,255.4095764160156,1.1662499904632568,322.48065185546875,2.228749990463257,0.0,0.0
2.5,0.04,20,8,316.1240539550781,1.5412499904632568,372.3474426269531,2.697499990463257,291.23291015625,2.322499990463257
2.5,0.05,20,8,366.9216613769531,1.8693749904632568,405.4925842285156,2.978749990463257,342.7172546386719,2.713124990463257
2.5,0.06,4,7,407.5687255859375,2.134999990463257,444.9364318847656,3.384999990463257,371.0554504394531,3.041249990463257
2.5,0.08,4,7,463.9004211425781,2.525624990463257,461.1302490234375,3.509999990463257,407.2916870117188,3.447499990463257
2.5,0.1,4,7,503.1649169921875,2.791249990463257,462.9366760253906,3.525624990463257,412.9302673339844,4.025625228881836
2.3,0.03,4,7,256.1947326660156,1.1037499904632568,325.11834716796875,2.228749990463257,0.0,0.0
2.3,0.04,20,8,317.5626220703125,1.4943749904632568,376.0989990234375,2.681874990463257,294.0358581542969,2.291249990463257
2.3,0.05,4,7,369.2151489257813,1.8381249904632568,410.0227355957031,3.025624990463257,345.6561889648437,2.759999990463257
2.3,0.06,4,7,410.7378845214844,2.103749990463257,450.7252502441406,3.322499990463257,375.05572509765625,3.009999990463257
2.3,0.08,4,7,468.6839294433594,2.541249990463257,467.9461059570313,3.541249990463257,412.6982727050781,3.478749990463257
2.3,0.1,4,7,508.7276916503906,2.822499990463257,469.84771728515625,3.541249990463257,418.961181640625,4.025625228881836
2.2,0.03,4,7,255.4981842041016,1.1037499904632568,325.65606689453125,2.228749990463257,0.0,0.0
2.2,0.04,20,8,316.5410461425781,1.4943749904632568,376.3610229492188,2.681874990463257,288.7230224609375,2.259999990463257
2.2,0.05,4,7,367.5701904296875,1.8224999904632568,410.0949401855469,3.009999990463257,343.0904846191406,2.744374990463257
2.2,0.06,4,7,408.7030944824219,2.150624990463257,450.544677734375,3.353749990463257,372.0372619628906,3.009999990463257
2.2,0.08,4,7,465.7508850097656,2.556874990463257,467.71044921875,3.541249990463257,409.10546875,3.463124990463257
2.2,0.1,4,7,505.4012451171875,2.822499990463257,470.07806396484375,3.541249990463257,415.1197814941406,4.025625228881836
2.0,0.03,4,7,256.1463317871094,1.1193749904632568,326.5815124511719,2.197499990463257,0.0,0.0
2.0,0.04,20,8,317.2346496582031,1.4943749904632568,377.2933654785156,2.650624990463257,285.5082702636719,2.291249990463257
2.0,0.05,20,8,368.3414001464844,1.8849999904632568,411.0804138183594,2.947499990463257,343.5828857421875,2.713124990463257
2.0,0.06,4,7,409.5219421386719,2.119374990463257,451.6202697753906,3.416249990463257,372.4873046875,2.963124990463257
2.0,0.08,4,7,466.4230041503906,2.509999990463257,468.132080078125,3.541249990463257,409.4585266113281,3.478749990463257
2.0,0.1,4,7,506.00341796875,2.822499990463257,470.525390625,3.541249990463257,415.40924072265625,4.025625228881836
