woody_lai_threshold,age_ka,n_depths,n_pft8_depths,pft8_depth_min_m,pft8_depth_max_m
2.5,2.0,12,0,,
2.5,2.2,12,0,,
2.5,2.3,12,0,,
2.5,2.5,12,0,,
2.5,2.7,12,0,,
2.5,3.0,12,0,,
2.5,4.0,12,0,,
2.5,5.0,12,0,,
3.0,2.0,12,2,0.04,0.05
3.0,2.2,12,1,0.04,0.04
3.0,2.3,12,1,0.04,0.04
3.0,2.5,12,2,0.04,0.05
3.0,2.7,12,2,0.04,0.05
3.0,3.0,12,2,0.04,0.05
3.0,4.0,12,2,0.04,0.05
3.0,5.0,12,2,0.04,0.05
3.5,2.0,12,3,0.04,0.06
3.5,2.2,12,3,0.04,0.06
3.5,2.3,12,3,0.04,0.06
3.5,2.5,12,3,0.04,0.06
3.5,2.7,12,3,0.04,0.06
3.5,3.0,12,3,0.04,0.06
3.5,4.0,12,6,0.04,0.12
3.5,5.0,12,6,0.04,0.12
