mode,ka_bp,pft4_count,pft6_count,pft7_count,pft8_count,tree_plus_pft8_total,pft8_fraction_tree_plus_pft8
static,2.1,296.0,2.0,0.0,0.0,298.0,0.0
static,2.0,298.0,0.0,0.0,0.0,298.0,0.0
static,1.9,298.0,0.0,0.0,0.0,298.0,0.0
static,1.8,298.0,0.0,0.0,0.0,298.0,0.0
static,1.7,298.0,0.0,0.0,0.0,298.0,0.0
static,1.6,298.0,0.0,0.0,0.0,298.0,0.0
static,1.5,298.0,0.0,0.0,0.0,298.0,0.0
static,1.4,298.0,0.0,0.0,0.0,298.0,0.0
static,1.3,298.0,0.0,0.0,0.0,298.0,0.0
static,1.2,298.0,0.0,0.0,0.0,298.0,0.0
static,1.1,298.0,0.0,0.0,0.0,298.0,0.0
static,1.0,298.0,0.0,0.0,0.0,298.0,0.0
static,0.9,298.0,0.0,0.0,0.0,298.0,0.0
static,0.8,298.0,0.0,0.0,0.0,298.0,0.0
static,0.7,298.0,0.0,0.0,0.0,298.0,0.0
static,0.6,298.0,0.0,0.0,0.0,298.0,0.0
static,0.5,298.0,0.0,0.0,0.0,298.0,0.0
dynamic,2.1,294.0,1.0,3.0,0.0,298.0,0.0
dynamic,2.0,295.0,0.0,2.0,1.0,298.0,0.003355704697986577
dynamic,1.9,295.0,0.0,2.0,1.0,298.0,0.003355704697986577
dynamic,1.8,295.0,0.0,2.0,1.0,298.0,0.003355704697986577
dynamic,1.7,294.0,0.0,4.0,0.0,298.0,0.0
dynamic,1.6,294.0,0.0,4.0,0.0,298.0,0.0
dynamic,1.5,294.0,0.0,4.0,0.0,298.0,0.0
dynamic,1.4,294.0,0.0,4.0,0.0,298.0,0.0
dynamic,1.3,294.0,0.0,4.0,0.0,298.0,0.0
dynamic,1.2,294.0,0.0,4.0,0.0,298.0,0.0
dynamic,1.1,294.0,0.0,4.0,0.0,298.0,0.0
dynamic,1.0,294.0,0.0,3.0,1.0,298.0,0.003355704697986577
dynamic,0.9,294.0,0.0,4.0,0.0,298.0,0.0
dynamic,0.8,294.0,0.0,4.0,0.0,298.0,0.0
dynamic,0.7,294.0,0.0,4.0,0.0,298.0,0.0
dynamic,0.6,294.0,0.0,4.0,0.0,298.0,0.0
dynamic,0.5,294.0,0.0,4.0,0.0,298.0,0.0
