mode,ka_bp,pft8_count,source_csv
static,21.0,0,model_static/summary_timeseries.csv
static,20.9,0,model_static/summary_timeseries.csv
static,20.8,0,model_static/summary_timeseries.csv
static,20.7,0,model_static/summary_timeseries.csv
static,20.6,0,model_static/summary_timeseries.csv
static,20.5,0,model_static/summary_timeseries.csv
static,20.4,0,model_static/summary_timeseries.csv
static,20.3,0,model_static/summary_timeseries.csv
static,20.2,0,model_static/summary_timeseries.csv
static,20.1,0,model_static/summary_timeseries.csv
static,20.0,0,model_static/summary_timeseries.csv
static,19.9,0,model_static/summary_timeseries.csv
static,19.8,0,model_static/summary_timeseries.csv
static,19.7,0,model_static/summary_timeseries.csv
static,19.6,0,model_static/summary_timeseries.csv
static,19.5,0,model_static/summary_timeseries.csv
static,19.4,0,model_static/summary_timeseries.csv
static,19.3,0,model_static/summary_timeseries.csv
static,19.2,0,model_static/summary_timeseries.csv
static,19.1,0,model_static/summary_timeseries.csv
static,19.0,0,model_static/summary_timeseries.csv
static,18.9,0,model_static/summary_timeseries.csv
static,18.8,0,model_static/summary_timeseries.csv
static,18.7,0,model_static/summary_timeseries.csv
static,18.6,0,model_static/summary_timeseries.csv
static,18.5,0,model_static/summary_timeseries.csv
static,18.4,0,model_static/summary_timeseries.csv
static,18.3,0,model_static/summary_timeseries.csv
static,18.2,0,model_static/summary_timeseries.csv
static,18.1,0,model_static/summary_timeseries.csv
static,18.0,0,model_static/summary_timeseries.csv
static,17.9,0,model_static/summary_timeseries.csv
static,17.8,0,model_static/summary_timeseries.csv
static,17.7,0,model_static/summary_timeseries.csv
static,17.6,0,model_static/summary_timeseries.csv
static,17.5,0,model_static/summary_timeseries.csv
static,17.4,0,model_static/summary_timeseries.csv
static,17.3,0,model_static/summary_timeseries.csv
static,17.2,0,model_static/summary_timeseries.csv
static,17.1,0,model_static/summary_timeseries.csv
static,17.0,0,model_static/summary_timeseries.csv
static,16.9,0,model_static/summary_timeseries.csv
static,16.8,0,model_static/summary_timeseries.csv
static,16.7,0,model_static/summary_timeseries.csv
static,16.6,0,model_static/summary_timeseries.csv
static,16.5,0,model_static/summary_timeseries.csv
static,16.4,0,model_static/summary_timeseries.csv
static,16.3,0,model_static/summary_timeseries.csv
static,16.2,0,model_static/summary_timeseries.csv
static,16.1,0,model_static/summary_timeseries.csv
static,16.0,0,model_static/summary_timeseries.csv
static,15.9,0,model_static/summary_timeseries.csv
static,15.8,0,model_static/summary_timeseries.csv
static,15.7,0,model_static/summary_timeseries.csv
static,15.6,0,model_static/summary_timeseries.csv
static,15.5,0,model_static/summary_timeseries.csv
static,15.4,0,model_static/summary_timeseries.csv
static,15.3,0,model_static/summary_timeseries.csv
static,15.2,0,model_static/summary_timeseries.csv
static,15.1,0,model_static/summary_timeseries.csv
static,15.0,0,model_static/summary_timeseries.csv
static,14.9,0,model_static/summary_timeseries.csv
static,14.8,0,model_static/summary_timeseries.csv
static,14.7,0,model_static/summary_timeseries.csv
static,14.6,0,model_static/summary_timeseries.csv
static,14.5,0,model_static/summary_timeseries.csv
static,14.4,0,model_static/summary_timeseries.csv
static,14.3,0,model_static/summary_timeseries.csv
static,14.2,0,model_static/summary_timeseries.csv
static,14.1,0,model_static/summary_timeseries.csv
static,14.0,0,model_static/summary_timeseries.csv
static,13.9,0,model_static/summary_timeseries.csv
static,13.8,0,model_static/summary_timeseries.csv
static,13.7,0,model_static/summary_timeseries.csv
static,13.6,0,model_static/summary_timeseries.csv
static,13.5,0,model_static/summary_timeseries.csv
static,13.4,0,model_static/summary_timeseries.csv
static,13.3,0,model_static/summary_timeseries.csv
static,13.2,0,model_static/summary_timeseries.csv
static,13.1,0,model_static/summary_timeseries.csv
static,13.0,0,model_static/summary_timeseries.csv
static,12.9,0,model_static/summary_timeseries.csv
static,12.8,0,model_static/summary_timeseries.csv
static,12.7,0,model_static/summary_timeseries.csv
static,12.6,0,model_static/summary_timeseries.csv
static,12.5,0,model_static/summary_timeseries.csv
static,12.4,0,model_static/summary_timeseries.csv
static,12.3,0,model_static/summary_timeseries.csv
static,12.2,0,model_static/summary_timeseries.csv
static,12.1,0,model_static/summary_timeseries.csv
static,12.0,0,model_static/summary_timeseries.csv
static,11.9,0,model_static/summary_timeseries.csv
static,11.8,0,model_static/summary_timeseries.csv
static,11.7,0,model_static/summary_timeseries.csv
static,11.6,0,model_static/summary_timeseries.csv
static,11.5,0,model_static/summary_timeseries.csv
static,11.4,0,model_static/summary_timeseries.csv
static,11.3,0,model_static/summary_timeseries.csv
static,11.2,0,model_static/summary_timeseries.csv
static,11.1,0,model_static/summary_timeseries.csv
static,11.0,0,model_static/summary_timeseries.csv
static,10.9,0,model_static/summary_timeseries.csv
static,10.8,0,model_static/summary_timeseries.csv
static,10.7,0,model_static/summary_timeseries.csv
static,10.6,0,model_static/summary_timeseries.csv
static,10.5,0,model_static/summary_timeseries.csv
static,10.4,0,model_static/summary_timeseries.csv
static,10.3,0,model_static/summary_timeseries.csv
static,10.2,0,model_static/summary_timeseries.csv
static,10.1,0,model_static/summary_timeseries.csv
static,10.0,0,model_static/summary_timeseries.csv
static,9.9,0,model_static/summary_timeseries.csv
static,9.8,0,model_static/summary_timeseries.csv
static,9.7,0,model_static/summary_timeseries.csv
static,9.6,0,model_static/summary_timeseries.csv
static,9.5,0,model_static/summary_timeseries.csv
static,9.4,0,model_static/summary_timeseries.csv
static,9.3,0,model_static/summary_timeseries.csv
static,9.2,0,model_static/summary_timeseries.csv
static,9.1,0,model_static/summary_timeseries.csv
static,9.0,0,model_static/summary_timeseries.csv
static,8.9,0,model_static/summary_timeseries.csv
static,8.8,0,model_static/summary_timeseries.csv
static,8.7,0,model_static/summary_timeseries.csv
static,8.6,0,model_static/summary_timeseries.csv
static,8.5,0,model_static/summary_timeseries.csv
static,8.4,0,model_static/summary_timeseries.csv
static,8.3,0,model_static/summary_timeseries.csv
static,8.2,0,model_static/summary_timeseries.csv
static,8.1,0,model_static/summary_timeseries.csv
static,8.0,0,model_static/summary_timeseries.csv
static,7.9,0,model_static/summary_timeseries.csv
static,7.8,0,model_static/summary_timeseries.csv
static,7.7,0,model_static/summary_timeseries.csv
static,7.6,0,model_static/summary_timeseries.csv
static,7.5,0,model_static/summary_timeseries.csv
static,7.4,0,model_static/summary_timeseries.csv
static,7.3,0,model_static/summary_timeseries.csv
static,7.2,0,model_static/summary_timeseries.csv
static,7.1,0,model_static/summary_timeseries.csv
static,7.0,0,model_static/summary_timeseries.csv
static,6.9,0,model_static/summary_timeseries.csv
static,6.8,0,model_static/summary_timeseries.csv
static,6.7,0,model_static/summary_timeseries.csv
static,6.6,0,model_static/summary_timeseries.csv
static,6.5,0,model_static/summary_timeseries.csv
static,6.4,0,model_static/summary_timeseries.csv
static,6.3,0,model_static/summary_timeseries.csv
static,6.2,0,model_static/summary_timeseries.csv
static,6.1,0,model_static/summary_timeseries.csv
static,6.0,0,model_static/summary_timeseries.csv
static,5.9,0,model_static/summary_timeseries.csv
static,5.8,0,model_static/summary_timeseries.csv
static,5.7,0,model_static/summary_timeseries.csv
static,5.6,0,model_static/summary_timeseries.csv
static,5.5,0,model_static/summary_timeseries.csv
static,5.4,0,model_static/summary_timeseries.csv
static,5.3,0,model_static/summary_timeseries.csv
static,5.2,0,model_static/summary_timeseries.csv
static,5.1,0,model_static/summary_timeseries.csv
static,5.0,0,model_static/summary_timeseries.csv
static,4.9,0,model_static/summary_timeseries.csv
static,4.8,0,model_static/summary_timeseries.csv
static,4.7,0,model_static/summary_timeseries.csv
static,4.6,0,model_static/summary_timeseries.csv
static,4.5,0,model_static/summary_timeseries.csv
static,4.4,0,model_static/summary_timeseries.csv
static,4.3,0,model_static/summary_timeseries.csv
static,4.2,0,model_static/summary_timeseries.csv
static,4.1,0,model_static/summary_timeseries.csv
static,4.0,0,model_static/summary_timeseries.csv
static,3.9,0,model_static/summary_timeseries.csv
static,3.8,0,model_static/summary_timeseries.csv
static,3.7,0,model_static/summary_timeseries.csv
static,3.6,0,model_static/summary_timeseries.csv
static,3.5,0,model_static/summary_timeseries.csv
static,3.4,0,model_static/summary_timeseries.csv
static,3.3,0,model_static/summary_timeseries.csv
static,3.2,0,model_static/summary_timeseries.csv
static,3.1,0,model_static/summary_timeseries.csv
static,3.0,0,model_static/summary_timeseries.csv
static,2.9,0,model_static/summary_timeseries.csv
static,2.8,0,model_static/summary_timeseries.csv
static,2.7,0,model_static/summary_timeseries.csv
static,2.6,0,model_static/summary_timeseries.csv
static,2.5,0,model_static/summary_timeseries.csv
static,2.4,0,model_static/summary_timeseries.csv
static,2.3,0,model_static/summary_timeseries.csv
static,2.2,0,model_static/summary_timeseries.csv
static,2.1,0,model_static/summary_timeseries.csv
static,2.0,0,model_static/summary_timeseries.csv
static,1.9,0,model_static/summary_timeseries.csv
static,1.8,0,model_static/summary_timeseries.csv
static,1.7,0,model_static/summary_timeseries.csv
static,1.6,0,model_static/summary_timeseries.csv
static,1.5,0,model_static/summary_timeseries.csv
static,1.4,0,model_static/summary_timeseries.csv
static,1.3,0,model_static/summary_timeseries.csv
static,1.2,0,model_static/summary_timeseries.csv
static,1.1,0,model_static/summary_timeseries.csv
static,1.0,0,model_static/summary_timeseries.csv
static,0.9,0,model_static/summary_timeseries.csv
static,0.8,0,model_static/summary_timeseries.csv
static,0.7,0,model_static/summary_timeseries.csv
static,0.6,0,model_static/summary_timeseries.csv
static,0.5,0,model_static/summary_timeseries.csv
static,0.4,0,model_static/summary_timeseries.csv
static,0.3,0,model_static/summary_timeseries.csv
static,0.2,0,model_static/summary_timeseries.csv
static,0.1,0,model_static/summary_timeseries.csv
static,0.0,0,model_static/summary_timeseries.csv
dynamic,21.0,0,model_dynamic/summary_timeseries.csv
dynamic,20.9,0,model_dynamic/summary_timeseries.csv
dynamic,20.8,0,model_dynamic/summary_timeseries.csv
dynamic,20.7,0,model_dynamic/summary_timeseries.csv
dynamic,20.6,0,model_dynamic/summary_timeseries.csv
dynamic,20.5,0,model_dynamic/summary_timeseries.csv
dynamic,20.4,0,model_dynamic/summary_timeseries.csv
dynamic,20.3,0,model_dynamic/summary_timeseries.csv
dynamic,20.2,0,model_dynamic/summary_timeseries.csv
dynamic,20.1,0,model_dynamic/summary_timeseries.csv
dynamic,20.0,0,model_dynamic/summary_timeseries.csv
dynamic,19.9,0,model_dynamic/summary_timeseries.csv
dynamic,19.8,0,model_dynamic/summary_timeseries.csv
dynamic,19.7,0,model_dynamic/summary_timeseries.csv
dynamic,19.6,0,model_dynamic/summary_timeseries.csv
dynamic,19.5,0,model_dynamic/summary_timeseries.csv
dynamic,19.4,0,model_dynamic/summary_timeseries.csv
dynamic,19.3,0,model_dynamic/summary_timeseries.csv
dynamic,19.2,0,model_dynamic/summary_timeseries.csv
dynamic,19.1,0,model_dynamic/summary_timeseries.csv
dynamic,19.0,0,model_dynamic/summary_timeseries.csv
dynamic,18.9,0,model_dynamic/summary_timeseries.csv
dynamic,18.8,0,model_dynamic/summary_timeseries.csv
dynamic,18.7,0,model_dynamic/summary_timeseries.csv
dynamic,18.6,0,model_dynamic/summary_timeseries.csv
dynamic,18.5,0,model_dynamic/summary_timeseries.csv
dynamic,18.4,0,model_dynamic/summary_timeseries.csv
dynamic,18.3,0,model_dynamic/summary_timeseries.csv
dynamic,18.2,0,model_dynamic/summary_timeseries.csv
dynamic,18.1,1,model_dynamic/summary_timeseries.csv
dynamic,18.0,0,model_dynamic/summary_timeseries.csv
dynamic,17.9,0,model_dynamic/summary_timeseries.csv
dynamic,17.8,0,model_dynamic/summary_timeseries.csv
dynamic,17.7,0,model_dynamic/summary_timeseries.csv
dynamic,17.6,0,model_dynamic/summary_timeseries.csv
dynamic,17.5,0,model_dynamic/summary_timeseries.csv
dynamic,17.4,0,model_dynamic/summary_timeseries.csv
dynamic,17.3,0,model_dynamic/summary_timeseries.csv
dynamic,17.2,0,model_dynamic/summary_timeseries.csv
dynamic,17.1,0,model_dynamic/summary_timeseries.csv
dynamic,17.0,0,model_dynamic/summary_timeseries.csv
dynamic,16.9,0,model_dynamic/summary_timeseries.csv
dynamic,16.8,0,model_dynamic/summary_timeseries.csv
dynamic,16.7,0,model_dynamic/summary_timeseries.csv
dynamic,16.6,0,model_dynamic/summary_timeseries.csv
dynamic,16.5,0,model_dynamic/summary_timeseries.csv
dynamic,16.4,0,model_dynamic/summary_timeseries.csv
dynamic,16.3,0,model_dynamic/summary_timeseries.csv
dynamic,16.2,0,model_dynamic/summary_timeseries.csv
dynamic,16.1,0,model_dynamic/summary_timeseries.csv
dynamic,16.0,0,model_dynamic/summary_timeseries.csv
dynamic,15.9,0,model_dynamic/summary_timeseries.csv
dynamic,15.8,0,model_dynamic/summary_timeseries.csv
dynamic,15.7,0,model_dynamic/summary_timeseries.csv
dynamic,15.6,0,model_dynamic/summary_timeseries.csv
dynamic,15.5,0,model_dynamic/summary_timeseries.csv
dynamic,15.4,5,model_dynamic/summary_timeseries.csv
dynamic,15.3,3,model_dynamic/summary_timeseries.csv
dynamic,15.2,5,model_dynamic/summary_timeseries.csv
dynamic,15.1,4,model_dynamic/summary_timeseries.csv
dynamic,15.0,2,model_dynamic/summary_timeseries.csv
dynamic,14.9,7,model_dynamic/summary_timeseries.csv
dynamic,14.8,7,model_dynamic/summary_timeseries.csv
dynamic,14.7,7,model_dynamic/summary_timeseries.csv
dynamic,14.6,6,model_dynamic/summary_timeseries.csv
dynamic,14.5,2,model_dynamic/summary_timeseries.csv
dynamic,14.4,6,model_dynamic/summary_timeseries.csv
dynamic,14.3,8,model_dynamic/summary_timeseries.csv
dynamic,14.2,8,model_dynamic/summary_timeseries.csv
dynamic,14.1,9,model_dynamic/summary_timeseries.csv
dynamic,14.0,11,model_dynamic/summary_timeseries.csv
dynamic,13.9,10,model_dynamic/summary_timeseries.csv
dynamic,13.8,8,model_dynamic/summary_timeseries.csv
dynamic,13.7,8,model_dynamic/summary_timeseries.csv
dynamic,13.6,4,model_dynamic/summary_timeseries.csv
dynamic,13.5,13,model_dynamic/summary_timeseries.csv
dynamic,13.4,8,model_dynamic/summary_timeseries.csv
dynamic,13.3,13,model_dynamic/summary_timeseries.csv
dynamic,13.2,10,model_dynamic/summary_timeseries.csv
dynamic,13.1,9,model_dynamic/summary_timeseries.csv
dynamic,13.0,10,model_dynamic/summary_timeseries.csv
dynamic,12.9,4,model_dynamic/summary_timeseries.csv
dynamic,12.8,10,model_dynamic/summary_timeseries.csv
dynamic,12.7,5,model_dynamic/summary_timeseries.csv
dynamic,12.6,1,model_dynamic/summary_timeseries.csv
dynamic,12.5,2,model_dynamic/summary_timeseries.csv
dynamic,12.4,1,model_dynamic/summary_timeseries.csv
dynamic,12.3,1,model_dynamic/summary_timeseries.csv
dynamic,12.2,0,model_dynamic/summary_timeseries.csv
dynamic,12.1,0,model_dynamic/summary_timeseries.csv
dynamic,12.0,0,model_dynamic/summary_timeseries.csv
dynamic,11.9,0,model_dynamic/summary_timeseries.csv
dynamic,11.8,1,model_dynamic/summary_timeseries.csv
dynamic,11.7,4,model_dynamic/summary_timeseries.csv
dynamic,11.6,2,model_dynamic/summary_timeseries.csv
dynamic,11.5,1,model_dynamic/summary_timeseries.csv
dynamic,11.4,4,model_dynamic/summary_timeseries.csv
dynamic,11.3,3,model_dynamic/summary_timeseries.csv
dynamic,11.2,4,model_dynamic/summary_timeseries.csv
dynamic,11.1,2,model_dynamic/summary_timeseries.csv
dynamic,11.0,5,model_dynamic/summary_timeseries.csv
dynamic,10.9,5,model_dynamic/summary_timeseries.csv
dynamic,10.8,8,model_dynamic/summary_timeseries.csv
dynamic,10.7,4,model_dynamic/summary_timeseries.csv
dynamic,10.6,2,model_dynamic/summary_timeseries.csv
dynamic,10.5,8,model_dynamic/summary_timeseries.csv
dynamic,10.4,3,model_dynamic/summary_timeseries.csv
dynamic,10.3,7,model_dynamic/summary_timeseries.csv
dynamic,10.2,3,model_dynamic/summary_timeseries.csv
dynamic,10.1,2,model_dynamic/summary_timeseries.csv
dynamic,10.0,5,model_dynamic/summary_timeseries.csv
dynamic,9.9,8,model_dynamic/summary_timeseries.csv
dynamic,9.8,5,model_dynamic/summary_timeseries.csv
dynamic,9.7,6,model_dynamic/summary_timeseries.csv
dynamic,9.6,1,model_dynamic/summary_timeseries.csv
dynamic,9.5,3,model_dynamic/summary_timeseries.csv
dynamic,9.4,2,model_dynamic/summary_timeseries.csv
dynamic,9.3,5,model_dynamic/summary_timeseries.csv
dynamic,9.2,10,model_dynamic/summary_timeseries.csv
dynamic,9.1,5,model_dynamic/summary_timeseries.csv
dynamic,9.0,5,model_dynamic/summary_timeseries.csv
dynamic,8.9,1,model_dynamic/summary_timeseries.csv
dynamic,8.8,9,model_dynamic/summary_timeseries.csv
dynamic,8.7,4,model_dynamic/summary_timeseries.csv
dynamic,8.6,2,model_dynamic/summary_timeseries.csv
dynamic,8.5,2,model_dynamic/summary_timeseries.csv
dynamic,8.4,2,model_dynamic/summary_timeseries.csv
dynamic,8.3,2,model_dynamic/summary_timeseries.csv
dynamic,8.2,2,model_dynamic/summary_timeseries.csv
dynamic,8.1,2,model_dynamic/summary_timeseries.csv
dynamic,8.0,1,model_dynamic/summary_timeseries.csv
dynamic,7.9,2,model_dynamic/summary_timeseries.csv
dynamic,7.8,1,model_dynamic/summary_timeseries.csv
dynamic,7.7,1,model_dynamic/summary_timeseries.csv
dynamic,7.6,1,model_dynamic/summary_timeseries.csv
dynamic,7.5,1,model_dynamic/summary_timeseries.csv
dynamic,7.4,2,model_dynamic/summary_timeseries.csv
dynamic,7.3,1,model_dynamic/summary_timeseries.csv
dynamic,7.2,1,model_dynamic/summary_timeseries.csv
dynamic,7.1,1,model_dynamic/summary_timeseries.csv
dynamic,7.0,0,model_dynamic/summary_timeseries.csv
dynamic,6.9,2,model_dynamic/summary_timeseries.csv
dynamic,6.8,0,model_dynamic/summary_timeseries.csv
dynamic,6.7,2,model_dynamic/summary_timeseries.csv
dynamic,6.6,0,model_dynamic/summary_timeseries.csv
dynamic,6.5,0,model_dynamic/summary_timeseries.csv
dynamic,6.4,1,model_dynamic/summary_timeseries.csv
dynamic,6.3,0,model_dynamic/summary_timeseries.csv
dynamic,6.2,2,model_dynamic/summary_timeseries.csv
dynamic,6.1,0,model_dynamic/summary_timeseries.csv
dynamic,6.0,1,model_dynamic/summary_timeseries.csv
dynamic,5.9,0,model_dynamic/summary_timeseries.csv
dynamic,5.8,2,model_dynamic/summary_timeseries.csv
dynamic,5.7,1,model_dynamic/summary_timeseries.csv
dynamic,5.6,1,model_dynamic/summary_timeseries.csv
dynamic,5.5,1,model_dynamic/summary_timeseries.csv
dynamic,5.4,0,model_dynamic/summary_timeseries.csv
dynamic,5.3,1,model_dynamic/summary_timeseries.csv
dynamic,5.2,3,model_dynamic/summary_timeseries.csv
dynamic,5.1,1,model_dynamic/summary_timeseries.csv
dynamic,5.0,3,model_dynamic/summary_timeseries.csv
dynamic,4.9,0,model_dynamic/summary_timeseries.csv
dynamic,4.8,0,model_dynamic/summary_timeseries.csv
dynamic,4.7,1,model_dynamic/summary_timeseries.csv
dynamic,4.6,0,model_dynamic/summary_timeseries.csv
dynamic,4.5,0,model_dynamic/summary_timeseries.csv
dynamic,4.4,2,model_dynamic/summary_timeseries.csv
dynamic,4.3,0,model_dynamic/summary_timeseries.csv
dynamic,4.2,1,model_dynamic/summary_timeseries.csv
dynamic,4.1,2,model_dynamic/summary_timeseries.csv
dynamic,4.0,1,model_dynamic/summary_timeseries.csv
dynamic,3.9,1,model_dynamic/summary_timeseries.csv
dynamic,3.8,2,model_dynamic/summary_timeseries.csv
dynamic,3.7,1,model_dynamic/summary_timeseries.csv
dynamic,3.6,1,model_dynamic/summary_timeseries.csv
dynamic,3.5,1,model_dynamic/summary_timeseries.csv
dynamic,3.4,1,model_dynamic/summary_timeseries.csv
dynamic,3.3,1,model_dynamic/summary_timeseries.csv
dynamic,3.2,1,model_dynamic/summary_timeseries.csv
dynamic,3.1,0,model_dynamic/summary_timeseries.csv
dynamic,3.0,1,model_dynamic/summary_timeseries.csv
dynamic,2.9,0,model_dynamic/summary_timeseries.csv
dynamic,2.8,0,model_dynamic/summary_timeseries.csv
dynamic,2.7,0,model_dynamic/summary_timeseries.csv
dynamic,2.6,0,model_dynamic/summary_timeseries.csv
dynamic,2.5,1,model_dynamic/summary_timeseries.csv
dynamic,2.4,1,model_dynamic/summary_timeseries.csv
dynamic,2.3,0,model_dynamic/summary_timeseries.csv
dynamic,2.2,0,model_dynamic/summary_timeseries.csv
dynamic,2.1,0,model_dynamic/summary_timeseries.csv
dynamic,2.0,1,model_dynamic/summary_timeseries.csv
dynamic,1.9,1,model_dynamic/summary_timeseries.csv
dynamic,1.8,1,model_dynamic/summary_timeseries.csv
dynamic,1.7,0,model_dynamic/summary_timeseries.csv
dynamic,1.6,0,model_dynamic/summary_timeseries.csv
dynamic,1.5,0,model_dynamic/summary_timeseries.csv
dynamic,1.4,0,model_dynamic/summary_timeseries.csv
dynamic,1.3,0,model_dynamic/summary_timeseries.csv
dynamic,1.2,0,model_dynamic/summary_timeseries.csv
dynamic,1.1,0,model_dynamic/summary_timeseries.csv
dynamic,1.0,1,model_dynamic/summary_timeseries.csv
dynamic,0.9,0,model_dynamic/summary_timeseries.csv
dynamic,0.8,0,model_dynamic/summary_timeseries.csv
dynamic,0.7,0,model_dynamic/summary_timeseries.csv
dynamic,0.6,0,model_dynamic/summary_timeseries.csv
dynamic,0.5,0,model_dynamic/summary_timeseries.csv
dynamic,0.4,0,model_dynamic/summary_timeseries.csv
dynamic,0.3,0,model_dynamic/summary_timeseries.csv
dynamic,0.2,0,model_dynamic/summary_timeseries.csv
dynamic,0.1,0,model_dynamic/summary_timeseries.csv
dynamic,0.0,0,model_dynamic/summary_timeseries.csv
