pft,biome4_r30,Xi_m,depth_m,root_weight_top,root_weight_bottom,root_weight_total
1,0.69,0.2561512630716498,0.01,0.03828721454922335,0.0,0.03828721454922335
1,0.69,0.2561512630716498,0.02,0.07510851830050835,0.0,0.07510851830050835
1,0.69,0.2561512630716498,0.03,0.11052003689508594,0.0,0.11052003689508594
1,0.69,0.2561512630716498,0.04,0.14457574707971899,0.0,0.14457574707971899
1,0.69,0.2561512630716498,0.05,0.1773275589818869,0.0,0.1773275589818869
1,0.69,0.2561512630716498,0.06,0.20882539523488064,0.0,0.20882539523488064
1,0.69,0.2561512630716498,0.08,0.2682493475157791,0.0,0.2682493475157791
1,0.69,0.2561512630716498,0.1,0.3232100547892992,0.0,0.3232100547892992
1,0.69,0.2561512630716498,0.12,0.3740427447747572,0.0,0.3740427447747572
1,0.69,0.2561512630716498,0.15,0.4432235637169978,0.0,0.4432235637169978
1,0.69,0.2561512630716498,0.2,0.5419553700616966,0.0,0.5419553700616966
1,0.69,0.2561512630716498,0.3,0.69,0.0,0.69
1,0.69,0.2561512630716498,0.5,0.69,0.16800616471912594,0.8580061647191259
1,0.69,0.2561512630716498,1.5,0.69,0.3071370849,0.9971370849
2,0.7,0.2491750635247612,0.01,0.03933778670477284,0.0,0.03933778670477284
2,0.7,0.2491750635247612,0.02,0.07712811194671554,0.0,0.07712811194671554
2,0.7,0.2491750635247612,0.03,0.11343184943478668,0.0,0.11343184943478668
2,0.7,0.2491750635247612,0.04,0.14830747824096602,0.0,0.14830747824096602
2,0.7,0.2491750635247612,0.05,0.18181117699997296,0.0,0.18181117699997296
2,0.7,0.2491750635247612,0.06,0.2139969144033772,0.0,0.2139969144033772
2,0.7,0.2491750635247612,0.08,0.2746198483797374,0.0,0.2746198483797374
2,0.7,0.2491750635247612,0.1,0.3305670499178305,0.0,0.3305670499178305
2,0.7,0.2491750635247612,0.12,0.38219914943258804,0.0,0.38219914943258804
2,0.7,0.2491750635247612,0.15,0.4522774424948338,0.0,0.4522774424948338
2,0.7,0.2491750635247612,0.2,0.5518595253442835,0.0,0.5518595253442835
2,0.7,0.2491750635247612,0.3,0.7,0.0,0.7
2,0.7,0.2491750635247612,0.5,0.7,0.1655578576032851,0.8655578576032851
2,0.7,0.2491750635247612,1.5,0.7,0.29757000000000006,0.9975700000000001
3,0.67,0.2705962962623099,0.01,0.03628090379895632,0.0,0.03628090379895632
3,0.67,0.2705962962623099,0.02,0.07124550361744364,0.0,0.07124550361744364
3,0.67,0.2705962962623099,0.03,0.10494155615354728,0.0,0.10494155615354728
3,0.67,0.2705962962623099,0.04,0.13741508544918402,0.0,0.13741508544918402
3,0.67,0.2705962962623099,0.05,0.1687104457524332,0.0,0.1687104457524332
3,0.67,0.2705962962623099,0.06,0.1988703820991664,0.0,0.1988703820991664
3,0.67,0.2705962962623099,0.08,0.2559472651893615,0.0,0.2559472651893615
3,0.67,0.2705962962623099,0.1,0.30895767699888166,0.0,0.30895767699888166
3,0.67,0.2705962962623099,0.12,0.3581913353220644,0.0,0.3581913353220644
3,0.67,0.2705962962623099,0.15,0.42554373534619716,0.0,0.42554373534619716
3,0.67,0.2705962962623099,0.2,0.522460507821218,0.0,0.522460507821218
3,0.67,0.2705962962623099,0.3,0.6700000000000002,0.0,0.6700000000000002
3,0.67,0.2705962962623099,0.5,0.6700000000000002,0.17241196758100186,0.842411967581002
3,0.67,0.2705962962623099,1.5,0.6700000000000002,0.3260864606999999,0.9960864607000001
4,0.65,0.28576269541210053,0.01,0.03438885847387729,0.0,0.03438885847387729
4,0.65,0.28576269541210053,0.02,0.06759512336061813,0.0,0.06759512336061813
4,0.65,0.28576269541210053,0.03,0.09965946270372283,0.0,0.09965946270372283
4,0.65,0.28576269541210053,0.04,0.13062114601909913,0.0,0.13062114601909913
4,0.65,0.28576269541210053,0.05,0.16051809238882997,0.0,0.16051809238882997
4,0.65,0.28576269541210053,0.06,0.18938691690105092,0.0,0.18938691690105092
4,0.65,0.28576269541210053,0.08,0.2441804082508554,0.0,0.2441804082508554
4,0.65,0.28576269541210053,0.1,0.29527012679351095,0.0,0.29527012679351095
4,0.65,0.28576269541210053,0.12,0.34290642950881633,0.0,0.34290642950881633
4,0.65,0.28576269541210053,0.15,0.4083920216900384,0.0,0.4083920216900384
4,0.65,0.28576269541210053,0.2,0.5033558058103658,0.0,0.5033558058103658
4,0.65,0.28576269541210053,0.3,0.6500000000000001,0.0,0.6500000000000001
4,0.65,0.28576269541210053,0.5,0.6500000000000001,0.17617453203362798,0.8261745320336281
4,0.65,0.28576269541210053,1.5,0.6500000000000001,0.3447478124999999,0.9947478125
5,0.52,0.4087365112672738,0.01,0.02416878128639277,0.0,0.02416878128639277
5,0.52,0.4087365112672738,0.02,0.04775343258391618,0.0,0.04775343258391618
5,0.52,0.4087365112672738,0.03,0.07076807160251386,0.0,0.07076807160251386
5,0.52,0.4087365112672738,0.04,0.0932264748442857,0.0,0.0932264748442857
5,0.52,0.4087365112672738,0.05,0.11514208585006558,0.0,0.11514208585006558
5,0.52,0.4087365112672738,0.06,0.1365280232466891,0.0,0.1365280232466891
5,0.52,0.4087365112672738,0.08,0.17776177407667915,0.0,0.17776177407667915
5,0.52,0.4087365112672738,0.1,0.21702647176622725,0.0,0.21702647176622725
5,0.52,0.4087365112672738,0.12,0.25441614536172974,0.0,0.25441614536172974
5,0.52,0.4087365112672738,0.15,0.3071796769724491,0.0,0.3071796769724491
5,0.52,0.4087365112672738,0.2,0.38695245408515755,0.0,0.38695245408515755
5,0.52,0.4087365112672738,0.3,0.52,0.0,0.52
5,0.52,0.4087365112672738,0.5,0.52,0.18573717796087558,0.7057371779608757
5,0.52,0.4087365112672738,1.5,0.52,0.4545196032,0.9745196032000001
6,0.83,0.1693043492373805,0.01,0.05735471977532136,0.0,0.05735471977532136
6,0.83,0.1693043492373805,0.02,0.11141987567013711,0.0,0.11141987567013711
6,0.83,0.1693043492373805,0.03,0.16238413969899668,0.0,0.16238413969899668
6,0.83,0.1693043492373805,0.04,0.21042536264592548,0.0,0.21042536264592548
6,0.83,0.1693043492373805,0.05,0.25571119471306947,0.0,0.25571119471306947
6,0.83,0.1693043492373805,0.06,0.29839967057221006,0.0,0.29839967057221006
6,0.83,0.1693043492373805,0.08,0.37657189204718167,0.0,0.37657189204718167
6,0.83,0.1693043492373805,0.1,0.4460341743245535,0.0,0.4460341743245535
6,0.83,0.1693043492373805,0.12,0.5077569777468166,0.0,0.5077569777468166
6,0.83,0.1693043492373805,0.15,0.5876894374382339,0.0,0.5876894374382339
6,0.83,0.1693043492373805,0.2,0.6931218639837209,0.0,0.6931218639837209
6,0.83,0.1693043492373805,0.3,0.83,0.0,0.83
6,0.83,0.1693043492373805,0.5,0.83,0.1178307168772326,0.9478307168772325
6,0.83,0.1693043492373805,1.5,0.83,0.16985801430000005,0.9998580143
7,0.83,0.1693043492373805,0.01,0.05735471977532136,0.0,0.05735471977532136
7,0.83,0.1693043492373805,0.02,0.11141987567013711,0.0,0.11141987567013711
7,0.83,0.1693043492373805,0.03,0.16238413969899668,0.0,0.16238413969899668
7,0.83,0.1693043492373805,0.04,0.21042536264592548,0.0,0.21042536264592548
7,0.83,0.1693043492373805,0.05,0.25571119471306947,0.0,0.25571119471306947
7,0.83,0.1693043492373805,0.06,0.29839967057221006,0.0,0.29839967057221006
7,0.83,0.1693043492373805,0.08,0.37657189204718167,0.0,0.37657189204718167
7,0.83,0.1693043492373805,0.1,0.4460341743245535,0.0,0.4460341743245535
7,0.83,0.1693043492373805,0.12,0.5077569777468166,0.0,0.5077569777468166
7,0.83,0.1693043492373805,0.15,0.5876894374382339,0.0,0.5876894374382339
7,0.83,0.1693043492373805,0.2,0.6931218639837209,0.0,0.6931218639837209
7,0.83,0.1693043492373805,0.3,0.83,0.0,0.83
7,0.83,0.1693043492373805,0.5,0.83,0.1178307168772326,0.9478307168772325
7,0.83,0.1693043492373805,1.5,0.83,0.16985801430000005,0.9998580143
8,0.83,0.1693043492373805,0.01,0.05735471977532136,0.0,0.05735471977532136
8,0.83,0.1693043492373805,0.02,0.11141987567013711,0.0,0.11141987567013711
8,0.83,0.1693043492373805,0.03,0.16238413969899668,0.0,0.16238413969899668
8,0.83,0.1693043492373805,0.04,0.21042536264592548,0.0,0.21042536264592548
8,0.83,0.1693043492373805,0.05,0.25571119471306947,0.0,0.25571119471306947
8,0.83,0.1693043492373805,0.06,0.29839967057221006,0.0,0.29839967057221006
8,0.83,0.1693043492373805,0.08,0.37657189204718167,0.0,0.37657189204718167
8,0.83,0.1693043492373805,0.1,0.4460341743245535,0.0,0.4460341743245535
8,0.83,0.1693043492373805,0.12,0.5077569777468166,0.0,0.5077569777468166
8,0.83,0.1693043492373805,0.15,0.5876894374382339,0.0,0.5876894374382339
8,0.83,0.1693043492373805,0.2,0.6931218639837209,0.0,0.6931218639837209
8,0.83,0.1693043492373805,0.3,0.83,0.0,0.83
8,0.83,0.1693043492373805,0.5,0.83,0.1178307168772326,0.9478307168772325
8,0.83,0.1693043492373805,1.5,0.83,0.16985801430000005,0.9998580143
9,0.57,0.3554628422964169,0.01,0.02774030635686675,0.0,0.02774030635686675
9,0.57,0.3554628422964169,0.02,0.05471108811696057,0.0,0.05471108811696057
9,0.57,0.3554628422964169,0.03,0.08093369212834534,0.0,0.08093369212834534
9,0.57,0.3554628422964169,0.04,0.10642887307097937,0.0,0.10642887307097937
9,0.57,0.3554628422964169,0.05,0.13121680988364104,0.0,0.13121680988364104
9,0.57,0.3554628422964169,0.06,0.15531712173516476,0.0,0.15531712173516476
9,0.57,0.3554628422964169,0.08,0.20153064111880015,0.0,0.20153064111880015
9,0.57,0.3554628422964169,0.1,0.2452157685712425,0.0,0.2452157685712425
9,0.57,0.3554628422964169,0.12,0.28651083516623366,0.0,0.28651083516623366
9,0.57,0.3554628422964169,0.15,0.34425614756979994,0.0,0.34425614756979994
9,0.57,0.3554628422964169,0.2,0.43030076398649986,0.0,0.43030076398649986
9,0.57,0.3554628422964169,0.3,0.57,0.0,0.57
9,0.57,0.3554628422964169,0.5,0.57,0.18502932851419496,0.7550293285141949
9,0.57,0.3554628422964169,1.5,0.57,0.41529915570000003,0.9852991556999999
10,0.53,0.397339107792207,0.01,0.024853360178157757,0.0,0.024853360178157757
10,0.53,0.397339107792207,0.02,0.04908903084417038,0.0,0.04908903084417038
10,0.53,0.397339107792207,0.03,0.07272236365796125,0.0,0.07272236365796125
10,0.53,0.397339107792207,0.04,0.09576832873912078,0.0,0.09576832873912078
10,0.53,0.397339107792207,0.05,0.11824152414946498,0.0,0.11824152414946498
10,0.53,0.397339107792207,0.06,0.14015618513992167,0.0,0.14015618513992167
10,0.53,0.397339107792207,0.08,0.18236508468875723,0.0,0.18236508468875723
10,0.53,0.397339107792207,0.1,0.22250199026574136,0.0,0.22250199026574136
10,0.53,0.397339107792207,0.12,0.26066861404686736,0.0,0.26066861404686736
10,0.53,0.397339107792207,0.15,0.31443453995989556,0.0,0.31443453995989556
10,0.53,0.397339107792207,0.2,0.3954968448592667,0.0,0.3954968448592667
10,0.53,0.397339107792207,0.3,0.53,0.0,0.53
10,0.53,0.397339107792207,0.5,0.53,0.1858835170838553,0.7158835170838553
10,0.53,0.397339107792207,1.5,0.53,0.4470654993,0.9770654993000001
11,0.93,0.11281333748241615,0.01,0.08482685420474068,0.0,0.08482685420474068
11,0.93,0.11281333748241615,0.02,0.16245811321520898,0.0,0.16245811321520898
11,0.93,0.11281333748241615,0.03,0.23350415673586578,0.0,0.23350415673586578
11,0.93,0.11281333748241615,0.04,0.29852358788097233,0.0,0.29852358788097233
11,0.93,0.11281333748241615,0.05,0.35802762521985765,0.0,0.35802762521985765
11,0.93,0.11281333748241615,0.06,0.4124841222588038,0.0,0.4124841222588038
11,0.93,0.11281333748241615,0.08,0.507930843240616,0.0,0.507930843240616
11,0.93,0.11281333748241615,0.1,0.5878714700191444,0.0,0.5878714700191444
11,0.93,0.11281333748241615,0.12,0.6548250934019919,0.0,0.6548250934019919
11,0.93,0.11281333748241615,0.15,0.735424868893541,0.0,0.735424868893541
11,0.93,0.11281333748241615,0.2,0.830150074775819,0.0,0.830150074775819
11,0.93,0.11281333748241615,0.3,0.93,0.0,0.93
11,0.93,0.11281333748241615,0.5,0.93,0.05811050523430729,0.9881105052343073
11,0.93,0.11281333748241615,1.5,0.93,0.06999831929999994,0.9999983192999999
12,0.93,0.11281333748241615,0.01,0.08482685420474068,0.0,0.08482685420474068
12,0.93,0.11281333748241615,0.02,0.16245811321520898,0.0,0.16245811321520898
12,0.93,0.11281333748241615,0.03,0.23350415673586578,0.0,0.23350415673586578
12,0.93,0.11281333748241615,0.04,0.29852358788097233,0.0,0.29852358788097233
12,0.93,0.11281333748241615,0.05,0.35802762521985765,0.0,0.35802762521985765
12,0.93,0.11281333748241615,0.06,0.4124841222588038,0.0,0.4124841222588038
12,0.93,0.11281333748241615,0.08,0.507930843240616,0.0,0.507930843240616
12,0.93,0.11281333748241615,0.1,0.5878714700191444,0.0,0.5878714700191444
12,0.93,0.11281333748241615,0.12,0.6548250934019919,0.0,0.6548250934019919
12,0.93,0.11281333748241615,0.15,0.735424868893541,0.0,0.735424868893541
12,0.93,0.11281333748241615,0.2,0.830150074775819,0.0,0.830150074775819
12,0.93,0.11281333748241615,0.3,0.93,0.0,0.93
12,0.93,0.11281333748241615,0.5,0.93,0.05811050523430729,0.9881105052343073
12,0.93,0.11281333748241615,1.5,0.93,0.06999831929999994,0.9999983192999999
13,0.93,0.11281333748241615,0.01,0.08482685420474068,0.0,0.08482685420474068
13,0.93,0.11281333748241615,0.02,0.16245811321520898,0.0,0.16245811321520898
13,0.93,0.11281333748241615,0.03,0.23350415673586578,0.0,0.23350415673586578
13,0.93,0.11281333748241615,0.04,0.29852358788097233,0.0,0.29852358788097233
13,0.93,0.11281333748241615,0.05,0.35802762521985765,0.0,0.35802762521985765
13,0.93,0.11281333748241615,0.06,0.4124841222588038,0.0,0.4124841222588038
13,0.93,0.11281333748241615,0.08,0.507930843240616,0.0,0.507930843240616
13,0.93,0.11281333748241615,0.1,0.5878714700191444,0.0,0.5878714700191444
13,0.93,0.11281333748241615,0.12,0.6548250934019919,0.0,0.6548250934019919
13,0.93,0.11281333748241615,0.15,0.735424868893541,0.0,0.735424868893541
13,0.93,0.11281333748241615,0.2,0.830150074775819,0.0,0.830150074775819
13,0.93,0.11281333748241615,0.3,0.93,0.0,0.93
13,0.93,0.11281333748241615,0.5,0.93,0.05811050523430729,0.9881105052343073
13,0.93,0.11281333748241615,1.5,0.93,0.06999831929999994,0.9999983192999999
