validation_scheme,presence_threshold_fraction,biome4_variant,mode,record_id,target_class,target_label_ko,n,correct_n,accuracy_pct,target_fraction_min,target_fraction_max,pass_times_ka_bp
jang_original_description,0.01,original,static,95_01,broadleaf,낙엽활엽수림,12,0,0.0,0.0,0.0,
jang_original_description,0.01,original,static,95_02,mixed,혼효림,15,15,100.0,1.0,1.0,4.8;4.7;4.6;4.5;4.4;4.3;4.2;4.1;4.0;3.9;3.8;3.7;3.6;3.5;3.4
jang_original_description,0.01,original,static,95_03,broadleaf,낙엽활엽수림,31,0,0.0,0.0,0.0,
jang_original_description,0.01,original,static,95_04,mixed,혼효림,4,4,100.0,1.0,1.0,0.3;0.2;0.1;0.0
jang_original_description,0.01,original,dynamic,95_01,broadleaf,낙엽활엽수림,12,0,0.0,0.0,0.0,
jang_original_description,0.01,original,dynamic,95_02,mixed,혼효림,15,15,100.0,1.0,1.0,4.8;4.7;4.6;4.5;4.4;4.3;4.2;4.1;4.0;3.9;3.8;3.7;3.6;3.5;3.4
jang_original_description,0.01,original,dynamic,95_03,broadleaf,낙엽활엽수림,31,0,0.0,0.0,0.0,
jang_original_description,0.01,original,dynamic,95_04,mixed,혼효림,4,4,100.0,1.0,1.0,0.3;0.2;0.1;0.0
jang_original_description,0.01,mckenzie2003,static,95_01,broadleaf,낙엽활엽수림,12,12,100.0,1.0,1.0,5.9;5.8;5.7;5.6;5.5;5.4;5.3;5.2;5.1;5.0;4.9;4.8
jang_original_description,0.01,mckenzie2003,static,95_02,mixed,혼효림,15,9,60.0,0.0,1.0,4.3;4.2;4.1;3.9;3.8;3.7;3.6;3.5;3.4
jang_original_description,0.01,mckenzie2003,static,95_03,broadleaf,낙엽활엽수림,31,0,0.0,0.0,0.0,
jang_original_description,0.01,mckenzie2003,static,95_04,mixed,혼효림,4,3,75.0,0.0,1.0,0.3;0.2;0.1
jang_original_description,0.01,mckenzie2003,dynamic,95_01,broadleaf,낙엽활엽수림,12,12,100.0,1.0,1.0,5.9;5.8;5.7;5.6;5.5;5.4;5.3;5.2;5.1;5.0;4.9;4.8
jang_original_description,0.01,mckenzie2003,dynamic,95_02,mixed,혼효림,15,9,60.0,0.0,0.9765100671140939,4.3;4.2;4.1;3.9;3.8;3.7;3.6;3.5;3.4
jang_original_description,0.01,mckenzie2003,dynamic,95_03,broadleaf,낙엽활엽수림,31,31,100.0,0.013422818791946308,0.03355704697986577,3.4;3.3;3.2;3.1;3.0;2.9;2.8;2.7;2.6;2.5;2.4;2.3;2.2;2.1;2.0;1.9;1.8;1.7;1.6;1.5;1.4;1.3;1.2;1.1;1.0;0.9;0.8;0.7;0.6;0.5;0.4
jang_original_description,0.01,mckenzie2003,dynamic,95_04,mixed,혼효림,4,3,75.0,0.0,0.9832214765100671,0.3;0.2;0.1
jang_original_description,0.05,original,static,95_01,broadleaf,낙엽활엽수림,12,0,0.0,0.0,0.0,
jang_original_description,0.05,original,static,95_02,mixed,혼효림,15,15,100.0,1.0,1.0,4.8;4.7;4.6;4.5;4.4;4.3;4.2;4.1;4.0;3.9;3.8;3.7;3.6;3.5;3.4
jang_original_description,0.05,original,static,95_03,broadleaf,낙엽활엽수림,31,0,0.0,0.0,0.0,
jang_original_description,0.05,original,static,95_04,mixed,혼효림,4,4,100.0,1.0,1.0,0.3;0.2;0.1;0.0
jang_original_description,0.05,original,dynamic,95_01,broadleaf,낙엽활엽수림,12,0,0.0,0.0,0.0,
jang_original_description,0.05,original,dynamic,95_02,mixed,혼효림,15,15,100.0,1.0,1.0,4.8;4.7;4.6;4.5;4.4;4.3;4.2;4.1;4.0;3.9;3.8;3.7;3.6;3.5;3.4
jang_original_description,0.05,original,dynamic,95_03,broadleaf,낙엽활엽수림,31,0,0.0,0.0,0.0,
jang_original_description,0.05,original,dynamic,95_04,mixed,혼효림,4,4,100.0,1.0,1.0,0.3;0.2;0.1;0.0
jang_original_description,0.05,mckenzie2003,static,95_01,broadleaf,낙엽활엽수림,12,12,100.0,1.0,1.0,5.9;5.8;5.7;5.6;5.5;5.4;5.3;5.2;5.1;5.0;4.9;4.8
jang_original_description,0.05,mckenzie2003,static,95_02,mixed,혼효림,15,8,53.333333333333336,0.0,1.0,4.3;4.1;3.9;3.8;3.7;3.6;3.5;3.4
jang_original_description,0.05,mckenzie2003,static,95_03,broadleaf,낙엽활엽수림,31,0,0.0,0.0,0.0,
jang_original_description,0.05,mckenzie2003,static,95_04,mixed,혼효림,4,3,75.0,0.0,1.0,0.3;0.2;0.1
jang_original_description,0.05,mckenzie2003,dynamic,95_01,broadleaf,낙엽활엽수림,12,12,100.0,1.0,1.0,5.9;5.8;5.7;5.6;5.5;5.4;5.3;5.2;5.1;5.0;4.9;4.8
jang_original_description,0.05,mckenzie2003,dynamic,95_02,mixed,혼효림,15,8,53.333333333333336,0.0,0.9765100671140939,4.3;4.1;3.9;3.8;3.7;3.6;3.5;3.4
jang_original_description,0.05,mckenzie2003,dynamic,95_03,broadleaf,낙엽활엽수림,31,0,0.0,0.013422818791946308,0.03355704697986577,
jang_original_description,0.05,mckenzie2003,dynamic,95_04,mixed,혼효림,4,3,75.0,0.0,0.9832214765100671,0.3;0.2;0.1
jang_original_description,0.1,original,static,95_01,broadleaf,낙엽활엽수림,12,0,0.0,0.0,0.0,
jang_original_description,0.1,original,static,95_02,mixed,혼효림,15,15,100.0,1.0,1.0,4.8;4.7;4.6;4.5;4.4;4.3;4.2;4.1;4.0;3.9;3.8;3.7;3.6;3.5;3.4
jang_original_description,0.1,original,static,95_03,broadleaf,낙엽활엽수림,31,0,0.0,0.0,0.0,
jang_original_description,0.1,original,static,95_04,mixed,혼효림,4,4,100.0,1.0,1.0,0.3;0.2;0.1;0.0
jang_original_description,0.1,original,dynamic,95_01,broadleaf,낙엽활엽수림,12,0,0.0,0.0,0.0,
jang_original_description,0.1,original,dynamic,95_02,mixed,혼효림,15,15,100.0,1.0,1.0,4.8;4.7;4.6;4.5;4.4;4.3;4.2;4.1;4.0;3.9;3.8;3.7;3.6;3.5;3.4
jang_original_description,0.1,original,dynamic,95_03,broadleaf,낙엽활엽수림,31,0,0.0,0.0,0.0,
jang_original_description,0.1,original,dynamic,95_04,mixed,혼효림,4,4,100.0,1.0,1.0,0.3;0.2;0.1;0.0
jang_original_description,0.1,mckenzie2003,static,95_01,broadleaf,낙엽활엽수림,12,12,100.0,1.0,1.0,5.9;5.8;5.7;5.6;5.5;5.4;5.3;5.2;5.1;5.0;4.9;4.8
jang_original_description,0.1,mckenzie2003,static,95_02,mixed,혼효림,15,8,53.333333333333336,0.0,1.0,4.3;4.1;3.9;3.8;3.7;3.6;3.5;3.4
jang_original_description,0.1,mckenzie2003,static,95_03,broadleaf,낙엽활엽수림,31,0,0.0,0.0,0.0,
jang_original_description,0.1,mckenzie2003,static,95_04,mixed,혼효림,4,3,75.0,0.0,1.0,0.3;0.2;0.1
jang_original_description,0.1,mckenzie2003,dynamic,95_01,broadleaf,낙엽활엽수림,12,12,100.0,1.0,1.0,5.9;5.8;5.7;5.6;5.5;5.4;5.3;5.2;5.1;5.0;4.9;4.8
jang_original_description,0.1,mckenzie2003,dynamic,95_02,mixed,혼효림,15,8,53.333333333333336,0.0,0.9765100671140939,4.3;4.1;3.9;3.8;3.7;3.6;3.5;3.4
jang_original_description,0.1,mckenzie2003,dynamic,95_03,broadleaf,낙엽활엽수림,31,0,0.0,0.013422818791946308,0.03355704697986577,
jang_original_description,0.1,mckenzie2003,dynamic,95_04,mixed,혼효림,4,3,75.0,0.0,0.9832214765100671,0.3;0.2;0.1
legacy_pb4_reduced,0.01,original,static,95_01,mixed,혼효림,12,12,100.0,1.0,1.0,5.9;5.8;5.7;5.6;5.5;5.4;5.3;5.2;5.1;5.0;4.9;4.8
legacy_pb4_reduced,0.01,original,static,95_02,conifer,침엽수림,15,0,0.0,0.0,0.0,
legacy_pb4_reduced,0.01,original,static,95_03,broadleaf,낙엽활엽수림,31,0,0.0,0.0,0.0,
legacy_pb4_reduced,0.01,original,static,95_04,conifer,침엽수림,4,0,0.0,0.0,0.0,
legacy_pb4_reduced,0.01,original,dynamic,95_01,mixed,혼효림,12,12,100.0,1.0,1.0,5.9;5.8;5.7;5.6;5.5;5.4;5.3;5.2;5.1;5.0;4.9;4.8
legacy_pb4_reduced,0.01,original,dynamic,95_02,conifer,침엽수림,15,0,0.0,0.0,0.0,
legacy_pb4_reduced,0.01,original,dynamic,95_03,broadleaf,낙엽활엽수림,31,0,0.0,0.0,0.0,
legacy_pb4_reduced,0.01,original,dynamic,95_04,conifer,침엽수림,4,0,0.0,0.0,0.0,
legacy_pb4_reduced,0.01,mckenzie2003,static,95_01,mixed,혼효림,12,0,0.0,0.0,0.0,
legacy_pb4_reduced,0.01,mckenzie2003,static,95_02,conifer,침엽수림,15,0,0.0,0.0,0.0,
legacy_pb4_reduced,0.01,mckenzie2003,static,95_03,broadleaf,낙엽활엽수림,31,0,0.0,0.0,0.0,
legacy_pb4_reduced,0.01,mckenzie2003,static,95_04,conifer,침엽수림,4,0,0.0,0.0,0.0,
legacy_pb4_reduced,0.01,mckenzie2003,dynamic,95_01,mixed,혼효림,12,0,0.0,0.0,0.0,
legacy_pb4_reduced,0.01,mckenzie2003,dynamic,95_02,conifer,침엽수림,15,0,0.0,0.0,0.0,
legacy_pb4_reduced,0.01,mckenzie2003,dynamic,95_03,broadleaf,낙엽활엽수림,31,31,100.0,0.013422818791946308,0.03355704697986577,3.4;3.3;3.2;3.1;3.0;2.9;2.8;2.7;2.6;2.5;2.4;2.3;2.2;2.1;2.0;1.9;1.8;1.7;1.6;1.5;1.4;1.3;1.2;1.1;1.0;0.9;0.8;0.7;0.6;0.5;0.4
legacy_pb4_reduced,0.01,mckenzie2003,dynamic,95_04,conifer,침엽수림,4,0,0.0,0.0,0.0,
legacy_pb4_reduced,0.05,original,static,95_01,mixed,혼효림,12,12,100.0,1.0,1.0,5.9;5.8;5.7;5.6;5.5;5.4;5.3;5.2;5.1;5.0;4.9;4.8
legacy_pb4_reduced,0.05,original,static,95_02,conifer,침엽수림,15,0,0.0,0.0,0.0,
legacy_pb4_reduced,0.05,original,static,95_03,broadleaf,낙엽활엽수림,31,0,0.0,0.0,0.0,
legacy_pb4_reduced,0.05,original,static,95_04,conifer,침엽수림,4,0,0.0,0.0,0.0,
legacy_pb4_reduced,0.05,original,dynamic,95_01,mixed,혼효림,12,12,100.0,1.0,1.0,5.9;5.8;5.7;5.6;5.5;5.4;5.3;5.2;5.1;5.0;4.9;4.8
legacy_pb4_reduced,0.05,original,dynamic,95_02,conifer,침엽수림,15,0,0.0,0.0,0.0,
legacy_pb4_reduced,0.05,original,dynamic,95_03,broadleaf,낙엽활엽수림,31,0,0.0,0.0,0.0,
legacy_pb4_reduced,0.05,original,dynamic,95_04,conifer,침엽수림,4,0,0.0,0.0,0.0,
legacy_pb4_reduced,0.05,mckenzie2003,static,95_01,mixed,혼효림,12,0,0.0,0.0,0.0,
legacy_pb4_reduced,0.05,mckenzie2003,static,95_02,conifer,침엽수림,15,0,0.0,0.0,0.0,
legacy_pb4_reduced,0.05,mckenzie2003,static,95_03,broadleaf,낙엽활엽수림,31,0,0.0,0.0,0.0,
legacy_pb4_reduced,0.05,mckenzie2003,static,95_04,conifer,침엽수림,4,0,0.0,0.0,0.0,
legacy_pb4_reduced,0.05,mckenzie2003,dynamic,95_01,mixed,혼효림,12,0,0.0,0.0,0.0,
legacy_pb4_reduced,0.05,mckenzie2003,dynamic,95_02,conifer,침엽수림,15,0,0.0,0.0,0.0,
legacy_pb4_reduced,0.05,mckenzie2003,dynamic,95_03,broadleaf,낙엽활엽수림,31,0,0.0,0.013422818791946308,0.03355704697986577,
legacy_pb4_reduced,0.05,mckenzie2003,dynamic,95_04,conifer,침엽수림,4,0,0.0,0.0,0.0,
legacy_pb4_reduced,0.1,original,static,95_01,mixed,혼효림,12,12,100.0,1.0,1.0,5.9;5.8;5.7;5.6;5.5;5.4;5.3;5.2;5.1;5.0;4.9;4.8
legacy_pb4_reduced,0.1,original,static,95_02,conifer,침엽수림,15,0,0.0,0.0,0.0,
legacy_pb4_reduced,0.1,original,static,95_03,broadleaf,낙엽활엽수림,31,0,0.0,0.0,0.0,
legacy_pb4_reduced,0.1,original,static,95_04,conifer,침엽수림,4,0,0.0,0.0,0.0,
legacy_pb4_reduced,0.1,original,dynamic,95_01,mixed,혼효림,12,12,100.0,1.0,1.0,5.9;5.8;5.7;5.6;5.5;5.4;5.3;5.2;5.1;5.0;4.9;4.8
legacy_pb4_reduced,0.1,original,dynamic,95_02,conifer,침엽수림,15,0,0.0,0.0,0.0,
legacy_pb4_reduced,0.1,original,dynamic,95_03,broadleaf,낙엽활엽수림,31,0,0.0,0.0,0.0,
legacy_pb4_reduced,0.1,original,dynamic,95_04,conifer,침엽수림,4,0,0.0,0.0,0.0,
legacy_pb4_reduced,0.1,mckenzie2003,static,95_01,mixed,혼효림,12,0,0.0,0.0,0.0,
legacy_pb4_reduced,0.1,mckenzie2003,static,95_02,conifer,침엽수림,15,0,0.0,0.0,0.0,
legacy_pb4_reduced,0.1,mckenzie2003,static,95_03,broadleaf,낙엽활엽수림,31,0,0.0,0.0,0.0,
legacy_pb4_reduced,0.1,mckenzie2003,static,95_04,conifer,침엽수림,4,0,0.0,0.0,0.0,
legacy_pb4_reduced,0.1,mckenzie2003,dynamic,95_01,mixed,혼효림,12,0,0.0,0.0,0.0,
legacy_pb4_reduced,0.1,mckenzie2003,dynamic,95_02,conifer,침엽수림,15,0,0.0,0.0,0.0,
legacy_pb4_reduced,0.1,mckenzie2003,dynamic,95_03,broadleaf,낙엽활엽수림,31,0,0.0,0.013422818791946308,0.03355704697986577,
legacy_pb4_reduced,0.1,mckenzie2003,dynamic,95_04,conifer,침엽수림,4,0,0.0,0.0,0.0,
