ka_bp,row,col,dynamic_code,static_code,mismatch,soil_depth_m,whc_mm,wetness,firedays,npp,elevation_m
4.3,4,5,1,2,True,0.25125363,57.123295,75.2,64.0,507.0,1182.1815
4.3,5,5,1,2,True,0.10864672,25.456038,69.2,64.0,444.0,1165.7638
4.3,5,11,1,2,True,0.04975756,11.7925415,65.2,142.0,389.0,1159.5287
4.3,6,11,1,2,True,0.04637286,10.990368,65.2,139.0,380.0,1155.8917
4.3,6,12,1,2,True,0.05392919,12.761573,65.3,148.0,404.0,1152.3256
4.3,7,10,1,2,True,0.27198666,61.643093,75.7,62.0,508.0,1148.066
4.3,10,11,1,2,True,0.27612644,62.545563,75.8,62.0,508.0,1153.0035
4.3,17,17,1,2,True,0.23943783,54.547447,74.9,65.0,507.0,1176.7605
4.2,1,12,1,2,True,0.38652223,85.6601,77.2,18.0,488.0,1183.5083
4.2,2,0,1,2,True,3.2262402,298.55,78.4,0.0,508.0,1197.9305
4.2,3,1,2,1,True,5.3206944,298.55,78.4,0.0,508.0,1192.6024
4.2,4,5,1,2,True,0.2572616,58.433033,76.1,48.0,485.0,1182.1517
4.2,17,20,2,1,True,2.3460093,298.55,78.4,0.0,508.0,1188.7318
4.2,19,18,1,2,True,0.51165485,111.56255,77.5,1.0,488.0,1187.5386
4.1,4,5,1,2,True,0.25580513,58.11552,75.8,49.0,485.0,1182.1205
4.1,5,5,1,2,True,0.10939919,25.630611,68.9,63.0,444.0,1165.6873
4.1,5,11,1,2,True,0.040543824,9.608887,65.0,132.0,360.0,1159.4281
4.1,6,11,1,2,True,0.03802826,9.012697,64.8,128.0,350.0,1155.7991
4.1,6,12,1,2,True,0.03050888,7.2306046,64.6,114.0,313.0,1152.2178
4.1,17,17,1,2,True,0.24749003,56.302826,75.8,50.0,485.0,1176.7123
3.9,4,5,1,2,True,0.25510675,57.963272,75.1,64.0,516.0,1182.059
3.9,5,5,1,2,True,0.10620358,24.88923,69.0,67.0,452.0,1165.6086
3.9,5,11,1,2,True,0.045532383,10.791174,65.5,140.0,384.0,1159.336
3.9,6,11,1,2,True,0.042228114,10.008063,65.4,136.0,373.0,1155.714
3.9,6,12,1,2,True,0.036050573,8.543985,65.3,127.0,347.0,1152.1276
3.9,9,10,1,2,True,0.24998607,56.846962,75.0,64.0,516.0,1156.668
3.9,10,11,1,2,True,0.2794146,63.26238,75.8,61.0,516.0,1152.91
3.9,17,17,1,2,True,0.25062153,56.985497,76.2,50.0,494.0,1176.6641
