row,col,x_dyn,y_dyn,lon_dyn,lat_dyn,elevation_m_dyn,soil_depth_m_dyn,soil_texture_class_dyn,vegetation_code_dyn,npp_dyn,eemt_dyn,agb_reich_lai_sapwood_dyn,agb_legacy_0010_dyn,optpft_dyn,bare_bedrock_dyn,lai_dyn,aet_mm_yr_dyn,wetness_dyn,runoff_mm_yr_dyn,firedays_dyn,greendays_dyn,gdd0_dyn,gdd5_dyn,tcm_C_dyn,whc_total_dynamic_mm_dyn,annual_mean_temp_C_dyn,annual_precip_mm_dyn,annual_mean_cloud_pct_dyn,absolute_min_temp_C_dyn,co2_ppm_dyn,annual_effective_precip_mm_dyn,contrib_area_m2,unit_area_aw,valley,flow_slope,fluv_reg_m_per_kyr,fluv_bed_m_per_kyr,hill_dz_m_per_kyr,grid_ratio_f,sink_fill_m,code,group,x_sta,y_sta,lon_sta,lat_sta,elevation_m_sta,soil_depth_m_sta,soil_texture_class_sta,vegetation_code_sta,npp_sta,eemt_sta,agb_reich_lai_sapwood_sta,agb_legacy_0010_sta,optpft_sta,bare_bedrock_sta,lai_sta,aet_mm_yr_sta,wetness_sta,runoff_mm_yr_sta,firedays_sta,greendays_sta,gdd0_sta,gdd5_sta,tcm_C_sta,whc_total_dynamic_mm_sta,annual_mean_temp_C_sta,annual_precip_mm_sta,annual_mean_cloud_pct_sta,absolute_min_temp_C_sta,co2_ppm_sta,annual_effective_precip_mm_sta
3,4,123013.2082847826,624318.97476,128.1209071427628,38.21580102650688,1174.8015,0.0,2.0,4.0,0.0,62.13573,0.0,0.0,0.0,1.0,,,,,,,,,,,1.3708334,1826.0,59.076492,-39.7205,198.45988,,1517.5757592063394,7791.21494814856,1,0.334190000000001,0.0,0.08380833776385262,0.08178473735427069,1.1424960622191929,0.0,4,bare,123013.2082847826,624318.97476,128.1209071427628,38.21580102650688,1176.6888,1.94,2.0,0.0,276.0,54.77491,2.764593,2.76,6.0,0.0,2.42,420.0,77.1,1431.0,0.0,365.0,1934.3458,1036.9877,-14.5,298.55,1.3708334,1826.0,59.076492,-39.7205,198.45988,1406.0
4,5,123033.18663695653,624299.00072,128.12113740996136,38.21562281038708,1186.2185,3.2525807e-06,2.0,4.0,0.0,62.13573,0.0,0.0,0.0,0.0,0.0,,0.0,0.0,0.0,0.0,1934.3458,1036.9877,-14.5,0.00077086163,1.3708334,1826.0,59.076492,-39.7205,198.45988,,412.49396126044735,20.624698063022368,0,1.06798,0.0032525807,0.0003837306241811621,0.0033444133246770926,3.1263023393128235,0.0,4,bare,123033.18663695653,624299.00072,128.12113740996136,38.21562281038708,1188.5692,1.94,2.0,0.0,276.0,54.769154,2.7760167,2.76,6.0,0.0,2.43,420.0,77.1,1431.0,0.0,365.0,1934.3458,1036.9877,-14.5,298.55,1.3708334,1826.0,59.076492,-39.7205,198.45988,1406.0
5,3,122993.2299326087,624279.02668,128.1206833703989,38.21543946970871,1182.1105,0.0,2.0,4.0,0.0,62.13573,0.0,0.0,0.0,1.0,,,,,,,,,,,1.3708334,1826.0,59.076492,-39.7205,198.45988,,434.7143038402094,21.73571519201047,0,0.759375,0.0,0.0005312743158866227,-0.0,3.030384722545818,0.0,4,bare,122993.2299326087,624279.02668,128.1206833703989,38.21543946970871,1184.117,1.94,2.0,0.0,276.0,54.769608,2.7760167,2.76,6.0,0.0,2.43,420.0,77.1,1431.0,0.0,365.0,1934.3458,1036.9877,-14.5,298.55,1.3708334,1826.0,59.076492,-39.7205,198.45988,1406.0
5,7,123073.14334130434,624279.02668,128.12159577795487,38.21544630093954,1161.0063,0.0,2.0,4.0,0.0,62.13573,0.0,0.0,0.0,1.0,,,,,,,,,,,1.3708334,1826.0,59.076492,-39.7205,198.45988,,21027.464104762053,29001.699332806034,1,0.12099804132883413,0.0,0.11295107708486841,0.04645195262391474,0.9909334700048321,0.0,4,bare,123073.14334130434,624279.02668,128.12159577795487,38.21544630093954,1163.3934,1.94,2.0,0.0,276.0,54.768482,2.7988646,2.76,6.0,0.0,2.45,420.0,77.1,1431.0,0.0,365.0,1934.3458,1036.9877,-14.5,298.55,1.3708334,1826.0,59.076492,-39.7205,198.45988,1406.0
5,8,123093.12169347826,624279.02668,128.12182387989208,38.21544800763937,1165.5936,0.0,2.0,4.0,0.0,62.13573,0.0,0.0,0.0,1.0,,,,,,,,,,,1.3708334,1826.0,59.076492,-39.7205,198.45988,,695.8022943225435,5275.612928646466,1,0.40047707106780306,0.0,0.06800473781355015,0.04573701990129329,0.032341403087840746,0.0,4,bare,123093.12169347826,624279.02668,128.12182387989208,38.21544800763937,1167.627,1.94,2.0,0.0,276.0,54.76803,2.7988646,2.76,6.0,0.0,2.45,420.0,77.1,1431.0,0.0,365.0,1934.3458,1036.9877,-14.5,298.55,1.3708334,1826.0,59.076492,-39.7205,198.45988,1406.0
5,11,123153.05675,624279.02668,128.1225081858194,38.21545312507995,1165.2467,0.0,2.0,4.0,0.0,62.13573,0.0,0.0,0.0,1.0,,,,,,,,,,,1.3708334,1826.0,59.076492,-39.7205,198.45988,,9369.56821813583,19359.30599803188,1,0.31515895684093553,0.0,0.19638487174783956,0.050183306156953676,1.0271388033970703,0.0,4,bare,123153.05675,624279.02668,128.1225081858194,38.21545312507995,1168.2175,1.94,2.0,0.0,276.0,54.76803,2.7988646,2.76,6.0,0.0,2.45,420.0,77.1,1431.0,0.0,365.0,1934.3458,1036.9877,-14.5,298.55,1.3708334,1826.0,59.076492,-39.7205,198.45988,1406.0
5,12,123173.0351021739,624279.02668,128.12273628783373,38.21545483000717,1159.9015,0.0,2.0,4.0,0.0,62.13573,0.0,0.0,0.0,1.0,,,,,,,,,,,1.3708334,1826.0,59.076492,-39.7205,198.45988,,3919.918079664936,12521.849830859554,1,0.36417559891279033,0.0,0.14678035203414527,0.054042272691520496,1.0768837307729937,0.0,4,bare,123173.0351021739,624279.02668,128.12273628783373,38.21545483000717,1162.627,1.94,2.0,0.0,276.0,54.768482,2.7988646,2.76,6.0,0.0,2.45,420.0,77.1,1431.0,0.0,365.0,1934.3458,1036.9877,-14.5,298.55,1.3708334,1826.0,59.076492,-39.7205,198.45988,1406.0
6,2,122973.25158043478,624259.05264,128.1204574344003,38.215257836643765,1174.4053,0.0,2.0,4.0,0.0,62.13573,0.0,0.0,0.0,1.0,,,,,,,,,,,1.3708334,1826.0,59.076492,-39.7205,198.45988,,1572.2315905670455,7930.275129065941,1,0.22153999999999313,0.0,0.05654952962146625,0.05103091493863073,0.8415367805088225,0.0,4,bare,122973.25158043478,624259.05264,128.1204574344003,38.215257836643765,1176.434,1.94,2.0,0.0,276.0,54.77491,2.764593,2.76,6.0,0.0,2.42,420.0,77.1,1431.0,0.0,365.0,1934.3458,1036.9877,-14.5,298.55,1.3708334,1826.0,59.076492,-39.7205,198.45988,1406.0
6,5,123033.18663695653,624259.05264,128.12114173829588,38.21526296202816,1166.9231,0.0,2.0,4.0,0.0,62.13573,0.0,0.0,0.0,1.0,,,,,,,,,,,1.3708334,1826.0,59.076492,-39.7205,198.45988,,11359.68839409413,21316.36779012234,1,0.21828500000000303,0.0,0.1497702961908364,0.029706888093454946,0.9945508608455242,0.0,4,bare,123033.18663695653,624259.05264,128.12114173829588,38.21526296202816,1169.594,1.94,2.0,0.0,276.0,54.775364,2.764593,2.76,6.0,0.0,2.42,420.0,77.1,1431.0,0.0,365.0,1934.3458,1036.9877,-14.5,298.55,1.3708334,1826.0,59.076492,-39.7205,198.45988,1406.0
6,8,123093.12169347826,624259.05264,128.12182604236514,38.21526808342421,1157.5841,0.0,2.0,4.0,0.0,62.13573,0.0,0.0,0.0,1.0,,,,,,,,,,,1.3708334,1826.0,59.076492,-39.7205,198.45988,,22305.410560688906,29869.992005816744,1,0.14627500000000282,0.0,0.14063512509311243,0.09904520474134568,1.156886654919591,0.0,4,bare,123093.12169347826,624259.05264,128.12182604236514,38.21526808342421,1160.169,1.94,2.0,0.0,276.0,54.76881,2.7988646,2.76,6.0,0.0,2.45,420.0,77.1,1431.0,0.0,365.0,1934.3458,1036.9877,-14.5,298.55,1.3708334,1826.0,59.076492,-39.7205,198.45988,1406.0
6,11,123153.05675,624259.05264,128.12251034660795,38.215273200831945,1161.296,0.0,2.0,4.0,0.0,62.13573,0.0,0.0,0.0,1.0,,,,,,,,,,,1.3708334,1826.0,59.076492,-39.7205,198.45988,,2775.9988120152098,10537.549643091053,1,0.45446606380249743,0.0,0.15414508555444678,0.012315650547726615,0.9173302340428987,0.0,4,bare,123153.05675,624259.05264,128.12251034660795,38.215273200831945,1163.954,1.94,2.0,0.0,276.0,54.768482,2.7988646,2.76,6.0,0.0,2.45,420.0,77.1,1431.0,0.0,365.0,1934.3458,1036.9877,-14.5,298.55,1.3708334,1826.0,59.076492,-39.7205,198.45988,1406.0
7,10,123133.07839782607,624239.0786,128.12228440650517,38.21509157122982,1152.7225,0.0,2.0,4.0,0.0,62.13573,0.0,0.0,0.0,1.0,,,,,,,,,,,1.3708334,1826.0,59.076492,-39.7205,198.45988,,26038.973118266334,32273.19204433694,1,0.1483736803624727,0.0,0.15413007236458465,0.11893838396912035,1.0592521338189707,0.0,4,bare,123133.07839782607,624239.0786,128.12228440650517,38.21509157122982,1155.3405,1.94,2.0,0.0,276.0,54.769684,2.7988646,2.76,6.0,0.0,2.45,420.0,77.1,1431.0,0.0,365.0,1934.3458,1036.9877,-14.5,298.55,1.3708334,1826.0,59.076492,-39.7205,198.45988,1406.0
7,12,123173.0351021739,624239.0786,128.1227406082685,38.21509498148363,1148.4419,0.0,2.0,4.0,0.0,62.13573,0.0,0.0,0.0,1.0,,,,,,,,,,,1.3708334,1826.0,59.076492,-39.7205,198.45988,,3896.2553251924915,12483.998278103842,1,0.32188500000000886,0.0,0.12934302971084644,0.10871563762894701,1.0271381831272717,0.0,4,bare,123173.0351021739,624239.0786,128.1227406082685,38.21509498148363,1150.9546,1.94,2.0,0.0,276.0,54.77394,2.7760167,2.76,6.0,0.0,2.43,420.0,77.1,1431.0,0.0,365.0,1934.3458,1036.9877,-14.5,298.55,1.3708334,1826.0,59.076492,-39.7205,198.45988,1406.0
8,10,123133.07839782607,624219.10456,128.12228656781667,38.21491164698149,1149.9896,0.0,2.0,4.0,0.0,62.13573,0.0,0.0,0.0,1.0,,,,,,,,,,,1.3708334,1826.0,59.076492,-39.7205,198.45988,,17489.353724533292,26449.46405848957,1,0.13366939484769164,0.0,0.11379873881723351,0.07341762127956618,0.8196180115688618,0.0,4,bare,123133.07839782607,624219.10456,128.12228656781667,38.21491164698149,1152.3726,1.94,2.0,0.0,276.0,54.77379,2.7760167,2.76,6.0,0.0,2.43,420.0,77.1,1431.0,0.0,365.0,1934.3458,1036.9877,-14.5,298.55,1.3708334,1826.0,59.076492,-39.7205,198.45988,1406.0
8,11,123153.05675,624219.10456,128.12251466812717,38.214913352319016,1148.526,0.0,2.0,4.0,0.0,62.13573,0.0,0.0,0.0,1.0,,,,,,,,,,,1.3708334,1826.0,59.076492,-39.7205,198.45988,,20269.29334290423,28474.053693075897,1,0.13716603788065762,0.0,0.12571424291564057,0.07245054598355061,0.7253534886605543,0.0,4,bare,123153.05675,624219.10456,128.12251466812717,38.214913352319016,1151.0245,1.94,2.0,0.0,276.0,54.77394,2.7760167,2.76,6.0,0.0,2.43,420.0,77.1,1431.0,0.0,365.0,1934.3458,1036.9877,-14.5,298.55,1.3708334,1826.0,59.076492,-39.7205,198.45988,1406.0
9,11,123153.05675,624199.13052,128.12251682885793,38.21473342805412,1146.209,0.0,2.0,4.0,0.0,62.13573,0.0,0.0,0.0,1.0,,,,,,,,,,,1.3708334,1826.0,59.076492,-39.7205,198.45988,,24447.13760626657,31271.16090346923,1,0.07812999999999874,0.0,0.07864125202642705,0.04660325288319358,0.775413431187359,0.0,4,bare,123153.05675,624199.13052,128.12251682885793,38.21473342805412,1148.3333,1.94,2.0,0.0,276.0,54.77424,2.7760167,2.76,6.0,0.0,2.43,420.0,77.1,1431.0,0.0,365.0,1934.3458,1036.9877,-14.5,298.55,1.3708334,1826.0,59.076492,-39.7205,198.45988,1406.0
9,12,123173.0351021739,624199.13052,128.1227449286262,38.21473513293756,1144.6465,0.0,2.0,4.0,0.0,62.13573,0.0,0.0,0.0,1.0,,,,,,,,,,,1.3708334,1826.0,59.076492,-39.7205,198.45988,,45703.66871026614,42756.83276870079,1,0.09291529551400161,0.0,0.12787372907493263,0.060344689309376004,1.0170839448113,0.0,4,bare,123173.0351021739,624199.13052,128.1227449286262,38.21473513293756,1147.2272,1.94,2.0,0.0,276.0,54.77424,2.7760167,2.76,6.0,0.0,2.43,420.0,77.1,1431.0,0.0,365.0,1934.3458,1036.9877,-14.5,298.55,1.3708334,1826.0,59.076492,-39.7205,198.45988,1406.0
9,13,123193.01345434782,624199.13052,128.12297302841375,38.21473683737787,1149.5717,0.0,2.0,4.0,0.0,62.13573,0.0,0.0,0.0,1.0,,,,,,,,,,,1.3708334,1826.0,59.076492,-39.7205,198.45988,,459.0184450108037,4284.943150198395,1,0.45631707106781505,0.0,0.06293617884558944,0.00857077175739105,0.19751237127704546,0.0,4,bare,123193.01345434782,624199.13052,128.12297302841375,38.21473683737787,1151.7545,1.94,2.0,0.0,276.0,54.77379,2.7760167,2.76,6.0,0.0,2.43,420.0,77.1,1431.0,0.0,365.0,1934.3458,1036.9877,-14.5,298.55,1.3708334,1826.0,59.076492,-39.7205,198.45988,1406.0
10,11,123153.05675,624179.15648,128.1225189895694,38.21455350378358,1156.2162,0.0,2.0,4.0,0.0,62.13573,0.0,0.0,0.0,1.0,,,,,,,,,,,1.3708334,1826.0,59.076492,-39.7205,198.45988,,435.80120526090514,4175.170440884564,1,0.5003620710678092,0.0,0.06724301553589533,-0.0,0.93215977385264,0.0,4,bare,123153.05675,624179.15648,128.1225189895694,38.21455350378358,1158.4529,1.94,2.0,0.0,276.0,54.768963,2.7988646,2.76,6.0,0.0,2.45,420.0,77.1,1431.0,0.0,365.0,1934.3458,1036.9877,-14.5,298.55,1.3708334,1826.0,59.076492,-39.7205,198.45988,1406.0
10,17,123272.92686304348,624179.15648,128.12388758509897,38.21456372637152,1141.5675,0.0,2.0,4.0,0.0,62.13573,0.0,0.0,0.0,1.0,,,,,,,,,,,1.3708334,1826.0,59.076492,-39.7205,198.45988,,35522.21695790602,37694.67705547085,1,0.056110000000001034,0.0,0.06807832883213921,0.04451740525104979,1.0517925852310328,0.0,4,bare,123272.92686304348,624179.15648,128.12388758509897,38.21456372637152,1143.8666,1.94,2.0,0.0,276.0,54.77499,2.7760167,2.76,6.0,0.0,2.43,420.0,77.1,1431.0,0.0,365.0,1934.3458,1036.9877,-14.5,298.55,1.3708334,1826.0,59.076492,-39.7205,198.45988,1406.0
11,11,123153.05675,624159.18244,128.12252115026163,38.21437357950741,1151.0583,0.0,2.0,4.0,0.0,62.13573,0.0,0.0,0.0,1.0,,,,,,,,,,,1.3708334,1826.0,59.076492,-39.7205,198.45988,,11624.708822440725,21563.5885904371,1,0.12397849641152685,0.0,0.08605101414851478,0.03957965954717117,1.04472865541596,0.0,4,bare,123153.05675,624159.18244,128.12252115026163,38.21437357950741,1153.4419,1.94,2.0,0.0,276.0,54.77379,2.7760167,2.76,6.0,0.0,2.43,420.0,77.1,1431.0,0.0,365.0,1934.3458,1036.9877,-14.5,298.55,1.3708334,1826.0,59.076492,-39.7205,198.45988,1406.0
12,14,123212.99180652174,624139.2084,128.12320760524378,38.21419876844804,1147.7969,0.0,2.0,4.0,0.0,62.13573,0.0,0.0,0.0,1.0,,,,,,,,,,,1.3708334,1826.0,59.076492,-39.7205,198.45988,,6836.129839507668,16536.178324519446,1,0.225532071067812,0.0,0.12004167473611503,0.016908143948416856,1.0493994052059468,0.0,4,bare,123212.99180652174,624139.2084,128.12320760524378,38.21419876844804,1150.3116,1.94,2.0,0.0,276.0,54.77424,2.7760167,2.76,6.0,0.0,2.43,420.0,77.1,1431.0,0.0,365.0,1934.3458,1036.9877,-14.5,298.55,1.3708334,1826.0,59.076492,-39.7205,198.45988,1406.0
12,18,123292.90521521738,624139.2084,128.12411999792556,38.21420557987409,1150.8264,0.0,2.0,4.0,0.0,62.13573,0.0,0.0,0.0,1.0,,,,,,,,,,,1.3708334,1826.0,59.076492,-39.7205,198.45988,,4140.767010898145,12869.758367425777,1,0.3091167293957019,0.0,0.12805056332810844,0.011603238211652345,0.5960629166506776,0.0,4,bare,123292.90521521738,624139.2084,128.12411999792556,38.21420557987409,1153.2432,1.94,2.0,0.0,276.0,54.77379,2.7760167,2.76,6.0,0.0,2.43,420.0,77.1,1431.0,0.0,365.0,1934.3458,1036.9877,-14.5,298.55,1.3708334,1826.0,59.076492,-39.7205,198.45988,1406.0
13,10,123133.07839782607,624119.23436,128.12229737408524,38.21401202565537,1156.3022,0.0,2.0,4.0,0.0,62.13573,0.0,0.0,0.0,1.0,,,,,,,,,,,1.3708334,1826.0,59.076492,-39.7205,198.45988,,3113.9667028597923,11160.585473638544,1,0.21154000000000223,0.0,0.07599203392616527,0.030337683048361996,0.5874688073181893,0.0,4,bare,123133.07839782607,624119.23436,128.12229737408524,38.21401202565537,1158.4194,1.94,2.0,0.0,276.0,54.768963,2.7988646,2.76,6.0,0.0,2.45,420.0,77.1,1431.0,0.0,365.0,1934.3458,1036.9877,-14.5,298.55,1.3708334,1826.0,59.076492,-39.7205,198.45988,1406.0
14,9,123113.10004565216,624099.26032,128.12207143835886,38.21383039565828,1160.9033,0.009295447,2.0,3.0,6.0,62.216354,0.11056934,0.06,10.0,0.0,0.1,4.0,56.7,918.0,34.0,365.0,1934.3458,1036.9877,-14.5,2.203021,1.3708334,1826.0,59.076492,-39.7205,198.45988,1822.0,2355.0075440068017,9705.683992397036,1,0.17338792893217486,0.5409665909744195,0.0,0.034515920083128857,1.0524312286645132,0.0,3,herb_open,123113.10004565216,624099.26032,128.12207143835886,38.21383039565828,1162.834,1.94,2.0,0.0,276.0,54.768482,2.7988646,2.76,6.0,0.0,2.45,420.0,77.1,1431.0,0.0,365.0,1934.3458,1036.9877,-14.5,298.55,1.3708334,1826.0,59.076492,-39.7205,198.45988,1406.0
15,14,123212.99180652174,624079.28628,128.12321408209382,38.21365899547034,1155.8689,0.0,2.0,4.0,0.0,62.13573,0.0,0.0,0.0,1.0,,,,,,,,,,,1.3708334,1826.0,59.076492,-39.7205,198.45988,,6482.448458312022,16102.730772526776,1,0.2528050000000121,0.0,0.13103091741092693,0.05137470524511399,1.0843587040744418,0.0,4,bare,123212.99180652174,624079.28628,128.12321408209382,38.21365899547034,1158.5419,1.94,2.0,0.0,276.0,54.768963,2.7988646,2.76,6.0,0.0,2.45,420.0,77.1,1431.0,0.0,365.0,1934.3458,1036.9877,-14.5,298.55,1.3708334,1826.0,59.076492,-39.7205,198.45988,1406.0
17,17,123272.92686304348,624039.3382,128.12390268595806,38.21330425586061,1180.5292,0.0,2.0,4.0,0.0,62.13573,0.0,0.0,0.0,1.0,,,,,,,,,,,1.3708334,1826.0,59.076492,-39.7205,198.45988,,400.0,20.0,0,0.930749142135619,0.0,0.0005991716148731938,-0.0,2.0741781412520828,0.0,4,bare,123272.92686304348,624039.3382,128.12390268595806,38.21330425586061,1182.6366,1.94,2.0,0.0,276.0,54.77371,2.764593,2.76,6.0,0.0,2.42,420.0,77.1,1431.0,0.0,365.0,1934.3458,1036.9877,-14.5,298.55,1.3708334,1826.0,59.076492,-39.7205,198.45988,1406.0
