row,col,lon,lat,group,elevation_m,soil_depth_m,npp,optpft,lai,aet_mm_yr,wetness,runoff_mm_yr,firedays,whc_total_dynamic_mm,cum_soil_production_m,cum_hillslope_dz_m,cum_fluvial_regolith_erosion_m,cum_fluvial_bedrock_erosion_m,cum_valley_substep_count
3,4,128.1209071427628,38.21580102650688,bare,1174.8015,0.0,0.0,0.0,,,,,,,0.4404154478979746,0.2713983664966743,2.6518138716151043,0.0067677828390426,176.0
4,5,128.12113740996136,38.21562281038708,bare,1186.2185,3.2525807e-06,0.0,0.0,0.0,,0.0,0.0,0.0,0.00077086163,1.2866791964001696,-3.196358377019552,0.0303176240203575,5.767270606616714e-06,0.0
5,3,128.1206833703989,38.21543946970871,bare,1182.1105,0.0,0.0,0.0,,,,,,,0.6666552425686215,-2.586051557209424,0.020603742579656,0.0001033631654701,0.0
5,7,128.12159577795487,38.21544630093954,bare,1161.0063,0.0,0.0,0.0,,,,,,,1.1756607806129784,0.3767788840042294,3.492439721837667,0.0979882686144195,318.0
5,8,128.12182387989208,38.21544800763937,bare,1165.5936,0.0,0.0,0.0,,,,,,,0.7046821047919436,0.047764666518335,2.692446828530739,0.005932445809401,318.0
5,11,128.1225081858194,38.21545312507995,bare,1165.2467,0.0,0.0,0.0,,,,,,,1.6042025718162585,0.1596683866666197,3.703871015703338,0.4436660382038161,318.0
5,12,128.12273628783373,38.21545483000717,bare,1159.9015,0.0,0.0,0.0,,,,,,,1.5601158811336686,0.2101106241061053,3.710226562460235,0.2228431021319937,318.0
6,2,128.1204574344003,38.215257836643765,bare,1174.4053,0.0,0.0,0.0,,,,,,,0.7037964100313582,0.0248355750340243,2.6686320422858403,0.0016971901361712,318.0
6,5,128.12114173829588,38.21526296202816,bare,1166.9231,0.0,0.0,0.0,,,,,,,1.4166300870824038,-0.0795298748429104,3.277100269459953,0.2479730595246893,318.0
6,8,128.12182604236514,38.21526808342421,bare,1157.5841,0.0,0.0,0.0,,,,,,,1.4453662519294623,0.5288657958942051,3.914232105044126,0.1459082577856056,318.0
6,11,128.12251034660795,38.215273200831945,bare,1161.296,0.0,0.0,0.0,,,,,,,1.3806490106986342,-0.1164252414011944,3.2042238265178984,0.2549474656292443,318.0
7,10,128.12228440650517,38.21509157122982,bare,1152.7225,0.0,0.0,0.0,,,,,,,1.3905671438417535,0.5116046434557526,3.842171844517965,0.2094764016283527,318.0
7,12,128.1227406082685,38.21509498148363,bare,1148.4419,0.0,0.0,0.0,,,,,,,1.3513291244197665,0.4392701588955975,3.730599340535823,0.1259601806873881,318.0
8,10,128.12228656781667,38.21491164698149,bare,1149.9896,0.0,0.0,0.0,,,,,,,1.1726380313880438,0.3087848113102705,3.4214228999187752,0.0955163217081198,318.0
8,11,128.12251466812717,38.214913352319016,bare,1148.526,0.0,0.0,0.0,,,,,,,1.3077436415106145,0.3613424024702804,3.6090861012013535,0.1360778180087283,318.0
9,11,128.12251682885793,38.21473342805412,bare,1146.209,0.0,0.0,0.0,,,,,,,0.8507853011721628,0.4003007169799927,3.191086075372613,0.0156396372129085,318.0
9,12,128.1227449286262,38.21473513293756,bare,1144.6465,0.0,0.0,0.0,,,,,,,1.354885577285439,0.3417602950714942,3.636645929577392,0.1920925631935363,316.0
9,13,128.12297302841375,38.21473683737787,bare,1149.5717,0.0,0.0,0.0,,,,,,,0.9531130067594924,-0.4081506727183903,2.484962391261562,0.0173718524289981,318.0
10,11,128.1225189895694,38.21455350378358,bare,1156.2162,0.0,0.0,0.0,,,,,,,1.0315921347356865,-0.5264916072049037,2.4451005847512404,0.027660512343618,318.0
10,17,128.12388758509897,38.21456372637152,bare,1141.5675,0.0,0.0,0.0,,,,,,,1.125982116831274,0.1264802478709604,3.192462421922692,0.0376161390173567,285.0
11,11,128.12252115026163,38.21437357950741,bare,1151.0583,0.0,0.0,0.0,,,,,,,1.244617495930046,0.5056441060019758,3.6902616591524815,0.0561958331720905,318.0
12,14,128.12320760524378,38.21419876844804,bare,1147.7969,0.0,0.0,0.0,,,,,,,1.2892777006057998,-0.0837472780895333,3.1455304797367245,0.1626024673007366,318.0
12,18,128.12411999792556,38.21420557987409,bare,1150.8264,0.0,0.0,0.0,,,,,,,1.172656569500914,-0.2100054811527672,2.902651145568603,0.1292944536481622,318.0
13,10,128.12229737408524,38.21401202565537,bare,1156.3022,0.0,0.0,0.0,,,,,,,0.8255713825122406,-0.1563142999287499,2.6092571398039497,0.0225761764533242,318.0
14,9,128.12207143835886,38.21383039565828,herb_open,1160.9033,0.009295447,6.0,10.0,0.1,4.0,56.7,918.0,34.0,2.203021,0.5473102745606265,0.005426224727131,2.483441109542249,0.0,318.0
15,14,128.12321408209382,38.21365899547034,bare,1155.8689,0.0,0.0,0.0,,,,,,,1.4201897867624882,0.05160428152475,3.411794125507697,0.2480355372899841,318.0
17,17,128.12390268595806,38.21330425586061,bare,1180.5292,0.0,0.0,0.0,,,,,,,0.8479483860491419,-2.76465262650525,0.0232958167643519,0.0003393110370556,0.0
