code,row,col,soil_depth_m,whc_mm,wetness,firedays,best_broad,best_conif,broad_share
2,6,17,0.79899824,169.25165,78.6,0.0,507.5640563964844,488.21923828125,0.5097133674659078
2,6,18,2.4682686,298.55,78.7,0.0,507.58197021484375,488.2406921386719,0.5097112060246053
2,7,3,0.997252,208.50589,78.6,0.0,507.4084777832031,488.03131103515625,0.5097329677624443
2,7,4,0.7735757,164.21799,78.6,0.0,507.43463134765625,488.06292724609375,0.5097296592715542
2,7,5,0.60572875,130.9843,78.1,0.0,507.43890380859375,488.0680541992188,0.5097291382313086
2,7,6,3.1344817,298.55,78.7,0.0,507.4889831542969,488.1286315917969,0.5097227847698523
2,7,7,0.63605165,136.98822,78.2,0.0,507.4444885253906,488.0747985839844,0.5097284352961402
2,7,8,2.7890818,298.55,78.7,0.0,507.4978332519531,488.1392211914063,0.5097217213713334
2,7,9,1.1161714,229.84467,78.6,0.0,507.518310546875,488.1640930175781,0.5097190717943847
1,7,10,0.27198666,61.643093,75.7,62.0,507.6052551269531,486.5442810058594,0.5105924578524775
2,7,11,0.7871005,166.8959,78.6,0.0,507.53228759765625,488.1810302734375,0.5097172835679215
2,7,12,0.5096387,111.14522,78.0,4.0,507.6241760253906,488.2918701171875,0.5097057909565178
2,7,13,1.1156725,229.75537,78.6,0.0,507.6434020996094,488.315185546875,0.5097033234074563
2,7,14,2.60697,298.55,78.7,0.0,507.6560363769531,488.3304443359375,0.5097017341175069
2,7,15,3.1940844,298.55,78.7,0.0,507.659912109375,488.3350524902344,0.5097012837945969
2,7,16,3.0463977,298.55,78.7,0.0,507.64544677734375,488.3175659179688,0.5097031117687137
2,7,17,1.1486721,235.66231,78.6,0.0,507.6071166992188,488.2713623046875,0.5097078884633952
2,7,18,0.413858,91.3186,77.6,29.0,507.5494384765625,488.2016296386719,0.5097151835721916
2,7,19,0.7621097,161.94772,78.6,0.0,507.5607604980469,488.2153930664063,0.5097137129476301
2,7,20,1.9889336,298.55,78.7,0.0,507.6015930175781,488.2646484375,0.5097086053202409
2,7,21,1.5995976,298.55,78.7,0.0,507.5833129882813,488.2425842285156,0.5097108986690446
2,7,22,1.6485387,298.55,78.7,0.0,507.56439208984375,488.21966552734375,0.5097133140536463
2,8,4,0.9997794,209.00633,78.6,0.0,507.4391174316406,488.06842041015625,0.5097290559263262
2,8,5,6.219904,298.55,78.7,0.0,507.4693603515625,488.1050415039063,0.5097251992475734
2,8,6,1.0031109,209.60684,78.6,0.0,507.4797668457031,488.11761474609375,0.509723886612002
2,8,7,1.8011754,298.55,78.7,0.0,507.4655151367188,488.1002502441406,0.509725758742402
2,8,8,0.80998355,171.42674,78.6,0.0,507.4769287109375,488.11419677734375,0.509724238915899
2,8,9,2.529466,298.55,78.7,0.0,507.5386657714844,488.1887817382813,0.5097164560852449
2,8,10,0.48943767,106.96359,78.0,8.0,507.61328125,488.2789001464844,0.5097070654156578
2,8,11,0.47307992,103.577545,77.8,12.0,507.6270446777344,488.2955017089844,0.5097053445766874
2,8,12,0.56513494,122.632935,78.1,0.0,507.553955078125,488.2072143554688,0.5097145486872424
2,8,13,1.4422599,288.2145,78.6,0.0,507.64447021484375,488.3164978027344,0.5097031776509179
2,8,14,2.688072,298.55,78.7,0.0,507.6575927734375,488.3325500488281,0.5097014226816791
2,8,15,3.273471,298.55,78.7,0.0,507.6640625,488.34033203125,0.5097006251050952
2,8,16,3.5990512,298.55,78.7,0.0,507.661376953125,488.3370056152344,0.5097010053811831
2,8,17,4.1271715,298.55,78.7,0.0,507.65032958984375,488.3236999511719,0.5097023762997005
2,8,18,4.1735773,298.55,78.7,0.0,507.6385803222656,488.3094482421875,0.5097038859085543
2,8,19,3.7494068,298.55,78.7,0.0,507.634521484375,488.3046875,0.5097043242248124
2,8,20,5.499615,298.55,78.7,0.0,507.61810302734375,488.28466796875,0.5097064872303029
2,8,21,3.660248,298.55,78.7,0.0,507.5944213867188,488.256103515625,0.5097094480484359
2,8,22,1.8627626,298.55,78.7,0.0,507.5666809082031,488.2225036621094,0.5097129882237277
2,9,5,1.2676774,256.96423,78.6,0.0,507.4490051269531,488.08050537109375,0.5097277376268684
2,9,6,0.98190296,205.46678,78.6,0.0,507.4408264160156,488.0706481933594,0.5097287568836195
2,9,7,4.9777007,298.55,78.7,0.0,507.4697265625,488.1056213378906,0.5097250827199805
2,9,8,1.4037461,281.32056,78.6,0.0,507.4915771484375,488.1320495605469,0.5097223122616541
2,9,9,0.8429673,177.95752,78.6,0.0,507.576416015625,488.2344970703125,0.5097116423866924
2,9,10,0.34219226,76.4838,76.9,53.0,507.548828125,488.201171875,0.5097151173738388
2,9,11,0.64915943,139.58356,78.2,0.0,507.6341857910156,488.3042602539063,0.5097043776218664
2,9,12,0.89872116,188.9968,78.6,0.0,507.640625,488.3121337890625,0.5097035180837484
2,9,13,0.3464437,77.36385,76.9,53.0,507.6119384765625,488.27740478515625,0.5097071696881915
2,9,14,3.3488142,298.55,78.7,0.0,507.64404296875,488.316162109375,0.5097031391218382
2,9,15,4.7495127,298.55,78.7,0.0,507.6487121582031,488.3218078613281,0.5097025483728654
2,9,16,4.5540156,298.55,78.7,0.0,507.653076171875,488.32708740234375,0.5097019948169335
2,9,17,3.2697773,298.55,78.7,0.0,507.656982421875,488.3317565917969,0.509701528276924
2,9,18,3.3937526,298.55,78.7,0.0,507.64453125,488.31689453125,0.5097030046638549
2,9,19,1.70207,298.55,78.7,0.0,507.63763427734375,488.3084106445313,0.5097039511986459
2,9,20,1.4288789,285.81934,78.6,0.0,507.5940856933594,488.25579833984375,0.5097094389744744
2,9,21,1.565246,298.55,78.7,0.0,507.5643310546875,488.2200317382813,0.5097130965494123
2,9,22,1.3206432,266.44513,78.6,0.0,507.5357055664063,488.1853637695313,0.5097167481902236
2,10,5,0.91117823,191.46329,78.6,0.0,507.43890380859375,488.0685119628906,0.5097289038428165
2,10,6,1.2933332,261.55664,78.6,0.0,507.41900634765625,488.04443359375,0.509731433609981
2,10,7,1.5158622,298.55,78.7,0.0,507.4491271972656,488.0808410644531,0.5097276258627509
2,10,8,1.8043697,298.55,78.7,0.0,507.4939270019531,488.1349182128906,0.5097220007646951
2,10,9,4.28094,298.55,78.7,0.0,507.537841796875,488.1881103515625,0.5097163940557954
2,10,10,2.0720143,298.55,78.7,0.0,507.5491638183594,488.2017517089844,0.5097149858502157
1,10,11,0.27612644,62.545563,75.8,62.0,507.57421875,486.67626953125,0.5105093985193189
2,10,12,2.4352489,298.55,78.7,0.0,507.6053161621094,488.26953125,0.509707939186513
2,10,13,0.86532724,182.3848,78.6,0.0,507.5812072753906,488.2404174804688,0.5097109709781927
2,10,14,2.1787655,298.55,78.7,0.0,507.61517333984375,488.2814331054688,0.5097067005295779
2,10,15,0.46390837,101.67903,77.8,15.0,507.5857849121094,488.2458190917969,0.5097104599525426
2,10,16,0.57079643,123.80486,78.1,0.0,507.5975036621094,488.26019287109375,0.5097088724916888
2,10,17,1.2404033,252.08218,78.6,0.0,507.6462097167969,488.3189392089844,0.5097027845445488
2,10,18,1.0358045,215.45901,78.6,0.0,507.6035461425781,488.2673034667969,0.5097082079886994
2,10,19,0.6304355,135.87624,78.1,0.0,507.55853271484375,488.2129211425781,0.5097138813817792
2,10,20,4.2130346,298.55,78.7,0.0,507.5656433105469,488.2215576171875,0.5097129616023068
2,10,21,2.5295112,298.55,78.7,0.0,507.5420837402344,488.193115234375,0.5097159207215857
2,10,22,1.6432568,298.55,78.7,0.0,507.5166320800781,488.162353515625,0.5097191358080505
2,11,5,4.2134056,298.55,78.7,0.0,507.43994140625,488.06982421875,0.5097287429296784
2,11,6,0.85688204,180.71265,78.6,0.0,507.4005432128906,488.0221252441406,0.5097337636477517
2,11,7,0.77023363,163.55627,78.6,0.0,507.4050598144531,488.0276489257813,0.5097331596191946
2,11,8,1.4719105,293.52197,78.7,0.0,507.4763793945313,488.1139526367188,0.5097240934021067
2,11,9,0.814046,172.23111,78.6,0.0,507.5132141113281,488.1582336425781,0.5097195618657199
2,11,10,0.51922965,113.13053,78.0,2.0,507.5748596191406,488.2327880859375,0.509711750847555
2,11,11,0.91479903,192.1802,78.6,0.0,507.5974426269531,488.2601013183594,0.5097088893015684
2,11,12,0.3335955,74.70427,76.8,55.0,507.5230102539063,488.1700744628906,0.5097183238932106
2,11,13,4.900847,298.55,78.7,0.0,507.586181640625,488.2464599609375,0.5097103272536759
2,11,14,3.545496,298.55,78.7,0.0,507.6218566894531,488.2896423339844,0.5097057893067936
2,11,15,3.208794,298.55,78.7,0.0,507.6256103515625,488.2942504882813,0.5097052788198135
2,11,16,3.743957,298.55,78.7,0.0,507.6275634765625,488.2966613769531,0.5097050064739879
2,11,17,1.6260896,298.55,78.7,0.0,507.64361572265625,488.31591796875,0.5097030537386747
2,11,18,1.6492728,298.55,78.7,0.0,507.6046142578125,488.2688598632813,0.509707937251565
2,11,19,5.4961224,298.55,78.7,0.0,507.5776672363281,488.2362365722656,0.5097113680528507
2,11,20,0.923031,193.81012,78.6,0.0,507.5425415039063,488.19384765625,0.5097157711911964
2,11,21,0.9369936,196.57472,78.6,0.0,507.49658203125,488.1383666992188,0.5097215426983127
2,11,22,1.5954126,298.55,78.7,0.0,507.4897155761719,488.1300048828125,0.5097224423620469
2,12,6,1.6903728,298.55,78.7,0.0,507.4066467285156,488.02978515625,0.5097328472977312
2,12,7,1.1649193,238.57054,78.6,0.0,507.4378967285156,488.06744384765625,0.5097289547787098
2,12,8,5.559837,298.55,78.7,0.0,507.49700927734375,488.1390075683594,0.5097214249893816
2,12,9,7.5606165,298.55,78.7,0.0,507.5349731445313,488.184814453125,0.5097166687518041
2,12,10,3.1899514,298.55,78.7,0.0,507.5701904296875,488.2275085449219,0.5097121543385184
