ka_bp,row,col,dynamic_code,static_code,soil_depth_dyn,soil_depth_sta,whc_dyn,whc_sta,wetness_dyn,wetness_sta,firedays_dyn,firedays_sta,npp_dyn,npp_sta,lai_dyn,lai_sta,aet_dyn,aet_sta,runoff_dyn,runoff_sta,elev_dyn,elev_sta,bare_dyn,bare_sta,optpft_dyn,optpft_sta,pft02_npp_dyn,pft02_npp_sta,pft03_npp_dyn,pft03_npp_sta,pft04_npp_dyn,pft04_npp_sta,pft05_npp_dyn,pft05_npp_sta,pft06_npp_dyn,pft06_npp_sta,pft07_npp_dyn,pft07_npp_sta,pft08_npp_dyn,pft08_npp_sta,pft09_npp_dyn,pft09_npp_sta,pft10_npp_dyn,pft10_npp_sta,pft11_npp_dyn,pft11_npp_sta,pft12_npp_dyn,pft12_npp_sta,pft13_npp_dyn,pft13_npp_sta
19.8,5,11,4,0,0.0,1.94,,298.55,,77.3,,0.0,0.0,291.0,,2.53,,444.0,,1379.0,1166.1399,1168.2175,1.0,0.0,0.0,6.0,,0.0,,0.0,,0.0,,0.0,,291.15924072265625,,271.8262634277344,,171.39830017089844,,0.0,,79.13909149169922,,0.0,,0.0,,0.0
19.8,5,12,3,0,0.0039584003,1.94,0.9381408,298.55,61.7,77.3,21.0,0.0,4.0,291.0,0.07,2.53,2.0,444.0,958.0,1379.0,1160.7065,1162.627,0.0,0.0,10.0,6.0,0.0,0.0,0.0,0.0,0.0,0.0,0.0,0.0,36.95198440551758,291.1918640136719,57.66461181640625,271.8952941894531,0.0,171.41860961914062,0.0,0.0,4.470968246459961,79.1823501586914,0.0,0.0,0.0,0.0,0.0,0.0
19.8,6,5,4,0,0.0,1.94,,298.55,,77.3,,0.0,0.0,291.0,,2.53,,444.0,,1379.0,1167.6495,1169.594,1.0,0.0,0.0,6.0,,0.0,,0.0,,0.0,,0.0,,291.1515197753906,,271.81927490234375,,171.3933868408203,,0.0,,79.1307601928711,,0.0,,0.0,,0.0
19.8,15,14,4,0,0.0,1.94,,298.55,,77.3,,0.0,0.0,291.0,,2.53,,444.0,,1379.0,1156.5928,1158.5419,1.0,0.0,0.0,6.0,,0.0,,0.0,,0.0,,0.0,,291.21820068359375,,271.9181823730469,,171.4344024658203,,0.0,,79.19721984863281,,0.0,,0.0,,0.0
18.4,4,5,4,0,4.008181e-05,1.94,0.00949939,298.55,0.0,77.3,0.0,0.0,0.0,278.0,0.0,2.46,,441.0,0.0,1421.0,1186.4978,1188.5692,0.0,0.0,0.0,6.0,0.0,0.0,0.0,0.0,0.0,0.0,0.0,0.0,0.0,277.8969421386719,0.0,260.6731262207031,0.0,171.01742553710938,0.0,0.0,0.0,77.3296890258789,0.0,0.0,0.0,0.0,0.0,0.0
18.4,5,7,4,0,0.0,1.94,,298.55,,77.3,,0.0,0.0,278.0,,2.48,,441.0,,1421.0,1161.311,1163.3934,1.0,0.0,0.0,6.0,,0.0,,0.0,,0.0,,0.0,,278.0543518066406,,260.8360595703125,,171.11473083496094,,0.0,,77.48699951171875,,0.0,,0.0,,0.0
18.4,5,11,4,0,0.0,1.94,,298.55,,77.3,,0.0,0.0,278.0,,2.48,,441.0,,1421.0,1165.6633,1168.2175,1.0,0.0,0.0,6.0,,0.0,,0.0,,0.0,,0.0,,278.0256652832031,,260.810546875,,171.0960693359375,,0.0,,77.47554779052734,,0.0,,0.0,,0.0
18.4,5,12,4,0,0.0,1.94,,298.55,,77.3,,0.0,0.0,278.0,,2.48,,441.0,,1421.0,1160.281,1162.627,1.0,0.0,0.0,6.0,,0.0,,0.0,,0.0,,0.0,,278.0589294433594,,260.840087890625,,171.1176300048828,,0.0,,77.48861694335938,,0.0,,0.0,,0.0
18.4,6,5,4,0,0.0,1.94,,298.55,,77.3,,0.0,0.0,278.0,,2.48,,441.0,,1421.0,1167.2721,1169.594,1.0,0.0,0.0,6.0,,0.0,,0.0,,0.0,,0.0,,278.0176086425781,,260.8035888671875,,171.09088134765625,,0.0,,77.47270965576172,,0.0,,0.0,,0.0
18.4,6,8,4,0,0.0,1.94,,298.55,,77.3,,0.0,0.0,278.0,,2.48,,441.0,,1421.0,1157.9357,1160.169,1.0,0.0,0.0,6.0,,0.0,,0.0,,0.0,,0.0,,278.0737609863281,,260.853271484375,,171.12722778320312,,0.0,,77.53301239013672,,0.0,,0.0,,0.0
18.4,6,11,4,0,0.0,1.94,,298.55,,77.3,,0.0,0.0,278.0,,2.48,,441.0,,1421.0,1161.6578,1163.954,1.0,0.0,0.0,6.0,,0.0,,0.0,,0.0,,0.0,,278.0511779785156,,260.83331298828125,,171.11265563964844,,0.0,,77.48585510253906,,0.0,,0.0,,0.0
18.4,7,10,4,0,0.0,1.94,,298.55,,77.3,,0.0,0.0,278.0,,2.48,,441.0,,1421.0,1153.0765,1155.3405,1.0,0.0,0.0,6.0,,0.0,,0.0,0.0,,278.10272216796875,,260.8789367675781,,171.14584350585938,,0.0,,77.56842041015625,,0.0,,0.0,,0.0
18.4,7,12,4,0,0.0,1.94,,298.55,,77.3,,0.0,0.0,278.0,,2.48,,441.0,,1421.0,1148.7769,1150.9546,1.0,0.0,0.0,6.0,,0.0,,0.0,,0.0,,0.0,,278.1288146972656,,260.9221496582031,,171.16275024414062,,0.0,,77.57765197753906,,0.0,,0.0,,0.0
18.4,8,10,4,0,0.0,1.94,,298.55,,77.3,,0.0,0.0,278.0,,2.48,,441.0,,1421.0,1150.296,1152.3726,1.0,0.0,0.0,6.0,,0.0,,0.0,,0.0,,0.0,,278.1205749511719,,260.914794921875,,171.15737915039062,,0.0,,77.57467651367188,,0.0,,0.0,,0.0
18.4,8,11,4,0,0.0,1.94,,298.55,,77.3,,0.0,0.0,278.0,,2.48,,441.0,,1421.0,1148.8553,1151.0245,1.0,0.0,0.0,6.0,,0.0,,0.0,,0.0,,0.0,,278.1286315917969,,260.9219970703125,,171.1625518798828,,0.0,,77.5775146484375,,0.0,,0.0,,0.0
18.4,9,12,4,0,0.0,1.94,,298.55,,77.3,,0.0,0.0,278.0,,2.48,,441.0,,1421.0,1144.9686,1147.2272,1.0,0.0,0.0,6.0,,0.0,,0.0,,0.0,,0.0,,278.1513671875,,260.94207763671875,,171.17726135253906,,0.0,,77.58551025390625,,0.0,,0.0,,0.0
18.4,9,13,3,0,0.0012972903,1.94,0.3074578,298.55,56.0,77.3,15.0,0.0,4.0,278.0,0.04,2.48,1.0,441.0,1027.0,1421.0,1149.8375,1151.7545,0.0,0.0,10.0,6.0,0.0,0.0,0.0,0.0,0.0,0.0,0.0,0.0,26.7133846282959,278.12445068359375,40.03654098510742,260.91827392578125,0.0,171.1598358154297,0.0,0.0,3.6604766845703125,77.57600402832031,0.0,0.0,0.0,0.0,0.0,0.0
18.4,10,11,4,0,0.0,1.94,,298.55,,77.3,,0.0,0.0,278.0,,2.48,,441.0,,1421.0,1156.4846,1158.4529,1.0,0.0,0.0,6.0,,0.0,,0.0,,0.0,,0.0,,278.0848388671875,,260.863037109375,,171.1341552734375,,0.0,,77.53673553466797,,0.0,,0.0,,0.0
18.4,10,17,4,0,0.0,1.94,,298.55,,77.3,,0.0,0.0,278.0,,2.48,,441.0,,1421.0,1141.8268,1143.8666,1.0,0.0,0.0,6.0,,0.0,,0.0,,0.0,,0.0,,278.1715393066406,,260.9600830078125,,171.19029235839844,,0.0,,77.60665130615234,,0.0,,0.0,,0.0
18.4,11,11,4,0,0.0,1.94,,298.55,,77.3,,0.0,0.0,278.0,,2.48,,441.0,,1421.0,1151.3342,1153.4419,1.0,0.0,0.0,6.0,,0.0,,0.0,,0.0,,0.0,,278.1148986816406,,260.90972900390625,,171.15354919433594,,0.0,,77.57255554199219,,0.0,,0.0,,0.0
18.4,12,14,4,0,0.0,1.94,,298.55,,77.3,,0.0,0.0,278.0,,2.48,,441.0,,1421.0,1148.1179,1150.3116,1.0,0.0,0.0,6.0,,0.0,,0.0,,0.0,,0.0,,278.1336975097656,,260.92645263671875,,171.1656951904297,,0.0,,77.57916259765625,,0.0,,0.0,,0.0
18.4,12,18,4,0,0.0,1.94,,298.55,,77.3,,0.0,0.0,278.0,,2.48,,441.0,,1421.0,1151.149,1153.2432,1.0,0.0,0.0,6.0,,0.0,,0.0,,0.0,,0.0,,278.1163635253906,,260.910888671875,,171.1544189453125,,0.0,,77.572998046875,,0.0,,0.0,,0.0
18.4,15,14,4,0,0.0,1.94,,298.55,,77.3,,0.0,0.0,278.0,,2.48,,441.0,,1421.0,1156.2042,1158.5419,1.0,0.0,0.0,6.0,,0.0,,0.0,,0.0,,0.0,,278.0854187011719,,260.86346435546875,,171.13426208496094,,0.0,,77.53673553466797,,0.0,,0.0,,0.0
18.3,4,5,4,0,3.9300696e-05,1.94,0.009314264,298.55,0.0,77.4,0.0,0.0,0.0,273.0,0.0,2.43,,436.0,0.0,1416.0,1186.4747,1188.5692,0.0,0.0,0.0,6.0,0.0,0.0,0.0,0.0,0.0,0.0,0.0,0.0,0.0,272.9632263183594,0.0,256.27972412109375,0.0,162.61685180664062,0.0,0.0,0.0,74.49493408203125,0.0,0.0,0.0,0.0,0.0,0.0
18.3,5,7,4,0,0.0,1.94,,298.55,,77.4,,0.0,0.0,273.0,,2.45,,436.0,,1416.0,1161.2861,1163.3934,1.0,0.0,0.0,6.0,,0.0,,0.0,,0.0,,0.0,,273.1281433105469,,256.41119384765625,,162.7085418701172,,0.0,,74.6498031616211,,0.0,,0.0,,0.0
18.3,5,11,4,0,0.0,1.94,,298.55,,77.4,,0.0,0.0,273.0,,2.45,,436.0,,1416.0,1165.6287,1168.2175,1.0,0.0,0.0,6.0,,0.0,,0.0,,0.0,,0.0,,273.1004638671875,,256.38665771484375,,162.6909637451172,,0.0,,74.63536834716797,,0.0,,0.0,,0.0
18.3,5,12,4,0,0.0,1.94,,298.55,,77.4,,0.0,0.0,273.0,,2.45,,436.0,,1416.0,1160.2495,1162.627,1.0,0.0,0.0,6.0,,0.0,,0.0,,0.0,,0.0,,273.13250732421875,,256.4151611328125,,162.7113037109375,,0.0,,74.65128326416016,,0.0,,0.0,,0.0
18.3,6,5,4,0,0.0,1.94,,298.55,,77.4,,0.0,0.0,273.0,,2.45,,436.0,,1416.0,1167.2435,1169.594,1.0,0.0,0.0,6.0,,0.0,,0.0,,0.0,,0.0,,273.0927429199219,,256.3797607421875,,162.6860809326172,,0.0,,74.63265228271484,,0.0,,0.0,,0.0
18.3,6,8,4,0,0.0,1.94,,298.55,,77.4,,0.0,0.0,273.0,,2.45,,436.0,,1416.0,1157.9071,1160.169,1.0,0.0,0.0,6.0,,0.0,,0.0,,0.0,,0.0,,273.1468811035156,,256.42779541015625,,162.7203369140625,,0.0,,74.68592834472656,,0.0,,0.0,,0.0
18.3,6,11,4,0,0.0,1.94,,298.55,,77.4,,0.0,0.0,273.0,,2.45,,436.0,,1416.0,1161.628,1163.954,1.0,0.0,0.0,6.0,,0.0,,0.0,,0.0,,0.0,,273.1251525878906,,256.4085388183594,,162.70654296875,,0.0,,74.64871978759766,,0.0,,0.0,,0.0
18.3,7,10,4,0,0.0,1.94,,298.55,,77.4,,0.0,0.0,273.0,,2.46,,436.0,,1416.0,1153.0474,1155.3405,1.0,0.0,0.0,6.0,,0.0,,0.0,,0.0,,0.0,,273.1822204589844,,256.4525146484375,,162.73789978027344,,0.0,,74.7040786743164,,0.0,,0.0,,0.0
18.3,7,12,4,0,0.0,1.94,,298.55,,77.4,,0.0,0.0,273.0,,2.46,,436.0,,1416.0,1148.7494,1150.9546,1.0,0.0,0.0,6.0,,0.0,,0.0,,0.0,,0.0,,273.2074890136719,,256.4748840332031,,162.7538604736328,,0.0,,74.74317169189453,,0.0,,0.0,,0.0
18.3,8,10,4,0,0.0,1.94,,298.55,,77.4,,0.0,0.0,273.0,,2.46,,436.0,,1416.0,1150.2709,1152.3726,1.0,0.0,0.0,6.0,,0.0,,0.0,,0.0,,0.0,,273.1995849609375,,256.46783447265625,,162.74876403808594,,0.0,,74.74036407470703,,0.0,,0.0,,0.0
18.3,8,11,4,0,0.0,1.94,,298.55,,77.4,,0.0,0.0,273.0,,2.46,,436.0,,1416.0,1148.8282,1151.0245,1.0,0.0,0.0,6.0,,0.0,,0.0,,0.0,,0.0,,273.2073974609375,,256.4747009277344,,162.75367736816406,,0.0,,74.74303436279297,,0.0,,0.0,,0.0
18.3,9,12,4,0,0.0,1.94,,298.55,,77.4,,0.0,0.0,273.0,,2.46,,436.0,,1416.0,1144.9409,1147.2272,1.0,0.0,0.0,6.0,,0.0,,0.0,,0.0,,0.0,,273.2293701171875,,256.52386474609375,,162.7675018310547,,0.0,,74.77690887451172,,0.0,,0.0,,0.0
18.3,9,13,4,0,0.0,1.94,,298.55,,77.4,,0.0,0.0,273.0,,2.46,,436.0,,1416.0,1149.8141,1151.7545,1.0,0.0,0.0,6.0,,0.0,,0.0,,0.0,,0.0,,273.2033386230469,,256.4711608886719,,162.75111389160156,,0.0,,74.74161529541016,,0.0,,0.0,,0.0
18.3,10,11,4,0,0.0,1.94,,298.55,,77.4,,0.0,0.0,273.0,,2.45,,436.0,,1416.0,1156.4623,1158.4529,1.0,0.0,0.0,6.0,,0.0,,0.0,,0.0,,0.0,,273.1575927734375,,256.4372253417969,,162.7269287109375,,0.0,,74.69806671142578,,0.0,,0.0,,0.0
18.3,10,17,4,0,0.0,1.94,,298.55,,77.4,,0.0,0.0,273.0,,2.46,,436.0,,1416.0,1141.8046,1143.8666,1.0,0.0,0.0,6.0,,0.0,,0.0,,0.0,,0.0,,273.2488708496094,,256.5412292480469,,162.77980041503906,,0.0,,74.7836685180664,,0.0,,0.0,,0.0
18.3,11,11,4,0,0.0,1.94,,298.55,,77.4,,0.0,0.0,273.0,,2.46,,436.0,,1416.0,1151.3112,1153.4419,1.0,0.0,0.0,6.0,,0.0,,0.0,,0.0,,0.0,,273.1940612792969,,256.4629211425781,,162.7451629638672,,0.0,,74.73837280273438,,0.0,,0.0,,0.0
18.3,12,14,4,0,0.0,1.94,,298.55,,77.4,,0.0,0.0,273.0,,2.46,,436.0,,1416.0,1148.0913,1150.3116,1.0,0.0,0.0,6.0,,0.0,,0.0,,0.0,,0.0,,273.2123107910156,,256.4790344238281,,162.75657653808594,,0.0,,74.74459075927734,,0.0,,0.0,,0.0
18.3,12,18,4,0,0.0,1.94,,298.55,,77.4,,0.0,0.0,273.0,,2.46,,436.0,,1416.0,1151.1233,1153.2432,1.0,0.0,0.0,6.0,,0.0,,0.0,,0.0,,0.0,,273.1954345703125,,256.464111328125,,162.74598693847656,,0.0,,74.7387924194336,,0.0,,0.0,,0.0
18.3,15,14,4,0,0.0,1.94,,298.55,,77.4,,0.0,0.0,273.0,,2.45,,436.0,,1416.0,1156.1759,1158.5419,1.0,0.0,0.0,6.0,,0.0,,0.0,,0.0,,0.0,,273.158203125,,256.4376525878906,,162.72702026367188,,0.0,,74.69806671142578,,0.0,,0.0,,0.0
