group,pft,source_or_model,stand_context,agb_dry_Mg_ha,npp_C_g_m2_yr,notes
model,4,JULES-LAI-IPCCCF,PB4 dynamic 0 ka dominant PFT4,87.82,611.6,"PFT4 cell mean about 87.8 Mg/ha; total-domain mean 87.45 Mg/ha"
model,4,IBIS-Xue equilibrium,PB4 0 ka approximate PFT4,175.89,615,"0.0286*NPP; approximate using static/current PFT4 NPP about 615"
observation,4,Worak Quercus mongolica,mature forest,170.71,674,"AGB C 81.94 tC/ha divided by broadleaf fC=0.48; NPP C about 6.74 tC/ha/yr"
observation,4,Gariwang Quercus mongolica,61-75 yr mountain forest,220.26,,"mean aboveground C 103.52 tC/ha; study used fC=0.47"
model,6,JULES-LAI-IPCCCF,PB4 21-0 ka PFT6 cell-weighted,59.00,386.1,"PFT6 cell-weighted mean across dynamic run"
model,6,IBIS-Xue equilibrium,PB4 21-0 ka PFT6 cell-weighted,126.26,386.1,"0.0327*NPP"
diagnostic,6,ForC-Luyssaert >=100yr,8 boreal evergreen analogue plots,148.89,386.1,"median AGB_C/NPP_C ratio 19.664 yr; converted with conifer fC=0.51 and PB4 mean PFT6 NPP"
observation,6,Halla Abies koreana,subalpine natural forest 2009-2013,65.10-77.37,,"aboveground C 33.2-39.46 tC/ha divided by conifer fC=0.51"
observation,6,Pinus koraiensis natural mixed forest,central Korea natural mixed forest,118.0,,"direct reported aboveground dry biomass of Korean pine component"
observation,6,Pinus koraiensis plantation,27 yr Gangneung,59.9,,"direct harvested aboveground dry biomass"
observation,6,Pinus koraiensis plantation,71-80 yr central Korea,317.9,,"direct reported aboveground dry biomass; illustrates strong age dependence"
observation,6,Pinus koraiensis plantation,Taewha class V,126.53,,"stand-level aboveground dry biomass"
model,7,JULES-LAI-IPCCCF,PB4 21-0 ka PFT7 cell-weighted,60.36,307.9,"NDT scenario about 60.36 Mg/ha; BDT about 62.04 Mg/ha"
model,7,IBIS-Xue equilibrium,PB4 21-0 ka PFT7 cell-weighted,132.4,307.9,"0.0422*NPP"
observation,7,Larix kaempferi age class V,central Korea,150.08,,"total tree biomass 193.4 Mg/ha minus 22.4% root fraction"
