mode,biome,timesteps_present,total_cell_observations,max_cells_in_timestep
static,1,0,0,0
static,2,0,0,0
static,3,0,0,0
static,4,0,0,0
static,5,0,0,0
static,6,0,0,0
static,7,163,48574,298
static,8,47,14006,298
static,9,0,0,0
static,10,1,298,298
static,11,0,0,0
static,12,0,0,0
static,13,0,0,0
static,14,0,0,0
static,15,0,0,0
static,16,0,0,0
static,17,0,0,0
static,18,0,0,0
static,19,0,0,0
static,20,0,0,0
static,21,0,0,0
static,22,0,0,0
static,23,0,0,0
static,24,0,0,0
static,25,0,0,0
static,26,0,0,0
static,27,0,0,0
static,28,0,0,0
dynamic,1,0,0,0
dynamic,2,0,0,0
dynamic,3,0,0,0
dynamic,4,163,2072,31
dynamic,5,0,0,0
dynamic,6,0,0,0
dynamic,7,163,45810,295
dynamic,8,47,13107,298
dynamic,9,37,167,15
dynamic,10,1,289,289
dynamic,11,1,2,2
dynamic,12,0,0,0
dynamic,13,0,0,0
dynamic,14,0,0,0
dynamic,15,0,0,0
dynamic,16,0,0,0
dynamic,17,0,0,0
dynamic,18,0,0,0
dynamic,19,0,0,0
dynamic,20,0,0,0
dynamic,21,90,200,8
dynamic,22,0,0,0
dynamic,23,0,0,0
dynamic,24,0,0,0
dynamic,25,0,0,0
dynamic,26,0,0,0
dynamic,27,35,37,2
dynamic,28,0,0,0
