mode,pft,timesteps_present,total_cell_observations,max_cells_in_timestep,mean_cells_all_211_steps,cell_weighted_mean_npp_gC_m2_yr,oldest_age_ka_present,youngest_age_ka_present,xue_forest_bridge_supported
static,0,0,0,0,0.0,,,,False
static,1,0,0,0,0.0,,,,False
static,2,0,0,0,0.0,,,,False
static,3,0,0,0,0.0,,,,False
static,4,47,11242,298,53.279620853080566,535.600782778865,4.8,0.0,True
static,5,0,0,0,0.0,,,,True
static,6,186,51636,298,244.72037914691944,385.5261251839802,21.0,0.2,True
static,7,0,0,0,0.0,,,,True
static,8,0,0,0,0.0,,,,False
static,9,0,0,0,0.0,,,,False
static,10,0,0,0,0.0,,,,False
static,11,0,0,0,0.0,,,,False
static,12,0,0,0,0.0,,,,False
static,13,0,0,0,0.0,,,,False
static,14,0,0,0,0.0,,,,False
dynamic,0,145,1231,26,5.834123222748815,0.0,20.2,5.7,False
dynamic,1,0,0,0,0.0,,,,False
dynamic,2,0,0,0,0.0,,,,False
dynamic,3,0,0,0,0.0,,,,False
dynamic,4,47,11099,295,52.60189573459716,535.5349130552302,4.8,0.0,True
dynamic,5,0,0,0,0.0,,,,True
dynamic,6,186,48107,298,227.9952606635071,386.14139314444884,21.0,0.2,True
dynamic,7,201,2241,31,10.62085308056872,307.94243641231594,20.3,0.0,True
dynamic,8,0,0,0,0.0,,,,False
dynamic,9,0,0,0,0.0,,,,False
dynamic,10,90,200,8,0.9478672985781991,6.08,19.8,6.2,False
dynamic,11,0,0,0,0.0,,,,False
dynamic,12,0,0,0,0.0,,,,False
dynamic,13,0,0,0,0.0,,,,False
dynamic,14,0,0,0,0.0,,,,False
