age_ka,depth_m,beyer_optpft,chelsa_tuned_optpft,chelsa_native_optpft,beyer_pft8_npp,chelsa_tuned_pft8_npp,chelsa_native_pft8_npp
2.0,0.05,8,7,7,377.7753601074219,343.5828857421875,343.5828857421875
2.0,0.1,4,7,7,508.4620056152344,415.40924072265625,415.40924072265625
2.0,0.2,4,4,4,521.4605102539062,415.2400817871094,415.2400817871094
2.0,0.3,4,4,4,519.1693725585938,413.9663391113281,413.9663391113281
2.0,0.5,4,4,4,518.623779296875,412.4012145996094,412.4012145996094
2.0,1.5,4,4,4,518.623779296875,412.4012145996094,412.4012145996094
3.0,0.05,8,7,7,355.58648681640625,343.6005249023437,343.6005249023437
3.0,0.1,6,7,7,490.3302612304688,416.68017578125,416.68017578125
3.0,0.2,4,4,4,502.05908203125,416.5523071289063,416.5523071289063
3.0,0.3,4,4,4,499.6643676757813,415.09466552734375,415.09466552734375
3.0,0.5,4,4,4,499.52825927734375,413.79095458984375,413.79095458984375
3.0,1.5,4,4,4,499.52825927734375,413.79095458984375,413.79095458984375
4.0,0.05,8,7,7,369.5422973632813,338.5379638671875,338.5379638671875
4.0,0.1,4,7,7,488.3873291015625,405.4982299804688,405.4982299804688
4.0,0.2,4,6,6,495.7289733886719,405.3748474121094,405.3748474121094
4.0,0.3,4,6,6,493.1773071289063,403.8696594238281,403.8696594238281
4.0,0.5,4,6,6,493.0444946289063,402.5794982910156,402.5794982910156
4.0,1.5,4,6,6,493.0444946289063,402.5794982910156,402.5794982910156
5.0,0.05,8,7,7,342.3262634277344,322.39471435546875,322.39471435546875
5.0,0.1,4,7,7,443.7630615234375,383.926025390625,383.926025390625
5.0,0.2,4,6,6,454.8169250488281,383.8074340820313,383.8074340820313
5.0,0.3,4,6,6,452.6066284179688,382.07330322265625,382.07330322265625
5.0,0.5,4,6,6,452.0486755371094,381.15521240234375,381.15521240234375
5.0,1.5,4,6,6,452.0486755371094,381.15521240234375,381.15521240234375
