scenario,age_ka,n_depths,min_depth_m,max_depth_m,n_herb_open_opt_depths,herb_open_opt_pfts,herb_open_opt_depth_min_m,herb_open_opt_depth_max_m,n_pft8_positive_depths,pft8_max_npp,pft4_max_npp,pft6_max_npp
CHELSA_native,2.0,14,0.01,1.5,0,,,,11,415.40924072265625,528.75048828125,516.585693359375
CHELSA_native,2.2,14,0.01,1.5,0,,,,11,415.1197814941406,528.3707885742188,516.1062622070312
CHELSA_native,2.3,14,0.01,1.5,0,,,,11,418.961181640625,532.0464477539062,515.9111938476562
CHELSA_native,2.5,14,0.01,1.5,0,,,,11,412.9302673339844,524.7597045898438,509.7164001464844
CHELSA_native,2.7,14,0.01,1.5,0,,,,11,419.9175109863281,531.728759765625,512.968505859375
CHELSA_native,3.0,14,0.01,1.5,0,,,,11,416.68017578125,528.2144775390625,508.4710693359375
CHELSA_native,4.0,14,0.01,1.5,0,,,,11,405.4982299804688,515.9949340820312,495.5465698242188
CHELSA_native,5.0,14,0.01,1.5,0,,,,11,383.926025390625,494.0026245117188,472.4137878417969
CHELSA_tuned,2.0,14,0.01,1.5,0,,,,11,415.40924072265625,528.75048828125,516.585693359375
CHELSA_tuned,2.2,14,0.01,1.5,0,,,,11,415.1197814941406,528.3707885742188,516.1062622070312
CHELSA_tuned,2.3,14,0.01,1.5,0,,,,11,418.961181640625,532.0464477539062,515.9111938476562
CHELSA_tuned,2.5,14,0.01,1.5,0,,,,11,412.9302673339844,524.7597045898438,509.7164001464844
CHELSA_tuned,2.7,14,0.01,1.5,0,,,,11,419.9175109863281,531.728759765625,512.968505859375
CHELSA_tuned,3.0,14,0.01,1.5,0,,,,11,416.68017578125,528.2144775390625,508.4710693359375
CHELSA_tuned,4.0,14,0.01,1.5,0,,,,11,405.4982299804688,515.9949340820312,495.5465698242188
CHELSA_tuned,5.0,14,0.01,1.5,0,,,,11,383.926025390625,494.0026245117188,472.4137878417969
historical_Beyer,0.0,11,0.05,1.94,1,8,0.05,0.05,11,607.4420776367188,724.9791870117188,641.4603271484375
historical_Beyer,1.0,11,0.05,1.94,1,8,0.05,0.05,11,543.072509765625,657.626220703125,584.5419311523438
historical_Beyer,2.0,11,0.05,1.94,1,8,0.05,0.05,11,521.4605102539062,634.3690185546875,0.0
historical_Beyer,3.0,11,0.05,1.94,1,8,0.05,0.05,11,502.05908203125,610.9395751953125,555.2492065429688
historical_Beyer,4.0,11,0.05,1.94,1,8,0.05,0.05,11,495.7289733886719,603.8255004882812,0.0
historical_Beyer,5.0,11,0.05,1.94,1,8,0.05,0.05,11,454.8169250488281,550.870849609375,0.0
historical_Beyer,6.0,11,0.05,1.94,1,8,0.05,0.05,11,468.2459716796875,570.8973999023438,0.0
