variant,target_age_ka,climate_age_ka,depth_m,whc_top_mm,whc_bottom_mm,whc_total_mm,biome_id,optpft,npp_gC_m2_yr,lai,pft01_npp,pft01_lai,pft01_wetness,pft01_aet,pft01_firedays,pft01_greendays,pft02_npp,pft02_lai,pft02_wetness,pft02_aet,pft02_firedays,pft02_greendays,pft03_npp,pft03_lai,pft03_wetness,pft03_aet,pft03_firedays,pft03_greendays,pft04_npp,pft04_lai,pft04_wetness,pft04_aet,pft04_firedays,pft04_greendays,pft05_npp,pft05_lai,pft05_wetness,pft05_aet,pft05_firedays,pft05_greendays,pft06_npp,pft06_lai,pft06_wetness,pft06_aet,pft06_firedays,pft06_greendays,pft07_npp,pft07_lai,pft07_wetness,pft07_aet,pft07_firedays,pft07_greendays,pft08_npp,pft08_lai,pft08_wetness,pft08_aet,pft08_firedays,pft08_greendays,pft09_npp,pft09_lai,pft09_wetness,pft09_aet,pft09_firedays,pft09_greendays,pft10_npp,pft10_lai,pft10_wetness,pft10_aet,pft10_firedays,pft10_greendays,pft11_npp,pft11_lai,pft11_wetness,pft11_aet,pft11_firedays,pft11_greendays,pft12_npp,pft12_lai,pft12_wetness,pft12_aet,pft12_firedays,pft12_greendays,pft13_npp,pft13_lai,pft13_wetness,pft13_aet,pft13_firedays,pft13_greendays
original,6.0,6.0,0.05,7.5,0.0,7.5,4,4,571.0,3.07,0.0,0.0,0.0,0.0,0.0,0.0,0.0,0.0,0.0,0.0,0.0,0.0,0.0,0.0,0.0,0.0,0.0,0.0,570.8973999023438,3.072499990463257,61.2,521.0,66.0,287.0,0.0,0.0,0.0,0.0,0.0,0.0,0.0,0.0,0.0,0.0,0.0,0.0,0.0,0.0,0.0,0.0,0.0,0.0,467.8402404785156,4.072500228881836,63.0,470.0,51.0,270.0,0.0,0.0,0.0,0.0,0.0,0.0,125.43492889404297,1.2287499904632568,72.8,96.0,14.0,365.0,0.0,0.0,0.0,0.0,0.0,0.0,0.0,0.0,0.0,0.0,0.0,0.0,0.0,0.0,0.0,0.0,0.0,0.0
original,6.0,6.0,0.1,15.0,0.0,15.0,4,4,571.0,3.07,0.0,0.0,0.0,0.0,0.0,0.0,0.0,0.0,0.0,0.0,0.0,0.0,0.0,0.0,0.0,0.0,0.0,0.0,570.8973999023438,3.072499990463257,62.9,524.0,63.0,287.0,0.0,0.0,0.0,0.0,0.0,0.0,0.0,0.0,0.0,0.0,0.0,0.0,0.0,0.0,0.0,0.0,0.0,0.0,467.78662109375,4.072500228881836,64.7,473.0,51.0,273.0,0.0,0.0,0.0,0.0,0.0,0.0,125.43492889404297,1.2287499904632568,74.6,96.0,14.0,365.0,0.0,0.0,0.0,0.0,0.0,0.0,0.0,0.0,0.0,0.0,0.0,0.0,0.0,0.0,0.0,0.0,0.0,0.0
original,6.0,6.0,0.2,30.0,0.0,30.0,4,4,571.0,3.07,0.0,0.0,0.0,0.0,0.0,0.0,0.0,0.0,0.0,0.0,0.0,0.0,0.0,0.0,0.0,0.0,0.0,0.0,570.8973999023438,3.072499990463257,66.4,531.0,63.0,287.0,0.0,0.0,0.0,0.0,0.0,0.0,0.0,0.0,0.0,0.0,0.0,0.0,0.0,0.0,0.0,0.0,0.0,0.0,468.01629638671875,4.072500228881836,67.4,480.0,50.0,271.0,0.0,0.0,0.0,0.0,0.0,0.0,125.45321655273438,1.2287499904632568,76.6,96.0,14.0,365.0,0.0,0.0,0.0,0.0,0.0,0.0,0.0,0.0,0.0,0.0,0.0,0.0,0.0,0.0,0.0,0.0,0.0,0.0
original,6.0,6.0,0.299999,44.99985122680664,0.0,44.99985122680664,4,4,571.0,3.07,0.0,0.0,0.0,0.0,0.0,0.0,0.0,0.0,0.0,0.0,0.0,0.0,0.0,0.0,0.0,0.0,0.0,0.0,570.8973999023438,3.072499990463257,69.1,532.0,62.0,287.0,0.0,0.0,0.0,0.0,0.0,0.0,0.0,0.0,0.0,0.0,0.0,0.0,0.0,0.0,0.0,0.0,0.0,0.0,468.131103515625,4.072500228881836,69.5,485.0,50.0,270.0,0.0,0.0,0.0,0.0,0.0,0.0,125.36727905273438,1.2287499904632568,77.8,96.0,14.0,365.0,0.0,0.0,0.0,0.0,0.0,0.0,0.0,0.0,0.0,0.0,0.0,0.0,0.0,0.0,0.0,0.0,0.0,0.0
original,6.0,6.0,0.3,45.0,0.0,45.0,4,4,571.0,3.07,0.0,0.0,0.0,0.0,0.0,0.0,0.0,0.0,0.0,0.0,0.0,0.0,0.0,0.0,0.0,0.0,0.0,0.0,570.8973999023438,3.072499990463257,69.1,532.0,62.0,287.0,0.0,0.0,0.0,0.0,0.0,0.0,0.0,0.0,0.0,0.0,0.0,0.0,0.0,0.0,0.0,0.0,0.0,0.0,468.131103515625,4.072500228881836,69.5,485.0,50.0,270.0,0.0,0.0,0.0,0.0,0.0,0.0,125.36727905273438,1.2287499904632568,77.8,96.0,14.0,365.0,0.0,0.0,0.0,0.0,0.0,0.0,0.0,0.0,0.0,0.0,0.0,0.0,0.0,0.0,0.0,0.0,0.0,0.0
original,6.0,6.0,0.300001,45.0,0.0001500000071246177,45.00014877319336,4,4,571.0,3.07,0.0,0.0,0.0,0.0,0.0,0.0,0.0,0.0,0.0,0.0,0.0,0.0,0.0,0.0,0.0,0.0,0.0,0.0,570.8973999023438,3.072499990463257,73.8,532.0,16.0,287.0,0.0,0.0,0.0,0.0,0.0,0.0,0.0,0.0,0.0,0.0,0.0,0.0,0.0,0.0,0.0,0.0,0.0,0.0,466.6148376464844,4.056875228881836,72.3,483.0,27.0,286.0,0.0,0.0,0.0,0.0,0.0,0.0,203.39065551757812,2.056874990463257,78.0,174.0,0.0,365.0,0.0,0.0,0.0,0.0,0.0,0.0,0.0,0.0,0.0,0.0,0.0,0.0,0.0,0.0,0.0,0.0,0.0,0.0
original,6.0,6.0,0.35,45.0,7.5,52.5,4,4,571.0,3.07,0.0,0.0,0.0,0.0,0.0,0.0,0.0,0.0,0.0,0.0,0.0,0.0,0.0,0.0,0.0,0.0,0.0,0.0,570.8973999023438,3.072499990463257,74.3,532.0,1.0,287.0,0.0,0.0,0.0,0.0,0.0,0.0,0.0,0.0,0.0,0.0,0.0,0.0,0.0,0.0,0.0,0.0,0.0,0.0,465.271728515625,4.041250228881836,72.9,482.0,27.0,300.0,0.0,0.0,0.0,0.0,0.0,0.0,203.39065551757812,2.056874990463257,78.0,174.0,0.0,365.0,0.0,0.0,0.0,0.0,0.0,0.0,0.0,0.0,0.0,0.0,0.0,0.0,0.0,0.0,0.0,0.0,0.0,0.0
original,6.0,6.0,0.5,45.0,30.0,75.0,4,4,571.0,3.07,0.0,0.0,0.0,0.0,0.0,0.0,0.0,0.0,0.0,0.0,0.0,0.0,0.0,0.0,0.0,0.0,0.0,0.0,570.8973999023438,3.072499990463257,74.3,532.0,0.0,287.0,0.0,0.0,0.0,0.0,0.0,0.0,0.0,0.0,0.0,0.0,0.0,0.0,0.0,0.0,0.0,0.0,0.0,0.0,465.271728515625,4.041250228881836,72.9,482.0,26.0,300.0,0.0,0.0,0.0,0.0,0.0,0.0,203.39065551757812,2.056874990463257,78.0,174.0,0.0,365.0,0.0,0.0,0.0,0.0,0.0,0.0,0.0,0.0,0.0,0.0,0.0,0.0,0.0,0.0,0.0,0.0,0.0,0.0
original,6.0,6.0,1.0,45.0,105.0,150.0,4,4,571.0,3.07,0.0,0.0,0.0,0.0,0.0,0.0,0.0,0.0,0.0,0.0,0.0,0.0,0.0,0.0,0.0,0.0,0.0,0.0,570.8973999023438,3.072499990463257,74.3,532.0,0.0,287.0,0.0,0.0,0.0,0.0,0.0,0.0,0.0,0.0,0.0,0.0,0.0,0.0,0.0,0.0,0.0,0.0,0.0,0.0,465.271728515625,4.041250228881836,72.9,482.0,26.0,300.0,0.0,0.0,0.0,0.0,0.0,0.0,203.39065551757812,2.056874990463257,78.0,174.0,0.0,365.0,0.0,0.0,0.0,0.0,0.0,0.0,0.0,0.0,0.0,0.0,0.0,0.0,0.0,0.0,0.0,0.0,0.0,0.0
original,6.0,6.0,1.5,45.0,180.0,225.0,4,4,571.0,3.07,0.0,0.0,0.0,0.0,0.0,0.0,0.0,0.0,0.0,0.0,0.0,0.0,0.0,0.0,0.0,0.0,0.0,0.0,570.8973999023438,3.072499990463257,74.3,532.0,0.0,287.0,0.0,0.0,0.0,0.0,0.0,0.0,0.0,0.0,0.0,0.0,0.0,0.0,0.0,0.0,0.0,0.0,0.0,0.0,465.271728515625,4.041250228881836,72.9,482.0,26.0,300.0,0.0,0.0,0.0,0.0,0.0,0.0,203.39065551757812,2.056874990463257,78.0,174.0,0.0,365.0,0.0,0.0,0.0,0.0,0.0,0.0,0.0,0.0,0.0,0.0,0.0,0.0,0.0,0.0,0.0,0.0,0.0,0.0
original,6.0,6.0,1.94,45.0,180.0,225.0,4,4,571.0,3.07,0.0,0.0,0.0,0.0,0.0,0.0,0.0,0.0,0.0,0.0,0.0,0.0,0.0,0.0,0.0,0.0,0.0,0.0,570.8973999023438,3.072499990463257,74.3,532.0,0.0,287.0,0.0,0.0,0.0,0.0,0.0,0.0,0.0,0.0,0.0,0.0,0.0,0.0,0.0,0.0,0.0,0.0,0.0,0.0,465.271728515625,4.041250228881836,72.9,482.0,26.0,300.0,0.0,0.0,0.0,0.0,0.0,0.0,203.39065551757812,2.056874990463257,78.0,174.0,0.0,365.0,0.0,0.0,0.0,0.0,0.0,0.0,0.0,0.0,0.0,0.0,0.0,0.0,0.0,0.0,0.0,0.0,0.0,0.0
original,5.0,5.0,0.05,7.5,0.0,7.5,4,4,551.0,3.06,0.0,0.0,0.0,0.0,0.0,0.0,0.0,0.0,0.0,0.0,0.0,0.0,0.0,0.0,0.0,0.0,0.0,0.0,550.870849609375,3.056874990463257,60.8,508.0,68.0,287.0,0.0,0.0,0.0,0.0,0.0,0.0,0.0,0.0,0.0,0.0,0.0,0.0,0.0,0.0,0.0,0.0,0.0,0.0,454.76202392578125,4.025625228881836,63.0,444.0,49.0,271.0,0.0,0.0,0.0,0.0,0.0,0.0,126.18960571289062,1.2443749904632568,73.0,96.0,14.0,365.0,0.0,0.0,0.0,0.0,0.0,0.0,0.0,0.0,0.0,0.0,0.0,0.0,0.0,0.0,0.0,0.0,0.0,0.0
original,5.0,5.0,0.1,15.0,0.0,15.0,4,4,551.0,3.06,0.0,0.0,0.0,0.0,0.0,0.0,0.0,0.0,0.0,0.0,0.0,0.0,0.0,0.0,0.0,0.0,0.0,0.0,550.870849609375,3.056874990463257,62.6,512.0,68.0,287.0,0.0,0.0,0.0,0.0,0.0,0.0,0.0,0.0,0.0,0.0,0.0,0.0,0.0,0.0,0.0,0.0,0.0,0.0,454.4449768066406,4.025625228881836,64.6,448.0,49.0,276.0,0.0,0.0,0.0,0.0,0.0,0.0,126.19772338867188,1.2443749904632568,74.7,96.0,14.0,365.0,0.0,0.0,0.0,0.0,0.0,0.0,0.0,0.0,0.0,0.0,0.0,0.0,0.0,0.0,0.0,0.0,0.0,0.0
original,5.0,5.0,0.2,30.0,0.0,30.0,4,4,551.0,3.06,0.0,0.0,0.0,0.0,0.0,0.0,0.0,0.0,0.0,0.0,0.0,0.0,0.0,0.0,0.0,0.0,0.0,0.0,550.870849609375,3.056874990463257,66.1,518.0,66.0,287.0,0.0,0.0,0.0,0.0,0.0,0.0,0.0,0.0,0.0,0.0,0.0,0.0,0.0,0.0,0.0,0.0,0.0,0.0,454.72393798828125,4.025625228881836,67.2,454.0,48.0,273.0,0.0,0.0,0.0,0.0,0.0,0.0,126.18574523925781,1.2443749904632568,76.6,96.0,14.0,365.0,0.0,0.0,0.0,0.0,0.0,0.0,0.0,0.0,0.0,0.0,0.0,0.0,0.0,0.0,0.0,0.0,0.0,0.0
original,5.0,5.0,0.299999,44.99985122680664,0.0,44.99985122680664,4,4,551.0,3.06,0.0,0.0,0.0,0.0,0.0,0.0,0.0,0.0,0.0,0.0,0.0,0.0,0.0,0.0,0.0,0.0,0.0,0.0,550.870849609375,3.056874990463257,68.6,520.0,64.0,287.0,0.0,0.0,0.0,0.0,0.0,0.0,0.0,0.0,0.0,0.0,0.0,0.0,0.0,0.0,0.0,0.0,0.0,0.0,454.8169250488281,4.025625228881836,69.5,460.0,47.0,272.0,0.0,0.0,0.0,0.0,0.0,0.0,126.12730407714844,1.2443749904632568,77.9,96.0,14.0,365.0,0.0,0.0,0.0,0.0,0.0,0.0,0.0,0.0,0.0,0.0,0.0,0.0,0.0,0.0,0.0,0.0,0.0,0.0
original,5.0,5.0,0.3,45.0,0.0,45.0,4,4,551.0,3.06,0.0,0.0,0.0,0.0,0.0,0.0,0.0,0.0,0.0,0.0,0.0,0.0,0.0,0.0,0.0,0.0,0.0,0.0,550.870849609375,3.056874990463257,68.6,520.0,64.0,287.0,0.0,0.0,0.0,0.0,0.0,0.0,0.0,0.0,0.0,0.0,0.0,0.0,0.0,0.0,0.0,0.0,0.0,0.0,454.8169250488281,4.025625228881836,69.5,460.0,47.0,272.0,0.0,0.0,0.0,0.0,0.0,0.0,126.12730407714844,1.2443749904632568,77.9,96.0,14.0,365.0,0.0,0.0,0.0,0.0,0.0,0.0,0.0,0.0,0.0,0.0,0.0,0.0,0.0,0.0,0.0,0.0,0.0,0.0
original,5.0,5.0,0.300001,45.0,0.0001500000071246177,45.00014877319336,4,4,551.0,3.06,0.0,0.0,0.0,0.0,0.0,0.0,0.0,0.0,0.0,0.0,0.0,0.0,0.0,0.0,0.0,0.0,0.0,0.0,550.870849609375,3.056874990463257,74.0,520.0,15.0,287.0,0.0,0.0,0.0,0.0,0.0,0.0,0.0,0.0,0.0,0.0,0.0,0.0,0.0,0.0,0.0,0.0,0.0,0.0,453.2647399902344,4.025625228881836,72.2,458.0,25.0,291.0,0.0,0.0,0.0,0.0,0.0,0.0,202.85794067382812,2.103749990463257,78.1,174.0,0.0,365.0,0.0,0.0,0.0,0.0,0.0,0.0,0.0,0.0,0.0,0.0,0.0,0.0,0.0,0.0,0.0,0.0,0.0,0.0
original,5.0,5.0,0.35,45.0,7.5,52.5,4,4,551.0,3.06,0.0,0.0,0.0,0.0,0.0,0.0,0.0,0.0,0.0,0.0,0.0,0.0,0.0,0.0,0.0,0.0,0.0,0.0,550.870849609375,3.056874990463257,74.4,520.0,1.0,287.0,0.0,0.0,0.0,0.0,0.0,0.0,0.0,0.0,0.0,0.0,0.0,0.0,0.0,0.0,0.0,0.0,0.0,0.0,452.0486755371094,4.025625228881836,72.8,457.0,25.0,305.0,0.0,0.0,0.0,0.0,0.0,0.0,202.85794067382812,2.103749990463257,78.1,174.0,0.0,365.0,0.0,0.0,0.0,0.0,0.0,0.0,0.0,0.0,0.0,0.0,0.0,0.0,0.0,0.0,0.0,0.0,0.0,0.0
original,5.0,5.0,0.5,45.0,30.0,75.0,4,4,551.0,3.06,0.0,0.0,0.0,0.0,0.0,0.0,0.0,0.0,0.0,0.0,0.0,0.0,0.0,0.0,0.0,0.0,0.0,0.0,550.870849609375,3.056874990463257,74.4,520.0,0.0,287.0,0.0,0.0,0.0,0.0,0.0,0.0,0.0,0.0,0.0,0.0,0.0,0.0,0.0,0.0,0.0,0.0,0.0,0.0,452.0486755371094,4.025625228881836,72.9,457.0,24.0,305.0,0.0,0.0,0.0,0.0,0.0,0.0,202.85794067382812,2.103749990463257,78.1,174.0,0.0,365.0,0.0,0.0,0.0,0.0,0.0,0.0,0.0,0.0,0.0,0.0,0.0,0.0,0.0,0.0,0.0,0.0,0.0,0.0
original,5.0,5.0,1.0,45.0,105.0,150.0,4,4,551.0,3.06,0.0,0.0,0.0,0.0,0.0,0.0,0.0,0.0,0.0,0.0,0.0,0.0,0.0,0.0,0.0,0.0,0.0,0.0,550.870849609375,3.056874990463257,74.4,520.0,0.0,287.0,0.0,0.0,0.0,0.0,0.0,0.0,0.0,0.0,0.0,0.0,0.0,0.0,0.0,0.0,0.0,0.0,0.0,0.0,452.0486755371094,4.025625228881836,72.9,457.0,24.0,305.0,0.0,0.0,0.0,0.0,0.0,0.0,202.85794067382812,2.103749990463257,78.1,174.0,0.0,365.0,0.0,0.0,0.0,0.0,0.0,0.0,0.0,0.0,0.0,0.0,0.0,0.0,0.0,0.0,0.0,0.0,0.0,0.0
original,5.0,5.0,1.5,45.0,180.0,225.0,4,4,551.0,3.06,0.0,0.0,0.0,0.0,0.0,0.0,0.0,0.0,0.0,0.0,0.0,0.0,0.0,0.0,0.0,0.0,0.0,0.0,550.870849609375,3.056874990463257,74.4,520.0,0.0,287.0,0.0,0.0,0.0,0.0,0.0,0.0,0.0,0.0,0.0,0.0,0.0,0.0,0.0,0.0,0.0,0.0,0.0,0.0,452.0486755371094,4.025625228881836,72.9,457.0,24.0,305.0,0.0,0.0,0.0,0.0,0.0,0.0,202.85794067382812,2.103749990463257,78.1,174.0,0.0,365.0,0.0,0.0,0.0,0.0,0.0,0.0,0.0,0.0,0.0,0.0,0.0,0.0,0.0,0.0,0.0,0.0,0.0,0.0
original,5.0,5.0,1.94,45.0,180.0,225.0,4,4,551.0,3.06,0.0,0.0,0.0,0.0,0.0,0.0,0.0,0.0,0.0,0.0,0.0,0.0,0.0,0.0,0.0,0.0,0.0,0.0,550.870849609375,3.056874990463257,74.4,520.0,0.0,287.0,0.0,0.0,0.0,0.0,0.0,0.0,0.0,0.0,0.0,0.0,0.0,0.0,0.0,0.0,0.0,0.0,0.0,0.0,452.0486755371094,4.025625228881836,72.9,457.0,24.0,305.0,0.0,0.0,0.0,0.0,0.0,0.0,202.85794067382812,2.103749990463257,78.1,174.0,0.0,365.0,0.0,0.0,0.0,0.0,0.0,0.0,0.0,0.0,0.0,0.0,0.0,0.0,0.0,0.0,0.0,0.0,0.0,0.0
original,4.0,4.0,0.05,7.5,0.0,7.5,4,4,603.0,3.15,0.0,0.0,0.0,0.0,0.0,0.0,0.0,0.0,0.0,0.0,0.0,0.0,0.0,0.0,0.0,0.0,0.0,0.0,603.3944091796875,3.150624990463257,62.4,532.0,76.0,287.0,0.0,0.0,0.0,0.0,0.0,0.0,0.0,0.0,0.0,0.0,0.0,0.0,0.0,0.0,0.0,0.0,0.0,0.0,495.9940490722656,4.166250228881836,64.7,478.0,49.0,278.0,0.0,0.0,0.0,0.0,0.0,0.0,133.5209503173828,1.2443749904632568,74.4,98.0,13.0,365.0,0.0,0.0,0.0,0.0,0.0,0.0,0.0,0.0,0.0,0.0,0.0,0.0,0.0,0.0,0.0,0.0,0.0,0.0
original,4.0,4.0,0.1,15.0,0.0,15.0,4,4,604.0,3.14,0.0,0.0,0.0,0.0,0.0,0.0,0.0,0.0,0.0,0.0,0.0,0.0,0.0,0.0,0.0,0.0,0.0,0.0,603.7807006835938,3.134999990463257,63.8,535.0,76.0,287.0,0.0,0.0,0.0,0.0,0.0,0.0,0.0,0.0,0.0,0.0,0.0,0.0,0.0,0.0,0.0,0.0,0.0,0.0,495.3263244628906,4.166250228881836,66.1,481.0,49.0,288.0,0.0,0.0,0.0,0.0,0.0,0.0,133.46060180664062,1.1974999904632568,76.2,98.0,13.0,365.0,0.0,0.0,0.0,0.0,0.0,0.0,0.0,0.0,0.0,0.0,0.0,0.0,0.0,0.0,0.0,0.0,0.0,0.0
original,4.0,4.0,0.2,30.0,0.0,30.0,4,4,604.0,3.2,0.0,0.0,0.0,0.0,0.0,0.0,0.0,0.0,0.0,0.0,0.0,0.0,0.0,0.0,0.0,0.0,0.0,0.0,603.8255004882812,3.197499990463257,67.2,542.0,76.0,287.0,0.0,0.0,0.0,0.0,0.0,0.0,0.0,0.0,0.0,0.0,0.0,0.0,0.0,0.0,0.0,0.0,0.0,0.0,495.5947570800781,4.166250228881836,68.8,488.0,48.0,286.0,0.0,0.0,0.0,0.0,0.0,0.0,133.48187255859375,1.2443749904632568,77.9,98.0,14.0,365.0,0.0,0.0,0.0,0.0,0.0,0.0,0.0,0.0,0.0,0.0,0.0,0.0,0.0,0.0,0.0,0.0,0.0,0.0
original,4.0,4.0,0.299999,44.99985122680664,0.0,44.99985122680664,4,4,604.0,3.2,0.0,0.0,0.0,0.0,0.0,0.0,0.0,0.0,0.0,0.0,0.0,0.0,0.0,0.0,0.0,0.0,0.0,0.0,603.8255004882812,3.197499990463257,69.5,542.0,73.0,287.0,0.0,0.0,0.0,0.0,0.0,0.0,0.0,0.0,0.0,0.0,0.0,0.0,0.0,0.0,0.0,0.0,0.0,0.0,495.5947570800781,4.166250228881836,70.9,492.0,47.0,286.0,0.0,0.0,0.0,0.0,0.0,0.0,133.2840576171875,1.2131249904632568,79.2,98.0,14.0,365.0,0.0,0.0,0.0,0.0,0.0,0.0,0.0,0.0,0.0,0.0,0.0,0.0,0.0,0.0,0.0,0.0,0.0,0.0
original,4.0,4.0,0.3,45.0,0.0,45.0,4,4,604.0,3.2,0.0,0.0,0.0,0.0,0.0,0.0,0.0,0.0,0.0,0.0,0.0,0.0,0.0,0.0,0.0,0.0,0.0,0.0,603.8255004882812,3.197499990463257,69.5,542.0,73.0,287.0,0.0,0.0,0.0,0.0,0.0,0.0,0.0,0.0,0.0,0.0,0.0,0.0,0.0,0.0,0.0,0.0,0.0,0.0,495.5947570800781,4.166250228881836,70.9,492.0,47.0,286.0,0.0,0.0,0.0,0.0,0.0,0.0,133.2840576171875,1.2131249904632568,79.2,98.0,14.0,365.0,0.0,0.0,0.0,0.0,0.0,0.0,0.0,0.0,0.0,0.0,0.0,0.0,0.0,0.0,0.0,0.0,0.0,0.0
original,4.0,4.0,0.300001,45.0,0.0001500000071246177,45.00014877319336,4,4,604.0,3.2,0.0,0.0,0.0,0.0,0.0,0.0,0.0,0.0,0.0,0.0,0.0,0.0,0.0,0.0,0.0,0.0,0.0,0.0,603.8255004882812,3.197499990463257,75.1,542.0,14.0,287.0,0.0,0.0,0.0,0.0,0.0,0.0,0.0,0.0,0.0,0.0,0.0,0.0,0.0,0.0,0.0,0.0,0.0,0.0,494.1093444824219,4.181875228881836,73.7,491.0,25.0,301.0,0.0,0.0,0.0,0.0,0.0,0.0,217.33424377441406,2.134999990463257,79.2,178.0,0.0,365.0,0.0,0.0,0.0,0.0,0.0,0.0,0.0,0.0,0.0,0.0,0.0,0.0,0.0,0.0,0.0,0.0,0.0,0.0
original,4.0,4.0,0.35,45.0,7.5,52.5,4,4,604.0,3.2,0.0,0.0,0.0,0.0,0.0,0.0,0.0,0.0,0.0,0.0,0.0,0.0,0.0,0.0,0.0,0.0,0.0,0.0,603.8255004882812,3.197499990463257,75.4,542.0,0.0,287.0,0.0,0.0,0.0,0.0,0.0,0.0,0.0,0.0,0.0,0.0,0.0,0.0,0.0,0.0,0.0,0.0,0.0,0.0,493.04449462890625,4.135000228881836,74.1,489.0,24.0,312.0,0.0,0.0,0.0,0.0,0.0,0.0,217.33424377441406,2.134999990463257,79.2,178.0,0.0,365.0,0.0,0.0,0.0,0.0,0.0,0.0,0.0,0.0,0.0,0.0,0.0,0.0,0.0,0.0,0.0,0.0,0.0,0.0
original,4.0,4.0,0.5,45.0,30.0,75.0,4,4,604.0,3.2,0.0,0.0,0.0,0.0,0.0,0.0,0.0,0.0,0.0,0.0,0.0,0.0,0.0,0.0,0.0,0.0,0.0,0.0,603.8255004882812,3.197499990463257,75.4,542.0,0.0,287.0,0.0,0.0,0.0,0.0,0.0,0.0,0.0,0.0,0.0,0.0,0.0,0.0,0.0,0.0,0.0,0.0,0.0,0.0,493.04449462890625,4.135000228881836,74.2,489.0,23.0,312.0,0.0,0.0,0.0,0.0,0.0,0.0,217.33424377441406,2.134999990463257,79.2,178.0,0.0,365.0,0.0,0.0,0.0,0.0,0.0,0.0,0.0,0.0,0.0,0.0,0.0,0.0,0.0,0.0,0.0,0.0,0.0,0.0
original,4.0,4.0,1.0,45.0,105.0,150.0,4,4,604.0,3.2,0.0,0.0,0.0,0.0,0.0,0.0,0.0,0.0,0.0,0.0,0.0,0.0,0.0,0.0,0.0,0.0,0.0,0.0,603.8255004882812,3.197499990463257,75.4,542.0,0.0,287.0,0.0,0.0,0.0,0.0,0.0,0.0,0.0,0.0,0.0,0.0,0.0,0.0,0.0,0.0,0.0,0.0,0.0,0.0,493.04449462890625,4.135000228881836,74.2,489.0,23.0,312.0,0.0,0.0,0.0,0.0,0.0,0.0,217.33424377441406,2.134999990463257,79.2,178.0,0.0,365.0,0.0,0.0,0.0,0.0,0.0,0.0,0.0,0.0,0.0,0.0,0.0,0.0,0.0,0.0,0.0,0.0,0.0,0.0
original,4.0,4.0,1.5,45.0,180.0,225.0,4,4,604.0,3.2,0.0,0.0,0.0,0.0,0.0,0.0,0.0,0.0,0.0,0.0,0.0,0.0,0.0,0.0,0.0,0.0,0.0,0.0,603.8255004882812,3.197499990463257,75.4,542.0,0.0,287.0,0.0,0.0,0.0,0.0,0.0,0.0,0.0,0.0,0.0,0.0,0.0,0.0,0.0,0.0,0.0,0.0,0.0,0.0,493.04449462890625,4.135000228881836,74.2,489.0,23.0,312.0,0.0,0.0,0.0,0.0,0.0,0.0,217.33424377441406,2.134999990463257,79.2,178.0,0.0,365.0,0.0,0.0,0.0,0.0,0.0,0.0,0.0,0.0,0.0,0.0,0.0,0.0,0.0,0.0,0.0,0.0,0.0,0.0
original,4.0,4.0,1.94,45.0,180.0,225.0,4,4,604.0,3.2,0.0,0.0,0.0,0.0,0.0,0.0,0.0,0.0,0.0,0.0,0.0,0.0,0.0,0.0,0.0,0.0,0.0,0.0,603.8255004882812,3.197499990463257,75.4,542.0,0.0,287.0,0.0,0.0,0.0,0.0,0.0,0.0,0.0,0.0,0.0,0.0,0.0,0.0,0.0,0.0,0.0,0.0,0.0,0.0,493.04449462890625,4.135000228881836,74.2,489.0,23.0,312.0,0.0,0.0,0.0,0.0,0.0,0.0,217.33424377441406,2.134999990463257,79.2,178.0,0.0,365.0,0.0,0.0,0.0,0.0,0.0,0.0,0.0,0.0,0.0,0.0,0.0,0.0,0.0,0.0,0.0,0.0,0.0,0.0
original,3.0,3.0,0.05,7.5,0.0,7.5,7,4,611.0,3.21,0.0,0.0,0.0,0.0,0.0,0.0,0.0,0.0,0.0,0.0,0.0,0.0,0.0,0.0,0.0,0.0,0.0,0.0,610.546875,3.213124990463257,61.0,533.0,84.0,287.0,0.0,0.0,0.0,0.0,0.0,0.0,535.7288208007812,3.009999990463257,62.2,550.0,55.0,365.0,0.0,0.0,0.0,0.0,0.0,0.0,502.1823425292969,4.228750228881836,63.6,482.0,50.0,277.0,0.0,0.0,0.0,0.0,0.0,0.0,134.10328674316406,1.2287499904632568,74.1,98.0,14.0,365.0,0.0,0.0,0.0,0.0,0.0,0.0,0.0,0.0,0.0,0.0,0.0,0.0,0.0,0.0,0.0,0.0,0.0,0.0
original,3.0,3.0,0.1,15.0,0.0,15.0,7,4,610.0,3.21,0.0,0.0,0.0,0.0,0.0,0.0,0.0,0.0,0.0,0.0,0.0,0.0,0.0,0.0,0.0,0.0,0.0,0.0,610.4973754882812,3.213124990463257,62.7,537.0,80.0,287.0,0.0,0.0,0.0,0.0,0.0,0.0,535.4473266601562,3.009999990463257,65.0,553.0,51.0,365.0,0.0,0.0,0.0,0.0,0.0,0.0,501.7840576171875,4.181875228881836,65.3,484.0,50.0,285.0,0.0,0.0,0.0,0.0,0.0,0.0,134.09312438964844,1.2131249904632568,75.7,98.0,14.0,365.0,0.0,0.0,0.0,0.0,0.0,0.0,0.0,0.0,0.0,0.0,0.0,0.0,0.0,0.0,0.0,0.0,0.0,0.0
original,3.0,3.0,0.2,30.0,0.0,30.0,7,4,611.0,3.21,0.0,0.0,0.0,0.0,0.0,0.0,0.0,0.0,0.0,0.0,0.0,0.0,0.0,0.0,0.0,0.0,0.0,0.0,610.9395751953125,3.213124990463257,66.5,544.0,78.0,287.0,0.0,0.0,0.0,0.0,0.0,0.0,534.6124267578125,3.041249990463257,68.3,556.0,47.0,365.0,0.0,0.0,0.0,0.0,0.0,0.0,501.92156982421875,4.181875228881836,68.1,491.0,50.0,284.0,0.0,0.0,0.0,0.0,0.0,0.0,134.04786682128906,1.2599999904632568,77.7,98.0,14.0,365.0,0.0,0.0,0.0,0.0,0.0,0.0,0.0,0.0,0.0,0.0,0.0,0.0,0.0,0.0,0.0,0.0,0.0,0.0
original,3.0,3.0,0.299999,44.99985122680664,0.0,44.99985122680664,7,4,611.0,3.21,0.0,0.0,0.0,0.0,0.0,0.0,0.0,0.0,0.0,0.0,0.0,0.0,0.0,0.0,0.0,0.0,0.0,0.0,610.9395751953125,3.213124990463257,69.1,544.0,74.0,287.0,0.0,0.0,0.0,0.0,0.0,0.0,534.0963134765625,3.009999990463257,70.3,556.0,42.0,365.0,0.0,0.0,0.0,0.0,0.0,0.0,501.92156982421875,4.181875228881836,70.2,494.0,48.0,284.0,0.0,0.0,0.0,0.0,0.0,0.0,133.9575653076172,1.2599999904632568,78.8,98.0,14.0,365.0,0.0,0.0,0.0,0.0,0.0,0.0,0.0,0.0,0.0,0.0,0.0,0.0,0.0,0.0,0.0,0.0,0.0,0.0
original,3.0,3.0,0.3,45.0,0.0,45.0,7,4,611.0,3.21,0.0,0.0,0.0,0.0,0.0,0.0,0.0,0.0,0.0,0.0,0.0,0.0,0.0,0.0,0.0,0.0,0.0,0.0,610.9395751953125,3.213124990463257,69.1,544.0,74.0,287.0,0.0,0.0,0.0,0.0,0.0,0.0,534.0963134765625,3.009999990463257,70.3,556.0,42.0,365.0,0.0,0.0,0.0,0.0,0.0,0.0,501.92156982421875,4.181875228881836,70.2,494.0,48.0,284.0,0.0,0.0,0.0,0.0,0.0,0.0,133.9575653076172,1.2599999904632568,78.8,98.0,14.0,365.0,0.0,0.0,0.0,0.0,0.0,0.0,0.0,0.0,0.0,0.0,0.0,0.0,0.0,0.0,0.0,0.0,0.0,0.0
original,3.0,3.0,0.300001,45.0,0.0001500000071246177,45.00014877319336,7,4,611.0,3.21,0.0,0.0,0.0,0.0,0.0,0.0,0.0,0.0,0.0,0.0,0.0,0.0,0.0,0.0,0.0,0.0,0.0,0.0,610.9395751953125,3.213124990463257,74.8,544.0,15.0,287.0,0.0,0.0,0.0,0.0,0.0,0.0,555.2492065429688,3.181874990463257,72.5,584.0,6.0,365.0,0.0,0.0,0.0,0.0,0.0,0.0,500.48907470703125,4.166250228881836,73.1,493.0,24.0,298.0,0.0,0.0,0.0,0.0,0.0,0.0,218.98007202148438,2.103749990463257,79.0,178.0,0.0,365.0,0.0,0.0,0.0,0.0,0.0,0.0,0.0,0.0,0.0,0.0,0.0,0.0,0.0,0.0,0.0,0.0,0.0,0.0
original,3.0,3.0,0.35,45.0,7.5,52.5,7,4,611.0,3.21,0.0,0.0,0.0,0.0,0.0,0.0,0.0,0.0,0.0,0.0,0.0,0.0,0.0,0.0,0.0,0.0,0.0,0.0,610.9395751953125,3.213124990463257,75.1,544.0,0.0,287.0,0.0,0.0,0.0,0.0,0.0,0.0,555.2492065429688,3.181874990463257,72.7,584.0,0.0,365.0,0.0,0.0,0.0,0.0,0.0,0.0,499.52825927734375,4.150625228881836,73.4,492.0,24.0,308.0,0.0,0.0,0.0,0.0,0.0,0.0,218.98007202148438,2.103749990463257,79.0,178.0,0.0,365.0,0.0,0.0,0.0,0.0,0.0,0.0,0.0,0.0,0.0,0.0,0.0,0.0,0.0,0.0,0.0,0.0,0.0,0.0
original,3.0,3.0,0.5,45.0,30.0,75.0,7,4,611.0,3.21,0.0,0.0,0.0,0.0,0.0,0.0,0.0,0.0,0.0,0.0,0.0,0.0,0.0,0.0,0.0,0.0,0.0,0.0,610.9395751953125,3.213124990463257,75.1,544.0,0.0,287.0,0.0,0.0,0.0,0.0,0.0,0.0,555.2492065429688,3.181874990463257,72.7,584.0,0.0,365.0,0.0,0.0,0.0,0.0,0.0,0.0,499.52825927734375,4.150625228881836,73.5,492.0,24.0,308.0,0.0,0.0,0.0,0.0,0.0,0.0,218.98007202148438,2.103749990463257,79.0,178.0,0.0,365.0,0.0,0.0,0.0,0.0,0.0,0.0,0.0,0.0,0.0,0.0,0.0,0.0,0.0,0.0,0.0,0.0,0.0,0.0
original,3.0,3.0,1.0,45.0,105.0,150.0,7,4,611.0,3.21,0.0,0.0,0.0,0.0,0.0,0.0,0.0,0.0,0.0,0.0,0.0,0.0,0.0,0.0,0.0,0.0,0.0,0.0,610.9395751953125,3.213124990463257,75.1,544.0,0.0,287.0,0.0,0.0,0.0,0.0,0.0,0.0,555.2492065429688,3.181874990463257,72.7,584.0,0.0,365.0,0.0,0.0,0.0,0.0,0.0,0.0,499.52825927734375,4.150625228881836,73.5,492.0,24.0,308.0,0.0,0.0,0.0,0.0,0.0,0.0,218.98007202148438,2.103749990463257,79.0,178.0,0.0,365.0,0.0,0.0,0.0,0.0,0.0,0.0,0.0,0.0,0.0,0.0,0.0,0.0,0.0,0.0,0.0,0.0,0.0,0.0
original,3.0,3.0,1.5,45.0,180.0,225.0,7,4,611.0,3.21,0.0,0.0,0.0,0.0,0.0,0.0,0.0,0.0,0.0,0.0,0.0,0.0,0.0,0.0,0.0,0.0,0.0,0.0,610.9395751953125,3.213124990463257,75.1,544.0,0.0,287.0,0.0,0.0,0.0,0.0,0.0,0.0,555.2492065429688,3.181874990463257,72.7,584.0,0.0,365.0,0.0,0.0,0.0,0.0,0.0,0.0,499.52825927734375,4.150625228881836,73.5,492.0,23.0,308.0,0.0,0.0,0.0,0.0,0.0,0.0,218.98007202148438,2.103749990463257,79.0,178.0,0.0,365.0,0.0,0.0,0.0,0.0,0.0,0.0,0.0,0.0,0.0,0.0,0.0,0.0,0.0,0.0,0.0,0.0,0.0,0.0
original,3.0,3.0,1.94,45.0,180.0,225.0,7,4,611.0,3.21,0.0,0.0,0.0,0.0,0.0,0.0,0.0,0.0,0.0,0.0,0.0,0.0,0.0,0.0,0.0,0.0,0.0,0.0,610.9395751953125,3.213124990463257,75.1,544.0,0.0,287.0,0.0,0.0,0.0,0.0,0.0,0.0,555.2492065429688,3.181874990463257,72.7,584.0,0.0,365.0,0.0,0.0,0.0,0.0,0.0,0.0,499.52825927734375,4.150625228881836,73.5,492.0,23.0,308.0,0.0,0.0,0.0,0.0,0.0,0.0,218.98007202148438,2.103749990463257,79.0,178.0,0.0,365.0,0.0,0.0,0.0,0.0,0.0,0.0,0.0,0.0,0.0,0.0,0.0,0.0,0.0,0.0,0.0,0.0,0.0,0.0
original,2.0,2.0,0.05,7.5,0.0,7.5,4,4,634.0,3.23,0.0,0.0,0.0,0.0,0.0,0.0,0.0,0.0,0.0,0.0,0.0,0.0,0.0,0.0,0.0,0.0,0.0,0.0,634.3690185546875,3.228749990463257,62.2,543.0,65.0,286.0,0.0,0.0,0.0,0.0,0.0,0.0,0.0,0.0,0.0,0.0,0.0,0.0,0.0,0.0,0.0,0.0,0.0,0.0,521.4215087890625,4.260000228881836,63.8,491.0,53.0,275.0,0.0,0.0,0.0,0.0,0.0,0.0,136.3660125732422,1.2131249904632568,74.3,99.0,14.0,365.0,0.0,0.0,0.0,0.0,0.0,0.0,0.0,0.0,0.0,0.0,0.0,0.0,0.0,0.0,0.0,0.0,0.0,0.0
original,2.0,2.0,0.1,15.0,0.0,15.0,4,4,634.0,3.23,0.0,0.0,0.0,0.0,0.0,0.0,0.0,0.0,0.0,0.0,0.0,0.0,0.0,0.0,0.0,0.0,0.0,0.0,634.3690185546875,3.228749990463257,63.7,546.0,65.0,286.0,0.0,0.0,0.0,0.0,0.0,0.0,0.0,0.0,0.0,0.0,0.0,0.0,0.0,0.0,0.0,0.0,0.0,0.0,521.048095703125,4.244375228881836,65.5,494.0,53.0,282.0,0.0,0.0,0.0,0.0,0.0,0.0,136.34750366210938,1.1974999904632568,76.0,99.0,14.0,365.0,0.0,0.0,0.0,0.0,0.0,0.0,0.0,0.0,0.0,0.0,0.0,0.0,0.0,0.0,0.0,0.0,0.0,0.0
original,2.0,2.0,0.2,30.0,0.0,30.0,4,4,634.0,3.23,0.0,0.0,0.0,0.0,0.0,0.0,0.0,0.0,0.0,0.0,0.0,0.0,0.0,0.0,0.0,0.0,0.0,0.0,634.3690185546875,3.228749990463257,66.9,553.0,66.0,286.0,0.0,0.0,0.0,0.0,0.0,0.0,0.0,0.0,0.0,0.0,0.0,0.0,0.0,0.0,0.0,0.0,0.0,0.0,521.3226318359375,4.260000228881836,68.0,501.0,53.0,280.0,0.0,0.0,0.0,0.0,0.0,0.0,136.26829528808594,1.2131249904632568,77.7,99.0,15.0,365.0,0.0,0.0,0.0,0.0,0.0,0.0,0.0,0.0,0.0,0.0,0.0,0.0,0.0,0.0,0.0,0.0,0.0,0.0
original,2.0,2.0,0.299999,44.99985122680664,0.0,44.99985122680664,4,4,634.0,3.23,0.0,0.0,0.0,0.0,0.0,0.0,0.0,0.0,0.0,0.0,0.0,0.0,0.0,0.0,0.0,0.0,0.0,0.0,634.3690185546875,3.228749990463257,69.5,554.0,65.0,286.0,0.0,0.0,0.0,0.0,0.0,0.0,0.0,0.0,0.0,0.0,0.0,0.0,0.0,0.0,0.0,0.0,0.0,0.0,521.3226318359375,4.260000228881836,70.2,506.0,52.0,280.0,0.0,0.0,0.0,0.0,0.0,0.0,136.25177001953125,1.1974999904632568,79.0,99.0,15.0,365.0,0.0,0.0,0.0,0.0,0.0,0.0,0.0,0.0,0.0,0.0,0.0,0.0,0.0,0.0,0.0,0.0,0.0,0.0
original,2.0,2.0,0.3,45.0,0.0,45.0,4,4,634.0,3.23,0.0,0.0,0.0,0.0,0.0,0.0,0.0,0.0,0.0,0.0,0.0,0.0,0.0,0.0,0.0,0.0,0.0,0.0,634.3690185546875,3.228749990463257,69.5,554.0,65.0,286.0,0.0,0.0,0.0,0.0,0.0,0.0,0.0,0.0,0.0,0.0,0.0,0.0,0.0,0.0,0.0,0.0,0.0,0.0,521.3226318359375,4.260000228881836,70.2,506.0,52.0,280.0,0.0,0.0,0.0,0.0,0.0,0.0,136.25177001953125,1.1974999904632568,79.0,99.0,15.0,365.0,0.0,0.0,0.0,0.0,0.0,0.0,0.0,0.0,0.0,0.0,0.0,0.0,0.0,0.0,0.0,0.0,0.0,0.0
original,2.0,2.0,0.300001,45.0,0.0001500000071246177,45.00014877319336,4,4,634.0,3.23,0.0,0.0,0.0,0.0,0.0,0.0,0.0,0.0,0.0,0.0,0.0,0.0,0.0,0.0,0.0,0.0,0.0,0.0,634.3690185546875,3.228749990463257,75.0,554.0,16.0,286.0,0.0,0.0,0.0,0.0,0.0,0.0,0.0,0.0,0.0,0.0,0.0,0.0,0.0,0.0,0.0,0.0,0.0,0.0,519.8031005859375,4.228750228881836,73.3,504.0,27.0,295.0,0.0,0.0,0.0,0.0,0.0,0.0,223.75743103027344,2.088124990463257,79.2,179.0,0.0,365.0,0.0,0.0,0.0,0.0,0.0,0.0,0.0,0.0,0.0,0.0,0.0,0.0,0.0,0.0,0.0,0.0,0.0,0.0
original,2.0,2.0,0.35,45.0,7.5,52.5,4,4,634.0,3.23,0.0,0.0,0.0,0.0,0.0,0.0,0.0,0.0,0.0,0.0,0.0,0.0,0.0,0.0,0.0,0.0,0.0,0.0,634.3690185546875,3.228749990463257,75.3,554.0,0.0,286.0,0.0,0.0,0.0,0.0,0.0,0.0,0.0,0.0,0.0,0.0,0.0,0.0,0.0,0.0,0.0,0.0,0.0,0.0,518.623779296875,4.213125228881836,73.7,502.0,27.0,307.0,0.0,0.0,0.0,0.0,0.0,0.0,223.75743103027344,2.088124990463257,79.2,179.0,0.0,365.0,0.0,0.0,0.0,0.0,0.0,0.0,0.0,0.0,0.0,0.0,0.0,0.0,0.0,0.0,0.0,0.0,0.0,0.0
original,2.0,2.0,0.5,45.0,30.0,75.0,4,4,634.0,3.23,0.0,0.0,0.0,0.0,0.0,0.0,0.0,0.0,0.0,0.0,0.0,0.0,0.0,0.0,0.0,0.0,0.0,0.0,634.3690185546875,3.228749990463257,75.4,554.0,0.0,286.0,0.0,0.0,0.0,0.0,0.0,0.0,0.0,0.0,0.0,0.0,0.0,0.0,0.0,0.0,0.0,0.0,0.0,0.0,518.623779296875,4.213125228881836,73.8,502.0,26.0,307.0,0.0,0.0,0.0,0.0,0.0,0.0,223.75743103027344,2.088124990463257,79.2,179.0,0.0,365.0,0.0,0.0,0.0,0.0,0.0,0.0,0.0,0.0,0.0,0.0,0.0,0.0,0.0,0.0,0.0,0.0,0.0,0.0
original,2.0,2.0,1.0,45.0,105.0,150.0,4,4,634.0,3.23,0.0,0.0,0.0,0.0,0.0,0.0,0.0,0.0,0.0,0.0,0.0,0.0,0.0,0.0,0.0,0.0,0.0,0.0,634.3690185546875,3.228749990463257,75.4,554.0,0.0,286.0,0.0,0.0,0.0,0.0,0.0,0.0,0.0,0.0,0.0,0.0,0.0,0.0,0.0,0.0,0.0,0.0,0.0,0.0,518.623779296875,4.213125228881836,73.8,502.0,26.0,307.0,0.0,0.0,0.0,0.0,0.0,0.0,223.75743103027344,2.088124990463257,79.2,179.0,0.0,365.0,0.0,0.0,0.0,0.0,0.0,0.0,0.0,0.0,0.0,0.0,0.0,0.0,0.0,0.0,0.0,0.0,0.0,0.0
original,2.0,2.0,1.5,45.0,180.0,225.0,4,4,634.0,3.23,0.0,0.0,0.0,0.0,0.0,0.0,0.0,0.0,0.0,0.0,0.0,0.0,0.0,0.0,0.0,0.0,0.0,0.0,634.3690185546875,3.228749990463257,75.4,554.0,0.0,286.0,0.0,0.0,0.0,0.0,0.0,0.0,0.0,0.0,0.0,0.0,0.0,0.0,0.0,0.0,0.0,0.0,0.0,0.0,518.623779296875,4.213125228881836,73.8,502.0,26.0,307.0,0.0,0.0,0.0,0.0,0.0,0.0,223.75743103027344,2.088124990463257,79.2,179.0,0.0,365.0,0.0,0.0,0.0,0.0,0.0,0.0,0.0,0.0,0.0,0.0,0.0,0.0,0.0,0.0,0.0,0.0,0.0,0.0
original,2.0,2.0,1.94,45.0,180.0,225.0,4,4,634.0,3.23,0.0,0.0,0.0,0.0,0.0,0.0,0.0,0.0,0.0,0.0,0.0,0.0,0.0,0.0,0.0,0.0,0.0,0.0,634.3690185546875,3.228749990463257,75.4,554.0,0.0,286.0,0.0,0.0,0.0,0.0,0.0,0.0,0.0,0.0,0.0,0.0,0.0,0.0,0.0,0.0,0.0,0.0,0.0,0.0,518.623779296875,4.213125228881836,73.8,502.0,26.0,307.0,0.0,0.0,0.0,0.0,0.0,0.0,223.75743103027344,2.088124990463257,79.2,179.0,0.0,365.0,0.0,0.0,0.0,0.0,0.0,0.0,0.0,0.0,0.0,0.0,0.0,0.0,0.0,0.0,0.0,0.0,0.0,0.0
original,1.0,1.0,0.05,7.5,0.0,7.5,7,4,654.0,3.29,0.0,0.0,0.0,0.0,0.0,0.0,0.0,0.0,0.0,0.0,0.0,0.0,0.0,0.0,0.0,0.0,0.0,0.0,653.5657958984375,3.291249990463257,58.8,553.0,97.0,287.0,469.754638671875,2.713124990463257,65.4,463.0,115.0,365.0,556.2401123046875,2.994374990463257,60.8,558.0,53.0,365.0,0.0,0.0,0.0,0.0,0.0,0.0,545.3478393554688,4.338125228881836,61.3,504.0,53.0,279.0,0.0,0.0,0.0,0.0,0.0,0.0,140.15325927734375,1.2287499904632568,73.5,100.0,16.0,365.0,0.0,0.0,0.0,0.0,0.0,0.0,0.0,0.0,0.0,0.0,0.0,0.0,0.0,0.0,0.0,0.0,0.0,0.0
original,1.0,1.0,0.1,15.0,0.0,15.0,7,4,654.0,3.29,0.0,0.0,0.0,0.0,0.0,0.0,0.0,0.0,0.0,0.0,0.0,0.0,0.0,0.0,0.0,0.0,0.0,0.0,653.9381103515625,3.291249990463257,60.4,557.0,98.0,287.0,469.6414489746094,2.713124990463257,67.8,464.0,117.0,365.0,555.4390258789062,3.041249990463257,63.2,561.0,53.0,365.0,0.0,0.0,0.0,0.0,0.0,0.0,544.6522216796875,4.322500228881836,62.8,507.0,54.0,290.0,0.0,0.0,0.0,0.0,0.0,0.0,140.11849975585938,1.2287499904632568,75.1,100.0,16.0,365.0,0.0,0.0,0.0,0.0,0.0,0.0,0.0,0.0,0.0,0.0,0.0,0.0,0.0,0.0,0.0,0.0,0.0,0.0
original,1.0,1.0,0.2,30.0,0.0,30.0,7,4,656.0,3.29,0.0,0.0,0.0,0.0,0.0,0.0,0.0,0.0,0.0,0.0,0.0,0.0,0.0,0.0,0.0,0.0,0.0,0.0,655.5856323242188,3.291249990463257,63.3,563.0,98.0,287.0,469.31121826171875,2.697499990463257,70.2,465.0,117.0,365.0,554.351318359375,2.994374990463257,66.4,562.0,49.0,365.0,0.0,0.0,0.0,0.0,0.0,0.0,544.9530029296875,4.322500228881836,65.3,514.0,54.0,288.0,0.0,0.0,0.0,0.0,0.0,0.0,140.09747314453125,1.2287499904632568,76.8,100.0,17.0,365.0,0.0,0.0,0.0,0.0,0.0,0.0,0.0,0.0,0.0,0.0,0.0,0.0,0.0,0.0,0.0,0.0,0.0,0.0
original,1.0,1.0,0.299999,44.99985122680664,0.0,44.99985122680664,7,4,658.0,3.29,0.0,0.0,0.0,0.0,0.0,0.0,0.0,0.0,0.0,0.0,0.0,0.0,0.0,0.0,0.0,0.0,0.0,0.0,657.626220703125,3.291249990463257,65.9,564.0,95.0,287.0,469.02716064453125,2.666249990463257,71.5,466.0,118.0,365.0,553.6213989257812,3.009999990463257,68.0,563.0,45.0,365.0,0.0,0.0,0.0,0.0,0.0,0.0,544.9530029296875,4.322500228881836,67.3,518.0,53.0,288.0,0.0,0.0,0.0,0.0,0.0,0.0,140.03402709960938,1.2287499904632568,78.0,100.0,16.0,365.0,0.0,0.0,0.0,0.0,0.0,0.0,0.0,0.0,0.0,0.0,0.0,0.0,0.0,0.0,0.0,0.0,0.0,0.0
original,1.0,1.0,0.3,45.0,0.0,45.0,7,4,658.0,3.29,0.0,0.0,0.0,0.0,0.0,0.0,0.0,0.0,0.0,0.0,0.0,0.0,0.0,0.0,0.0,0.0,0.0,0.0,657.626220703125,3.291249990463257,65.9,564.0,95.0,287.0,469.02716064453125,2.666249990463257,71.5,466.0,118.0,365.0,553.6213989257812,3.009999990463257,68.0,563.0,45.0,365.0,0.0,0.0,0.0,0.0,0.0,0.0,544.9530029296875,4.322500228881836,67.3,518.0,53.0,288.0,0.0,0.0,0.0,0.0,0.0,0.0,140.03402709960938,1.2287499904632568,78.0,100.0,16.0,365.0,0.0,0.0,0.0,0.0,0.0,0.0,0.0,0.0,0.0,0.0,0.0,0.0,0.0,0.0,0.0,0.0,0.0,0.0
original,1.0,1.0,0.300001,45.0,0.0001500000071246177,45.00014877319336,7,4,658.0,3.29,0.0,0.0,0.0,0.0,0.0,0.0,0.0,0.0,0.0,0.0,0.0,0.0,0.0,0.0,0.0,0.0,0.0,0.0,657.626220703125,3.291249990463257,73.1,564.0,17.0,287.0,595.9944458007812,3.541249990463257,75.1,590.0,1.0,365.0,584.5419311523438,3.197499990463257,70.4,599.0,7.0,365.0,0.0,0.0,0.0,0.0,0.0,0.0,543.5612182617188,4.306875228881836,71.1,516.0,29.0,301.0,0.0,0.0,0.0,0.0,0.0,0.0,232.09408569335938,2.103749990463257,78.1,183.0,0.0,365.0,0.0,0.0,0.0,0.0,0.0,0.0,0.0,0.0,0.0,0.0,0.0,0.0,0.0,0.0,0.0,0.0,0.0,0.0
original,1.0,1.0,0.35,45.0,7.5,52.5,7,4,658.0,3.29,0.0,0.0,0.0,0.0,0.0,0.0,0.0,0.0,0.0,0.0,0.0,0.0,0.0,0.0,0.0,0.0,0.0,0.0,657.626220703125,3.291249990463257,73.4,564.0,0.0,287.0,595.9944458007812,3.541249990463257,75.1,590.0,0.0,365.0,584.5419311523438,3.197499990463257,70.4,599.0,0.0,365.0,0.0,0.0,0.0,0.0,0.0,0.0,542.4743041992188,4.291250228881836,71.5,515.0,28.0,312.0,0.0,0.0,0.0,0.0,0.0,0.0,232.09408569335938,2.103749990463257,78.1,183.0,0.0,365.0,0.0,0.0,0.0,0.0,0.0,0.0,0.0,0.0,0.0,0.0,0.0,0.0,0.0,0.0,0.0,0.0,0.0,0.0
original,1.0,1.0,0.5,45.0,30.0,75.0,7,4,658.0,3.29,0.0,0.0,0.0,0.0,0.0,0.0,0.0,0.0,0.0,0.0,0.0,0.0,0.0,0.0,0.0,0.0,0.0,0.0,657.626220703125,3.291249990463257,73.4,564.0,0.0,287.0,595.9944458007812,3.541249990463257,75.1,590.0,0.0,365.0,584.5419311523438,3.197499990463257,70.4,599.0,0.0,365.0,0.0,0.0,0.0,0.0,0.0,0.0,542.4743041992188,4.291250228881836,71.5,515.0,27.0,312.0,0.0,0.0,0.0,0.0,0.0,0.0,232.09408569335938,2.103749990463257,78.1,183.0,0.0,365.0,0.0,0.0,0.0,0.0,0.0,0.0,0.0,0.0,0.0,0.0,0.0,0.0,0.0,0.0,0.0,0.0,0.0,0.0
original,1.0,1.0,1.0,45.0,105.0,150.0,7,4,658.0,3.29,0.0,0.0,0.0,0.0,0.0,0.0,0.0,0.0,0.0,0.0,0.0,0.0,0.0,0.0,0.0,0.0,0.0,0.0,657.626220703125,3.291249990463257,73.4,564.0,0.0,287.0,595.9944458007812,3.541249990463257,75.1,590.0,0.0,365.0,584.5419311523438,3.197499990463257,70.4,599.0,0.0,365.0,0.0,0.0,0.0,0.0,0.0,0.0,542.4743041992188,4.291250228881836,71.5,515.0,27.0,312.0,0.0,0.0,0.0,0.0,0.0,0.0,232.09408569335938,2.103749990463257,78.1,183.0,0.0,365.0,0.0,0.0,0.0,0.0,0.0,0.0,0.0,0.0,0.0,0.0,0.0,0.0,0.0,0.0,0.0,0.0,0.0,0.0
original,1.0,1.0,1.5,45.0,180.0,225.0,7,4,658.0,3.29,0.0,0.0,0.0,0.0,0.0,0.0,0.0,0.0,0.0,0.0,0.0,0.0,0.0,0.0,0.0,0.0,0.0,0.0,657.626220703125,3.291249990463257,73.4,564.0,0.0,287.0,595.9944458007812,3.541249990463257,75.1,590.0,0.0,365.0,584.5419311523438,3.197499990463257,70.4,599.0,0.0,365.0,0.0,0.0,0.0,0.0,0.0,0.0,542.4743041992188,4.291250228881836,71.5,515.0,27.0,312.0,0.0,0.0,0.0,0.0,0.0,0.0,232.09408569335938,2.103749990463257,78.1,183.0,0.0,365.0,0.0,0.0,0.0,0.0,0.0,0.0,0.0,0.0,0.0,0.0,0.0,0.0,0.0,0.0,0.0,0.0,0.0,0.0
original,1.0,1.0,1.94,45.0,180.0,225.0,7,4,658.0,3.29,0.0,0.0,0.0,0.0,0.0,0.0,0.0,0.0,0.0,0.0,0.0,0.0,0.0,0.0,0.0,0.0,0.0,0.0,657.626220703125,3.291249990463257,73.4,564.0,0.0,287.0,595.9944458007812,3.541249990463257,75.1,590.0,0.0,365.0,584.5419311523438,3.197499990463257,70.4,599.0,0.0,365.0,0.0,0.0,0.0,0.0,0.0,0.0,542.4743041992188,4.291250228881836,71.5,515.0,27.0,312.0,0.0,0.0,0.0,0.0,0.0,0.0,232.09408569335938,2.103749990463257,78.1,183.0,0.0,365.0,0.0,0.0,0.0,0.0,0.0,0.0,0.0,0.0,0.0,0.0,0.0,0.0,0.0,0.0,0.0,0.0,0.0,0.0
original,0.0,0.0,0.05,7.5,0.0,7.5,7,4,724.0,3.39,0.0,0.0,0.0,0.0,0.0,0.0,0.0,0.0,0.0,0.0,0.0,0.0,0.0,0.0,0.0,0.0,0.0,0.0,724.0145263671875,3.384999990463257,59.1,557.0,111.0,287.0,531.2989501953125,2.900624990463257,65.4,463.0,128.0,365.0,614.8618774414062,3.150624990463257,61.0,556.0,60.0,365.0,0.0,0.0,0.0,0.0,0.0,0.0,608.5730590820312,4.525625228881836,61.8,503.0,60.0,278.0,0.0,0.0,0.0,0.0,0.0,0.0,163.03155517578125,1.3224999904632568,73.4,100.0,16.0,365.0,0.0,0.0,0.0,0.0,0.0,0.0,0.0,0.0,0.0,0.0,0.0,0.0,0.0,0.0,0.0,0.0,0.0,0.0
original,0.0,0.0,0.1,15.0,0.0,15.0,7,4,724.0,3.39,0.0,0.0,0.0,0.0,0.0,0.0,0.0,0.0,0.0,0.0,0.0,0.0,0.0,0.0,0.0,0.0,0.0,0.0,723.7836303710938,3.384999990463257,60.3,561.0,110.0,287.0,531.1559448242188,2.916249990463257,68.3,465.0,128.0,365.0,614.644287109375,3.166249990463257,63.2,560.0,58.0,365.0,0.0,0.0,0.0,0.0,0.0,0.0,607.766357421875,4.510000228881836,63.3,506.0,60.0,290.0,0.0,0.0,0.0,0.0,0.0,0.0,163.00686645507812,1.3537499904632568,75.0,100.0,17.0,365.0,0.0,0.0,0.0,0.0,0.0,0.0,0.0,0.0,0.0,0.0,0.0,0.0,0.0,0.0,0.0,0.0,0.0,0.0
original,0.0,0.0,0.2,30.0,0.0,30.0,7,4,725.0,3.39,0.0,0.0,0.0,0.0,0.0,0.0,0.0,0.0,0.0,0.0,0.0,0.0,0.0,0.0,0.0,0.0,0.0,0.0,724.9791870117188,3.384999990463257,63.8,567.0,110.0,287.0,530.6494140625,2.916249990463257,70.4,467.0,129.0,365.0,613.68701171875,3.150624990463257,66.9,562.0,54.0,365.0,0.0,0.0,0.0,0.0,0.0,0.0,608.2113647460938,4.541250228881836,65.7,513.0,61.0,287.0,0.0,0.0,0.0,0.0,0.0,0.0,162.94293212890625,1.3224999904632568,76.9,100.0,17.0,365.0,0.0,0.0,0.0,0.0,0.0,0.0,0.0,0.0,0.0,0.0,0.0,0.0,0.0,0.0,0.0,0.0,0.0,0.0
original,0.0,0.0,0.299999,44.99985122680664,0.0,44.99985122680664,7,4,725.0,3.39,0.0,0.0,0.0,0.0,0.0,0.0,0.0,0.0,0.0,0.0,0.0,0.0,0.0,0.0,0.0,0.0,0.0,0.0,724.9791870117188,3.384999990463257,66.3,568.0,107.0,287.0,530.1386108398438,2.931874990463257,71.8,469.0,130.0,365.0,612.8052368164062,3.134999990463257,68.6,562.0,49.0,365.0,0.0,0.0,0.0,0.0,0.0,0.0,608.2166137695312,4.525625228881836,67.9,517.0,59.0,287.0,0.0,0.0,0.0,0.0,0.0,0.0,162.77012634277344,1.3224999904632568,77.9,100.0,17.0,365.0,0.0,0.0,0.0,0.0,0.0,0.0,0.0,0.0,0.0,0.0,0.0,0.0,0.0,0.0,0.0,0.0,0.0,0.0
original,0.0,0.0,0.3,45.0,0.0,45.0,7,4,725.0,3.39,0.0,0.0,0.0,0.0,0.0,0.0,0.0,0.0,0.0,0.0,0.0,0.0,0.0,0.0,0.0,0.0,0.0,0.0,724.9791870117188,3.384999990463257,66.3,568.0,107.0,287.0,530.1386108398438,2.931874990463257,71.8,469.0,130.0,365.0,612.8052368164062,3.134999990463257,68.6,562.0,49.0,365.0,0.0,0.0,0.0,0.0,0.0,0.0,608.2166137695312,4.525625228881836,67.9,517.0,59.0,287.0,0.0,0.0,0.0,0.0,0.0,0.0,162.77012634277344,1.3224999904632568,77.9,100.0,17.0,365.0,0.0,0.0,0.0,0.0,0.0,0.0,0.0,0.0,0.0,0.0,0.0,0.0,0.0,0.0,0.0,0.0,0.0,0.0
original,0.0,0.0,0.300001,45.0,0.0001500000071246177,45.00014877319336,7,4,725.0,3.39,0.0,0.0,0.0,0.0,0.0,0.0,0.0,0.0,0.0,0.0,0.0,0.0,0.0,0.0,0.0,0.0,0.0,0.0,724.9791870117188,3.384999990463257,73.3,568.0,20.0,287.0,650.2013549804688,3.650624990463257,75.0,574.0,12.0,365.0,640.4837036132812,3.447499990463257,70.8,599.0,9.0,365.0,0.0,0.0,0.0,0.0,0.0,0.0,606.4053344726562,4.494375228881836,71.4,515.0,32.0,304.0,0.0,0.0,0.0,0.0,0.0,0.0,268.7486267089844,2.291249990463257,78.2,183.0,0.0,365.0,0.0,0.0,0.0,0.0,0.0,0.0,0.0,0.0,0.0,0.0,0.0,0.0,0.0,0.0,0.0,0.0,0.0,0.0
original,0.0,0.0,0.35,45.0,7.5,52.5,7,4,725.0,3.39,0.0,0.0,0.0,0.0,0.0,0.0,0.0,0.0,0.0,0.0,0.0,0.0,0.0,0.0,0.0,0.0,0.0,0.0,724.9791870117188,3.384999990463257,73.7,568.0,0.0,287.0,650.3877563476562,4.025625228881836,75.3,593.0,0.0,365.0,641.4603271484375,3.369374990463257,70.8,601.0,1.0,365.0,0.0,0.0,0.0,0.0,0.0,0.0,605.1050415039062,4.478750228881836,71.8,514.0,31.0,316.0,0.0,0.0,0.0,0.0,0.0,0.0,268.7486267089844,2.291249990463257,78.2,183.0,0.0,365.0,0.0,0.0,0.0,0.0,0.0,0.0,0.0,0.0,0.0,0.0,0.0,0.0,0.0,0.0,0.0,0.0,0.0,0.0
original,0.0,0.0,0.5,45.0,30.0,75.0,7,4,725.0,3.39,0.0,0.0,0.0,0.0,0.0,0.0,0.0,0.0,0.0,0.0,0.0,0.0,0.0,0.0,0.0,0.0,0.0,0.0,724.9791870117188,3.384999990463257,73.7,568.0,0.0,287.0,650.3877563476562,4.025625228881836,75.4,593.0,0.0,365.0,641.4603271484375,3.369374990463257,70.8,601.0,0.0,365.0,0.0,0.0,0.0,0.0,0.0,0.0,605.1050415039062,4.478750228881836,71.8,514.0,30.0,316.0,0.0,0.0,0.0,0.0,0.0,0.0,268.7486267089844,2.291249990463257,78.2,183.0,0.0,365.0,0.0,0.0,0.0,0.0,0.0,0.0,0.0,0.0,0.0,0.0,0.0,0.0,0.0,0.0,0.0,0.0,0.0,0.0
original,0.0,0.0,1.0,45.0,105.0,150.0,7,4,725.0,3.39,0.0,0.0,0.0,0.0,0.0,0.0,0.0,0.0,0.0,0.0,0.0,0.0,0.0,0.0,0.0,0.0,0.0,0.0,724.9791870117188,3.384999990463257,73.7,568.0,0.0,287.0,650.3877563476562,4.025625228881836,75.4,593.0,0.0,365.0,641.4603271484375,3.369374990463257,70.8,601.0,0.0,365.0,0.0,0.0,0.0,0.0,0.0,0.0,605.1050415039062,4.478750228881836,71.9,514.0,30.0,316.0,0.0,0.0,0.0,0.0,0.0,0.0,268.7486267089844,2.291249990463257,78.2,183.0,0.0,365.0,0.0,0.0,0.0,0.0,0.0,0.0,0.0,0.0,0.0,0.0,0.0,0.0,0.0,0.0,0.0,0.0,0.0,0.0
original,0.0,0.0,1.5,45.0,180.0,225.0,7,4,725.0,3.39,0.0,0.0,0.0,0.0,0.0,0.0,0.0,0.0,0.0,0.0,0.0,0.0,0.0,0.0,0.0,0.0,0.0,0.0,724.9791870117188,3.384999990463257,73.7,568.0,0.0,287.0,650.3877563476562,4.025625228881836,75.4,593.0,0.0,365.0,641.4603271484375,3.369374990463257,70.8,601.0,0.0,365.0,0.0,0.0,0.0,0.0,0.0,0.0,605.1050415039062,4.478750228881836,71.9,514.0,30.0,316.0,0.0,0.0,0.0,0.0,0.0,0.0,268.7486267089844,2.291249990463257,78.2,183.0,0.0,365.0,0.0,0.0,0.0,0.0,0.0,0.0,0.0,0.0,0.0,0.0,0.0,0.0,0.0,0.0,0.0,0.0,0.0,0.0
original,0.0,0.0,1.94,45.0,180.0,225.0,7,4,725.0,3.39,0.0,0.0,0.0,0.0,0.0,0.0,0.0,0.0,0.0,0.0,0.0,0.0,0.0,0.0,0.0,0.0,0.0,0.0,724.9791870117188,3.384999990463257,73.7,568.0,0.0,287.0,650.3877563476562,4.025625228881836,75.4,593.0,0.0,365.0,641.4603271484375,3.369374990463257,70.8,601.0,0.0,365.0,0.0,0.0,0.0,0.0,0.0,0.0,605.1050415039062,4.478750228881836,71.9,514.0,30.0,316.0,0.0,0.0,0.0,0.0,0.0,0.0,268.7486267089844,2.291249990463257,78.2,183.0,0.0,365.0,0.0,0.0,0.0,0.0,0.0,0.0,0.0,0.0,0.0,0.0,0.0,0.0,0.0,0.0,0.0,0.0,0.0,0.0
mckenzie2003,6.0,6.0,0.05,11.850000381469727,0.0,11.850000381469727,20,8,339.0,2.45,0.0,0.0,0.0,0.0,0.0,0.0,0.0,0.0,0.0,0.0,0.0,0.0,0.0,0.0,0.0,0.0,0.0,0.0,355.4394226074219,1.6037499904632568,66.0,303.0,130.0,287.0,0.0,0.0,0.0,0.0,0.0,0.0,0.0,0.0,0.0,0.0,0.0,0.0,0.0,0.0,0.0,0.0,0.0,0.0,339.1015319824219,2.447499990463257,66.1,305.0,124.0,222.0,0.0,0.0,0.0,0.0,0.0,0.0,39.136104583740234,0.43187499046325684,74.8,23.0,14.0,365.0,0.0,0.0,0.0,0.0,0.0,0.0,0.0,0.0,0.0,0.0,0.0,0.0,0.0,0.0,0.0,0.0,0.0,0.0
mckenzie2003,6.0,6.0,0.1,23.450000762939453,0.0,23.450000762939453,4,4,515.0,2.7,0.0,0.0,0.0,0.0,0.0,0.0,0.0,0.0,0.0,0.0,0.0,0.0,0.0,0.0,0.0,0.0,0.0,0.0,515.3939819335938,2.697499990463257,66.6,485.0,188.0,287.0,0.0,0.0,0.0,0.0,0.0,0.0,0.0,0.0,0.0,0.0,0.0,0.0,0.0,0.0,0.0,0.0,0.0,0.0,461.0190734863281,4.025625228881836,66.6,462.0,166.0,264.0,0.0,0.0,0.0,0.0,0.0,0.0,60.57504653930664,0.5881249904632568,76.4,42.0,22.0,365.0,0.0,0.0,0.0,0.0,0.0,0.0,0.0,0.0,0.0,0.0,0.0,0.0,0.0,0.0,0.0,0.0,0.0,0.0
mckenzie2003,6.0,6.0,0.2,45.95000076293945,0.0,45.95000076293945,4,4,571.0,3.07,0.0,0.0,0.0,0.0,0.0,0.0,0.0,0.0,0.0,0.0,0.0,0.0,0.0,0.0,0.0,0.0,0.0,0.0,570.8973999023438,3.072499990463257,69.2,532.0,103.0,287.0,0.0,0.0,0.0,0.0,0.0,0.0,0.0,0.0,0.0,0.0,0.0,0.0,0.0,0.0,0.0,0.0,0.0,0.0,468.2459716796875,4.072500228881836,69.6,485.0,54.0,269.0,0.0,0.0,0.0,0.0,0.0,0.0,98.64836120605469,0.9474999904632568,77.9,73.0,21.0,365.0,0.0,0.0,0.0,0.0,0.0,0.0,0.0,0.0,0.0,0.0,0.0,0.0,0.0,0.0,0.0,0.0,0.0,0.0
mckenzie2003,6.0,6.0,0.299999,67.7497787475586,0.0,67.7497787475586,4,4,571.0,3.07,0.0,0.0,0.0,0.0,0.0,0.0,0.0,0.0,0.0,0.0,0.0,0.0,0.0,0.0,0.0,0.0,0.0,0.0,570.8973999023438,3.072499990463257,71.3,532.0,60.0,287.0,0.0,0.0,0.0,0.0,0.0,0.0,0.0,0.0,0.0,0.0,0.0,0.0,0.0,0.0,0.0,0.0,0.0,0.0,466.2969055175781,4.056875228881836,72.2,483.0,46.0,291.0,0.0,0.0,0.0,0.0,0.0,0.0,125.33895874023438,1.2287499904632568,78.9,96.0,14.0,365.0,0.0,0.0,0.0,0.0,0.0,0.0,0.0,0.0,0.0,0.0,0.0,0.0,0.0,0.0,0.0,0.0,0.0,0.0
mckenzie2003,6.0,6.0,0.3,67.75,0.0,67.75,4,4,571.0,3.07,0.0,0.0,0.0,0.0,0.0,0.0,0.0,0.0,0.0,0.0,0.0,0.0,0.0,0.0,0.0,0.0,0.0,0.0,570.8973999023438,3.072499990463257,71.3,532.0,60.0,287.0,0.0,0.0,0.0,0.0,0.0,0.0,0.0,0.0,0.0,0.0,0.0,0.0,0.0,0.0,0.0,0.0,0.0,0.0,466.2969055175781,4.056875228881836,72.2,483.0,46.0,291.0,0.0,0.0,0.0,0.0,0.0,0.0,125.33895874023438,1.2287499904632568,78.9,96.0,14.0,365.0,0.0,0.0,0.0,0.0,0.0,0.0,0.0,0.0,0.0,0.0,0.0,0.0,0.0,0.0,0.0,0.0,0.0,0.0
mckenzie2003,6.0,6.0,0.300001,67.75,0.00020700000459328294,67.75020599365234,4,4,571.0,3.07,0.0,0.0,0.0,0.0,0.0,0.0,0.0,0.0,0.0,0.0,0.0,0.0,0.0,0.0,0.0,0.0,0.0,0.0,570.8973999023438,3.072499990463257,71.3,532.0,60.0,287.0,0.0,0.0,0.0,0.0,0.0,0.0,0.0,0.0,0.0,0.0,0.0,0.0,0.0,0.0,0.0,0.0,0.0,0.0,466.2969055175781,4.056875228881836,72.2,483.0,46.0,291.0,0.0,0.0,0.0,0.0,0.0,0.0,125.33895874023438,1.2287499904632568,78.9,96.0,14.0,365.0,0.0,0.0,0.0,0.0,0.0,0.0,0.0,0.0,0.0,0.0,0.0,0.0,0.0,0.0,0.0,0.0,0.0,0.0
mckenzie2003,6.0,6.0,0.35,67.75,10.350000381469727,78.0999984741211,4,4,571.0,3.07,0.0,0.0,0.0,0.0,0.0,0.0,0.0,0.0,0.0,0.0,0.0,0.0,0.0,0.0,0.0,0.0,0.0,0.0,570.8973999023438,3.072499990463257,72.8,532.0,51.0,287.0,0.0,0.0,0.0,0.0,0.0,0.0,0.0,0.0,0.0,0.0,0.0,0.0,0.0,0.0,0.0,0.0,0.0,0.0,465.271728515625,4.041250228881836,73.2,482.0,41.0,300.0,0.0,0.0,0.0,0.0,0.0,0.0,135.83656311035156,1.3224999904632568,78.9,106.0,14.0,365.0,0.0,0.0,0.0,0.0,0.0,0.0,0.0,0.0,0.0,0.0,0.0,0.0,0.0,0.0,0.0,0.0,0.0,0.0
mckenzie2003,6.0,6.0,0.5,67.75,41.400001525878906,109.1500015258789,4,4,571.0,3.07,0.0,0.0,0.0,0.0,0.0,0.0,0.0,0.0,0.0,0.0,0.0,0.0,0.0,0.0,0.0,0.0,0.0,0.0,570.8973999023438,3.072499990463257,74.6,532.0,6.0,287.0,0.0,0.0,0.0,0.0,0.0,0.0,0.0,0.0,0.0,0.0,0.0,0.0,0.0,0.0,0.0,0.0,0.0,0.0,465.271728515625,4.041250228881836,74.1,482.0,27.0,300.0,0.0,0.0,0.0,0.0,0.0,0.0,159.1985626220703,1.5724999904632568,78.9,128.0,1.0,365.0,0.0,0.0,0.0,0.0,0.0,0.0,0.0,0.0,0.0,0.0,0.0,0.0,0.0,0.0,0.0,0.0,0.0,0.0
mckenzie2003,6.0,6.0,1.0,67.75,141.3000030517578,209.0500030517578,4,4,571.0,3.07,0.0,0.0,0.0,0.0,0.0,0.0,0.0,0.0,0.0,0.0,0.0,0.0,0.0,0.0,0.0,0.0,0.0,0.0,570.8973999023438,3.072499990463257,75.7,532.0,0.0,287.0,0.0,0.0,0.0,0.0,0.0,0.0,0.0,0.0,0.0,0.0,0.0,0.0,0.0,0.0,0.0,0.0,0.0,0.0,465.271728515625,4.041250228881836,74.5,482.0,15.0,300.0,0.0,0.0,0.0,0.0,0.0,0.0,191.74229431152344,1.9318749904632568,79.2,161.0,0.0,365.0,0.0,0.0,0.0,0.0,0.0,0.0,0.0,0.0,0.0,0.0,0.0,0.0,0.0,0.0,0.0,0.0,0.0,0.0
mckenzie2003,6.0,6.0,1.5,67.75,230.8000030517578,298.54998779296875,4,4,571.0,3.07,0.0,0.0,0.0,0.0,0.0,0.0,0.0,0.0,0.0,0.0,0.0,0.0,0.0,0.0,0.0,0.0,0.0,0.0,570.8973999023438,3.072499990463257,75.8,532.0,0.0,287.0,0.0,0.0,0.0,0.0,0.0,0.0,0.0,0.0,0.0,0.0,0.0,0.0,0.0,0.0,0.0,0.0,0.0,0.0,465.271728515625,4.041250228881836,74.5,482.0,14.0,300.0,0.0,0.0,0.0,0.0,0.0,0.0,200.07444763183594,1.9631249904632568,79.2,170.0,0.0,365.0,0.0,0.0,0.0,0.0,0.0,0.0,0.0,0.0,0.0,0.0,0.0,0.0,0.0,0.0,0.0,0.0,0.0,0.0
mckenzie2003,6.0,6.0,1.94,67.75,230.8000030517578,298.54998779296875,4,4,571.0,3.07,0.0,0.0,0.0,0.0,0.0,0.0,0.0,0.0,0.0,0.0,0.0,0.0,0.0,0.0,0.0,0.0,0.0,0.0,570.8973999023438,3.072499990463257,75.8,532.0,0.0,287.0,0.0,0.0,0.0,0.0,0.0,0.0,0.0,0.0,0.0,0.0,0.0,0.0,0.0,0.0,0.0,0.0,0.0,0.0,465.271728515625,4.041250228881836,74.5,482.0,14.0,300.0,0.0,0.0,0.0,0.0,0.0,0.0,200.07444763183594,1.9631249904632568,79.2,170.0,0.0,365.0,0.0,0.0,0.0,0.0,0.0,0.0,0.0,0.0,0.0,0.0,0.0,0.0,0.0,0.0,0.0,0.0,0.0,0.0
mckenzie2003,5.0,5.0,0.05,11.850000381469727,0.0,11.850000381469727,20,8,342.0,2.53,0.0,0.0,0.0,0.0,0.0,0.0,0.0,0.0,0.0,0.0,0.0,0.0,0.0,0.0,0.0,0.0,0.0,0.0,350.6139831542969,1.6818749904632568,66.4,299.0,128.0,287.0,0.0,0.0,0.0,0.0,0.0,0.0,0.0,0.0,0.0,0.0,0.0,0.0,0.0,0.0,0.0,0.0,0.0,0.0,342.3262634277344,2.525624990463257,66.2,295.0,125.0,245.0,0.0,0.0,0.0,0.0,0.0,0.0,39.88581085205078,0.46312499046325684,74.9,23.0,15.0,365.0,0.0,0.0,0.0,0.0,0.0,0.0,0.0,0.0,0.0,0.0,0.0,0.0,0.0,0.0,0.0,0.0,0.0,0.0
mckenzie2003,5.0,5.0,0.1,23.450000762939453,0.0,23.450000762939453,4,4,501.0,2.7,0.0,0.0,0.0,0.0,0.0,0.0,0.0,0.0,0.0,0.0,0.0,0.0,0.0,0.0,0.0,0.0,0.0,0.0,500.82177734375,2.697499990463257,66.9,472.0,183.0,287.0,0.0,0.0,0.0,0.0,0.0,0.0,0.0,0.0,0.0,0.0,0.0,0.0,0.0,0.0,0.0,0.0,0.0,0.0,443.7630615234375,4.025625228881836,66.9,434.0,160.0,266.0,0.0,0.0,0.0,0.0,0.0,0.0,65.90371704101562,0.8693749904632568,76.5,43.0,24.0,365.0,0.0,0.0,0.0,0.0,0.0,0.0,0.0,0.0,0.0,0.0,0.0,0.0,0.0,0.0,0.0,0.0,0.0,0.0
mckenzie2003,5.0,5.0,0.2,45.95000076293945,0.0,45.95000076293945,4,4,547.0,3.01,0.0,0.0,0.0,0.0,0.0,0.0,0.0,0.0,0.0,0.0,0.0,0.0,0.0,0.0,0.0,0.0,0.0,0.0,546.5179443359375,3.009999990463257,69.0,518.0,98.0,287.0,0.0,0.0,0.0,0.0,0.0,0.0,0.0,0.0,0.0,0.0,0.0,0.0,0.0,0.0,0.0,0.0,0.0,0.0,454.8169250488281,4.025625228881836,69.5,460.0,53.0,272.0,0.0,0.0,0.0,0.0,0.0,0.0,99.69673156738281,0.9787499904632568,78.2,73.0,23.0,365.0,0.0,0.0,0.0,0.0,0.0,0.0,0.0,0.0,0.0,0.0,0.0,0.0,0.0,0.0,0.0,0.0,0.0,0.0
mckenzie2003,5.0,5.0,0.299999,67.7497787475586,0.0,67.7497787475586,4,4,551.0,3.06,0.0,0.0,0.0,0.0,0.0,0.0,0.0,0.0,0.0,0.0,0.0,0.0,0.0,0.0,0.0,0.0,0.0,0.0,550.870849609375,3.056874990463257,71.0,520.0,57.0,287.0,0.0,0.0,0.0,0.0,0.0,0.0,0.0,0.0,0.0,0.0,0.0,0.0,0.0,0.0,0.0,0.0,0.0,0.0,452.60662841796875,4.025625228881836,72.3,457.0,43.0,299.0,0.0,0.0,0.0,0.0,0.0,0.0,126.14337158203125,1.2443749904632568,79.2,96.0,14.0,365.0,0.0,0.0,0.0,0.0,0.0,0.0,0.0,0.0,0.0,0.0,0.0,0.0,0.0,0.0,0.0,0.0,0.0,0.0
mckenzie2003,5.0,5.0,0.3,67.75,0.0,67.75,4,4,551.0,3.06,0.0,0.0,0.0,0.0,0.0,0.0,0.0,0.0,0.0,0.0,0.0,0.0,0.0,0.0,0.0,0.0,0.0,0.0,550.870849609375,3.056874990463257,71.0,520.0,57.0,287.0,0.0,0.0,0.0,0.0,0.0,0.0,0.0,0.0,0.0,0.0,0.0,0.0,0.0,0.0,0.0,0.0,0.0,0.0,452.60662841796875,4.025625228881836,72.3,457.0,43.0,299.0,0.0,0.0,0.0,0.0,0.0,0.0,126.14337158203125,1.2443749904632568,79.2,96.0,14.0,365.0,0.0,0.0,0.0,0.0,0.0,0.0,0.0,0.0,0.0,0.0,0.0,0.0,0.0,0.0,0.0,0.0,0.0,0.0
mckenzie2003,5.0,5.0,0.300001,67.75,0.00020700000459328294,67.75020599365234,4,4,551.0,3.06,0.0,0.0,0.0,0.0,0.0,0.0,0.0,0.0,0.0,0.0,0.0,0.0,0.0,0.0,0.0,0.0,0.0,0.0,550.870849609375,3.056874990463257,71.0,520.0,57.0,287.0,0.0,0.0,0.0,0.0,0.0,0.0,0.0,0.0,0.0,0.0,0.0,0.0,0.0,0.0,0.0,0.0,0.0,0.0,452.60662841796875,4.025625228881836,72.3,457.0,43.0,299.0,0.0,0.0,0.0,0.0,0.0,0.0,126.14337158203125,1.2443749904632568,79.2,96.0,14.0,365.0,0.0,0.0,0.0,0.0,0.0,0.0,0.0,0.0,0.0,0.0,0.0,0.0,0.0,0.0,0.0,0.0,0.0,0.0
mckenzie2003,5.0,5.0,0.35,67.75,10.350000381469727,78.0999984741211,4,4,551.0,3.06,0.0,0.0,0.0,0.0,0.0,0.0,0.0,0.0,0.0,0.0,0.0,0.0,0.0,0.0,0.0,0.0,0.0,0.0,550.870849609375,3.056874990463257,72.5,520.0,48.0,287.0,0.0,0.0,0.0,0.0,0.0,0.0,0.0,0.0,0.0,0.0,0.0,0.0,0.0,0.0,0.0,0.0,0.0,0.0,452.0486755371094,4.025625228881836,73.2,457.0,38.0,305.0,0.0,0.0,0.0,0.0,0.0,0.0,136.6359405517578,1.3693749904632568,79.2,106.0,14.0,365.0,0.0,0.0,0.0,0.0,0.0,0.0,0.0,0.0,0.0,0.0,0.0,0.0,0.0,0.0,0.0,0.0,0.0,0.0
mckenzie2003,5.0,5.0,0.5,67.75,41.400001525878906,109.1500015258789,4,4,551.0,3.06,0.0,0.0,0.0,0.0,0.0,0.0,0.0,0.0,0.0,0.0,0.0,0.0,0.0,0.0,0.0,0.0,0.0,0.0,550.870849609375,3.056874990463257,74.5,520.0,6.0,287.0,0.0,0.0,0.0,0.0,0.0,0.0,0.0,0.0,0.0,0.0,0.0,0.0,0.0,0.0,0.0,0.0,0.0,0.0,452.0486755371094,4.025625228881836,74.2,457.0,25.0,305.0,0.0,0.0,0.0,0.0,0.0,0.0,159.63340759277344,1.6037499904632568,79.2,128.0,1.0,365.0,0.0,0.0,0.0,0.0,0.0,0.0,0.0,0.0,0.0,0.0,0.0,0.0,0.0,0.0,0.0,0.0,0.0,0.0
mckenzie2003,5.0,5.0,1.0,67.75,141.3000030517578,209.0500030517578,4,4,551.0,3.06,0.0,0.0,0.0,0.0,0.0,0.0,0.0,0.0,0.0,0.0,0.0,0.0,0.0,0.0,0.0,0.0,0.0,0.0,550.870849609375,3.056874990463257,75.8,520.0,0.0,287.0,0.0,0.0,0.0,0.0,0.0,0.0,0.0,0.0,0.0,0.0,0.0,0.0,0.0,0.0,0.0,0.0,0.0,0.0,452.0486755371094,4.025625228881836,74.7,457.0,14.0,305.0,0.0,0.0,0.0,0.0,0.0,0.0,191.4724884033203,1.9943749904632568,79.3,161.0,0.0,365.0,0.0,0.0,0.0,0.0,0.0,0.0,0.0,0.0,0.0,0.0,0.0,0.0,0.0,0.0,0.0,0.0,0.0,0.0
mckenzie2003,5.0,5.0,1.5,67.75,230.8000030517578,298.54998779296875,4,4,551.0,3.06,0.0,0.0,0.0,0.0,0.0,0.0,0.0,0.0,0.0,0.0,0.0,0.0,0.0,0.0,0.0,0.0,0.0,0.0,550.870849609375,3.056874990463257,75.9,520.0,0.0,287.0,0.0,0.0,0.0,0.0,0.0,0.0,0.0,0.0,0.0,0.0,0.0,0.0,0.0,0.0,0.0,0.0,0.0,0.0,452.0486755371094,4.025625228881836,74.7,457.0,13.0,305.0,0.0,0.0,0.0,0.0,0.0,0.0,199.6462860107422,2.072499990463257,79.3,170.0,0.0,365.0,0.0,0.0,0.0,0.0,0.0,0.0,0.0,0.0,0.0,0.0,0.0,0.0,0.0,0.0,0.0,0.0,0.0,0.0
mckenzie2003,5.0,5.0,1.94,67.75,230.8000030517578,298.54998779296875,4,4,551.0,3.06,0.0,0.0,0.0,0.0,0.0,0.0,0.0,0.0,0.0,0.0,0.0,0.0,0.0,0.0,0.0,0.0,0.0,0.0,550.870849609375,3.056874990463257,75.9,520.0,0.0,287.0,0.0,0.0,0.0,0.0,0.0,0.0,0.0,0.0,0.0,0.0,0.0,0.0,0.0,0.0,0.0,0.0,0.0,0.0,452.0486755371094,4.025625228881836,74.7,457.0,13.0,305.0,0.0,0.0,0.0,0.0,0.0,0.0,199.6462860107422,2.072499990463257,79.3,170.0,0.0,365.0,0.0,0.0,0.0,0.0,0.0,0.0,0.0,0.0,0.0,0.0,0.0,0.0,0.0,0.0,0.0,0.0,0.0,0.0
mckenzie2003,4.0,4.0,0.05,11.850000381469727,0.0,11.850000381469727,20,8,370.0,2.45,0.0,0.0,0.0,0.0,0.0,0.0,0.0,0.0,0.0,0.0,0.0,0.0,0.0,0.0,0.0,0.0,0.0,0.0,377.6750793457031,1.6818749904632568,67.8,307.0,138.0,287.0,0.0,0.0,0.0,0.0,0.0,0.0,0.0,0.0,0.0,0.0,0.0,0.0,0.0,0.0,0.0,0.0,0.0,0.0,369.54229736328125,2.447499990463257,67.9,310.0,135.0,233.0,0.0,0.0,0.0,0.0,0.0,0.0,40.72886276245117,0.44749999046325684,76.5,25.0,15.0,365.0,0.0,0.0,0.0,0.0,0.0,0.0,0.0,0.0,0.0,0.0,0.0,0.0,0.0,0.0,0.0,0.0,0.0,0.0
mckenzie2003,4.0,4.0,0.1,23.450000762939453,0.0,23.450000762939453,4,4,546.0,2.76,0.0,0.0,0.0,0.0,0.0,0.0,0.0,0.0,0.0,0.0,0.0,0.0,0.0,0.0,0.0,0.0,0.0,0.0,546.2750854492188,2.759999990463257,68.1,491.0,199.0,287.0,0.0,0.0,0.0,0.0,0.0,0.0,0.0,0.0,0.0,0.0,0.0,0.0,0.0,0.0,0.0,0.0,0.0,0.0,488.3873291015625,4.025625228881836,68.1,466.0,176.0,274.0,0.0,0.0,0.0,0.0,0.0,0.0,64.24632263183594,0.5881249904632568,77.8,44.0,23.0,365.0,0.0,0.0,0.0,0.0,0.0,0.0,0.0,0.0,0.0,0.0,0.0,0.0,0.0,0.0,0.0,0.0,0.0,0.0
mckenzie2003,4.0,4.0,0.2,45.95000076293945,0.0,45.95000076293945,4,4,601.0,3.15,0.0,0.0,0.0,0.0,0.0,0.0,0.0,0.0,0.0,0.0,0.0,0.0,0.0,0.0,0.0,0.0,0.0,0.0,600.9244384765625,3.150624990463257,70.0,540.0,103.0,287.0,0.0,0.0,0.0,0.0,0.0,0.0,0.0,0.0,0.0,0.0,0.0,0.0,0.0,0.0,0.0,0.0,0.0,0.0,495.7289733886719,4.166250228881836,70.9,492.0,52.0,285.0,0.0,0.0,0.0,0.0,0.0,0.0,104.8222885131836,0.9474999904632568,79.3,75.0,22.0,365.0,0.0,0.0,0.0,0.0,0.0,0.0,0.0,0.0,0.0,0.0,0.0,0.0,0.0,0.0,0.0,0.0,0.0,0.0
mckenzie2003,4.0,4.0,0.299999,67.7497787475586,0.0,67.7497787475586,4,4,604.0,3.2,0.0,0.0,0.0,0.0,0.0,0.0,0.0,0.0,0.0,0.0,0.0,0.0,0.0,0.0,0.0,0.0,0.0,0.0,603.8255004882812,3.197499990463257,71.8,542.0,63.0,287.0,0.0,0.0,0.0,0.0,0.0,0.0,0.0,0.0,0.0,0.0,0.0,0.0,0.0,0.0,0.0,0.0,0.0,0.0,493.17730712890625,4.135000228881836,73.3,489.0,44.0,311.0,0.0,0.0,0.0,0.0,0.0,0.0,133.2339324951172,1.2131249904632568,80.3,98.0,14.0,365.0,0.0,0.0,0.0,0.0,0.0,0.0,0.0,0.0,0.0,0.0,0.0,0.0,0.0,0.0,0.0,0.0,0.0,0.0
mckenzie2003,4.0,4.0,0.3,67.75,0.0,67.75,4,4,604.0,3.2,0.0,0.0,0.0,0.0,0.0,0.0,0.0,0.0,0.0,0.0,0.0,0.0,0.0,0.0,0.0,0.0,0.0,0.0,603.8255004882812,3.197499990463257,71.8,542.0,63.0,287.0,0.0,0.0,0.0,0.0,0.0,0.0,0.0,0.0,0.0,0.0,0.0,0.0,0.0,0.0,0.0,0.0,0.0,0.0,493.17730712890625,4.135000228881836,73.3,489.0,44.0,311.0,0.0,0.0,0.0,0.0,0.0,0.0,133.2339324951172,1.2131249904632568,80.3,98.0,14.0,365.0,0.0,0.0,0.0,0.0,0.0,0.0,0.0,0.0,0.0,0.0,0.0,0.0,0.0,0.0,0.0,0.0,0.0,0.0
mckenzie2003,4.0,4.0,0.300001,67.75,0.00020700000459328294,67.75020599365234,4,4,604.0,3.2,0.0,0.0,0.0,0.0,0.0,0.0,0.0,0.0,0.0,0.0,0.0,0.0,0.0,0.0,0.0,0.0,0.0,0.0,603.8255004882812,3.197499990463257,71.8,542.0,63.0,287.0,0.0,0.0,0.0,0.0,0.0,0.0,0.0,0.0,0.0,0.0,0.0,0.0,0.0,0.0,0.0,0.0,0.0,0.0,493.17730712890625,4.135000228881836,73.3,489.0,44.0,311.0,0.0,0.0,0.0,0.0,0.0,0.0,133.2339324951172,1.2131249904632568,80.3,98.0,14.0,365.0,0.0,0.0,0.0,0.0,0.0,0.0,0.0,0.0,0.0,0.0,0.0,0.0,0.0,0.0,0.0,0.0,0.0,0.0
mckenzie2003,4.0,4.0,0.35,67.75,10.350000381469727,78.0999984741211,4,4,604.0,3.2,0.0,0.0,0.0,0.0,0.0,0.0,0.0,0.0,0.0,0.0,0.0,0.0,0.0,0.0,0.0,0.0,0.0,0.0,603.8255004882812,3.197499990463257,73.4,542.0,49.0,287.0,0.0,0.0,0.0,0.0,0.0,0.0,0.0,0.0,0.0,0.0,0.0,0.0,0.0,0.0,0.0,0.0,0.0,0.0,493.04449462890625,4.135000228881836,74.3,489.0,38.0,312.0,0.0,0.0,0.0,0.0,0.0,0.0,144.65867614746094,1.3224999904632568,80.3,108.0,13.0,365.0,0.0,0.0,0.0,0.0,0.0,0.0,0.0,0.0,0.0,0.0,0.0,0.0,0.0,0.0,0.0,0.0,0.0,0.0
mckenzie2003,4.0,4.0,0.5,67.75,41.400001525878906,109.1500015258789,4,4,604.0,3.2,0.0,0.0,0.0,0.0,0.0,0.0,0.0,0.0,0.0,0.0,0.0,0.0,0.0,0.0,0.0,0.0,0.0,0.0,603.8255004882812,3.197499990463257,75.3,542.0,3.0,287.0,0.0,0.0,0.0,0.0,0.0,0.0,0.0,0.0,0.0,0.0,0.0,0.0,0.0,0.0,0.0,0.0,0.0,0.0,493.04449462890625,4.135000228881836,75.2,489.0,25.0,312.0,0.0,0.0,0.0,0.0,0.0,0.0,169.77830505371094,1.6349999904632568,80.3,131.0,0.0,365.0,0.0,0.0,0.0,0.0,0.0,0.0,0.0,0.0,0.0,0.0,0.0,0.0,0.0,0.0,0.0,0.0,0.0,0.0
mckenzie2003,4.0,4.0,1.0,67.75,141.3000030517578,209.0500030517578,4,4,604.0,3.2,0.0,0.0,0.0,0.0,0.0,0.0,0.0,0.0,0.0,0.0,0.0,0.0,0.0,0.0,0.0,0.0,0.0,0.0,603.8255004882812,3.197499990463257,76.8,542.0,0.0,287.0,0.0,0.0,0.0,0.0,0.0,0.0,0.0,0.0,0.0,0.0,0.0,0.0,0.0,0.0,0.0,0.0,0.0,0.0,493.04449462890625,4.135000228881836,75.7,489.0,12.0,312.0,0.0,0.0,0.0,0.0,0.0,0.0,204.78076171875,1.9943749904632568,80.4,165.0,0.0,365.0,0.0,0.0,0.0,0.0,0.0,0.0,0.0,0.0,0.0,0.0,0.0,0.0,0.0,0.0,0.0,0.0,0.0,0.0
mckenzie2003,4.0,4.0,1.5,67.75,230.8000030517578,298.54998779296875,4,4,604.0,3.2,0.0,0.0,0.0,0.0,0.0,0.0,0.0,0.0,0.0,0.0,0.0,0.0,0.0,0.0,0.0,0.0,0.0,0.0,603.8255004882812,3.197499990463257,76.9,542.0,0.0,287.0,0.0,0.0,0.0,0.0,0.0,0.0,0.0,0.0,0.0,0.0,0.0,0.0,0.0,0.0,0.0,0.0,0.0,0.0,493.04449462890625,4.135000228881836,75.7,489.0,11.0,312.0,0.0,0.0,0.0,0.0,0.0,0.0,213.72146606445312,2.041249990463257,80.4,174.0,0.0,365.0,0.0,0.0,0.0,0.0,0.0,0.0,0.0,0.0,0.0,0.0,0.0,0.0,0.0,0.0,0.0,0.0,0.0,0.0
mckenzie2003,4.0,4.0,1.94,67.75,230.8000030517578,298.54998779296875,4,4,604.0,3.2,0.0,0.0,0.0,0.0,0.0,0.0,0.0,0.0,0.0,0.0,0.0,0.0,0.0,0.0,0.0,0.0,0.0,0.0,603.8255004882812,3.197499990463257,76.9,542.0,0.0,287.0,0.0,0.0,0.0,0.0,0.0,0.0,0.0,0.0,0.0,0.0,0.0,0.0,0.0,0.0,0.0,0.0,0.0,0.0,493.04449462890625,4.135000228881836,75.7,489.0,11.0,312.0,0.0,0.0,0.0,0.0,0.0,0.0,213.72146606445312,2.041249990463257,80.4,174.0,0.0,365.0,0.0,0.0,0.0,0.0,0.0,0.0,0.0,0.0,0.0,0.0,0.0,0.0,0.0,0.0,0.0,0.0,0.0,0.0
mckenzie2003,3.0,3.0,0.05,11.850000381469727,0.0,11.850000381469727,20,8,356.0,2.46,0.0,0.0,0.0,0.0,0.0,0.0,0.0,0.0,0.0,0.0,0.0,0.0,0.0,0.0,0.0,0.0,0.0,0.0,377.740478515625,1.6974999904632568,67.4,304.0,138.0,287.0,0.0,0.0,0.0,0.0,0.0,0.0,298.8824157714844,1.4006249904632568,70.6,247.0,109.0,365.0,0.0,0.0,0.0,0.0,0.0,0.0,355.58648681640625,2.463124990463257,67.4,301.0,130.0,225.0,0.0,0.0,0.0,0.0,0.0,0.0,40.979183197021484,0.43187499046325684,76.3,24.0,15.0,365.0,0.0,0.0,0.0,0.0,0.0,0.0,0.0,0.0,0.0,0.0,0.0,0.0,0.0,0.0,0.0,0.0,0.0,0.0
mckenzie2003,3.0,3.0,0.1,23.450000762939453,0.0,23.450000762939453,7,6,428.0,2.23,0.0,0.0,0.0,0.0,0.0,0.0,0.0,0.0,0.0,0.0,0.0,0.0,0.0,0.0,0.0,0.0,0.0,0.0,547.5032348632812,2.697499990463257,67.5,487.0,200.0,287.0,0.0,0.0,0.0,0.0,0.0,0.0,427.98431396484375,2.228749990463257,70.9,399.0,90.0,365.0,0.0,0.0,0.0,0.0,0.0,0.0,490.33026123046875,4.025625228881836,67.8,463.0,177.0,273.0,0.0,0.0,0.0,0.0,0.0,0.0,64.52718353271484,0.5881249904632568,77.5,43.0,24.0,365.0,0.0,0.0,0.0,0.0,0.0,0.0,0.0,0.0,0.0,0.0,0.0,0.0,0.0,0.0,0.0,0.0,0.0,0.0
mckenzie2003,3.0,3.0,0.2,45.95000076293945,0.0,45.95000076293945,7,4,606.0,3.14,0.0,0.0,0.0,0.0,0.0,0.0,0.0,0.0,0.0,0.0,0.0,0.0,0.0,0.0,0.0,0.0,0.0,0.0,606.4872436523438,3.134999990463257,69.3,541.0,113.0,287.0,0.0,0.0,0.0,0.0,0.0,0.0,516.1862182617188,2.869374990463257,71.3,536.0,48.0,365.0,0.0,0.0,0.0,0.0,0.0,0.0,502.05908203125,4.181875228881836,70.3,494.0,53.0,283.0,0.0,0.0,0.0,0.0,0.0,0.0,105.24239349365234,0.9631249904632568,79.0,75.0,23.0,365.0,0.0,0.0,0.0,0.0,0.0,0.0,0.0,0.0,0.0,0.0,0.0,0.0,0.0,0.0,0.0,0.0,0.0,0.0
mckenzie2003,3.0,3.0,0.299999,67.7497787475586,0.0,67.7497787475586,7,4,611.0,3.21,0.0,0.0,0.0,0.0,0.0,0.0,0.0,0.0,0.0,0.0,0.0,0.0,0.0,0.0,0.0,0.0,0.0,0.0,610.9395751953125,3.213124990463257,71.3,544.0,63.0,287.0,0.0,0.0,0.0,0.0,0.0,0.0,533.66259765625,2.963124990463257,72.0,557.0,35.0,365.0,0.0,0.0,0.0,0.0,0.0,0.0,499.66436767578125,4.150625228881836,72.7,492.0,44.0,307.0,0.0,0.0,0.0,0.0,0.0,0.0,133.83840942382812,1.2599999904632568,79.8,98.0,14.0,365.0,0.0,0.0,0.0,0.0,0.0,0.0,0.0,0.0,0.0,0.0,0.0,0.0,0.0,0.0,0.0,0.0,0.0,0.0
mckenzie2003,3.0,3.0,0.3,67.75,0.0,67.75,7,4,611.0,3.21,0.0,0.0,0.0,0.0,0.0,0.0,0.0,0.0,0.0,0.0,0.0,0.0,0.0,0.0,0.0,0.0,0.0,0.0,610.9395751953125,3.213124990463257,71.3,544.0,63.0,287.0,0.0,0.0,0.0,0.0,0.0,0.0,533.66259765625,2.963124990463257,72.0,557.0,35.0,365.0,0.0,0.0,0.0,0.0,0.0,0.0,499.66436767578125,4.150625228881836,72.7,492.0,44.0,307.0,0.0,0.0,0.0,0.0,0.0,0.0,133.83840942382812,1.2599999904632568,79.8,98.0,14.0,365.0,0.0,0.0,0.0,0.0,0.0,0.0,0.0,0.0,0.0,0.0,0.0,0.0,0.0,0.0,0.0,0.0,0.0,0.0
mckenzie2003,3.0,3.0,0.300001,67.75,0.00020700000459328294,67.75020599365234,7,4,611.0,3.21,0.0,0.0,0.0,0.0,0.0,0.0,0.0,0.0,0.0,0.0,0.0,0.0,0.0,0.0,0.0,0.0,0.0,0.0,610.9395751953125,3.213124990463257,71.3,544.0,63.0,287.0,0.0,0.0,0.0,0.0,0.0,0.0,533.66259765625,2.963124990463257,72.0,557.0,35.0,365.0,0.0,0.0,0.0,0.0,0.0,0.0,499.66436767578125,4.150625228881836,72.7,492.0,44.0,307.0,0.0,0.0,0.0,0.0,0.0,0.0,133.83840942382812,1.2599999904632568,79.8,98.0,14.0,365.0,0.0,0.0,0.0,0.0,0.0,0.0,0.0,0.0,0.0,0.0,0.0,0.0,0.0,0.0,0.0,0.0,0.0,0.0
mckenzie2003,3.0,3.0,0.35,67.75,10.350000381469727,78.0999984741211,7,4,611.0,3.21,0.0,0.0,0.0,0.0,0.0,0.0,0.0,0.0,0.0,0.0,0.0,0.0,0.0,0.0,0.0,0.0,0.0,0.0,610.9395751953125,3.213124990463257,73.0,544.0,49.0,287.0,0.0,0.0,0.0,0.0,0.0,0.0,540.880615234375,3.056874990463257,72.6,569.0,24.0,365.0,0.0,0.0,0.0,0.0,0.0,0.0,499.52825927734375,4.150625228881836,73.6,492.0,39.0,308.0,0.0,0.0,0.0,0.0,0.0,0.0,145.3975067138672,1.3381249904632568,79.8,108.0,14.0,365.0,0.0,0.0,0.0,0.0,0.0,0.0,0.0,0.0,0.0,0.0,0.0,0.0,0.0,0.0,0.0,0.0,0.0,0.0
mckenzie2003,3.0,3.0,0.5,67.75,41.400001525878906,109.1500015258789,7,4,611.0,3.21,0.0,0.0,0.0,0.0,0.0,0.0,0.0,0.0,0.0,0.0,0.0,0.0,0.0,0.0,0.0,0.0,0.0,0.0,610.9395751953125,3.213124990463257,75.0,544.0,3.0,287.0,0.0,0.0,0.0,0.0,0.0,0.0,551.63720703125,3.134999990463257,73.3,583.0,0.0,365.0,0.0,0.0,0.0,0.0,0.0,0.0,499.52825927734375,4.150625228881836,74.6,492.0,25.0,308.0,0.0,0.0,0.0,0.0,0.0,0.0,170.78497314453125,1.6349999904632568,79.8,131.0,0.0,365.0,0.0,0.0,0.0,0.0,0.0,0.0,0.0,0.0,0.0,0.0,0.0,0.0,0.0,0.0,0.0,0.0,0.0,0.0
mckenzie2003,3.0,3.0,1.0,67.75,141.3000030517578,209.0500030517578,7,4,611.0,3.21,0.0,0.0,0.0,0.0,0.0,0.0,0.0,0.0,0.0,0.0,0.0,0.0,0.0,0.0,0.0,0.0,0.0,0.0,610.9395751953125,3.213124990463257,76.3,544.0,0.0,287.0,0.0,0.0,0.0,0.0,0.0,0.0,555.2492065429688,3.181874990463257,74.0,584.0,0.0,365.0,0.0,0.0,0.0,0.0,0.0,0.0,499.52825927734375,4.150625228881836,75.2,492.0,12.0,308.0,0.0,0.0,0.0,0.0,0.0,0.0,206.22434997558594,1.9943749904632568,79.9,165.0,0.0,365.0,0.0,0.0,0.0,0.0,0.0,0.0,0.0,0.0,0.0,0.0,0.0,0.0,0.0,0.0,0.0,0.0,0.0,0.0
mckenzie2003,3.0,3.0,1.5,67.75,230.8000030517578,298.54998779296875,7,4,611.0,3.21,0.0,0.0,0.0,0.0,0.0,0.0,0.0,0.0,0.0,0.0,0.0,0.0,0.0,0.0,0.0,0.0,0.0,0.0,610.9395751953125,3.213124990463257,76.4,544.0,0.0,287.0,0.0,0.0,0.0,0.0,0.0,0.0,555.2492065429688,3.181874990463257,74.0,584.0,0.0,365.0,0.0,0.0,0.0,0.0,0.0,0.0,499.52825927734375,4.150625228881836,75.2,492.0,11.0,308.0,0.0,0.0,0.0,0.0,0.0,0.0,215.3314971923828,2.088124990463257,80.0,174.0,0.0,365.0,0.0,0.0,0.0,0.0,0.0,0.0,0.0,0.0,0.0,0.0,0.0,0.0,0.0,0.0,0.0,0.0,0.0,0.0
mckenzie2003,3.0,3.0,1.94,67.75,230.8000030517578,298.54998779296875,7,4,611.0,3.21,0.0,0.0,0.0,0.0,0.0,0.0,0.0,0.0,0.0,0.0,0.0,0.0,0.0,0.0,0.0,0.0,0.0,0.0,610.9395751953125,3.213124990463257,76.4,544.0,0.0,287.0,0.0,0.0,0.0,0.0,0.0,0.0,555.2492065429688,3.181874990463257,74.0,584.0,0.0,365.0,0.0,0.0,0.0,0.0,0.0,0.0,499.52825927734375,4.150625228881836,75.2,492.0,11.0,308.0,0.0,0.0,0.0,0.0,0.0,0.0,215.3314971923828,2.088124990463257,80.0,174.0,0.0,365.0,0.0,0.0,0.0,0.0,0.0,0.0,0.0,0.0,0.0,0.0,0.0,0.0,0.0,0.0,0.0,0.0,0.0,0.0
mckenzie2003,2.0,2.0,0.05,11.850000381469727,0.0,11.850000381469727,20,8,378.0,2.48,0.0,0.0,0.0,0.0,0.0,0.0,0.0,0.0,0.0,0.0,0.0,0.0,0.0,0.0,0.0,0.0,0.0,0.0,389.10400390625,1.6662499904632568,67.6,311.0,142.0,286.0,0.0,0.0,0.0,0.0,0.0,0.0,0.0,0.0,0.0,0.0,0.0,0.0,0.0,0.0,0.0,0.0,0.0,0.0,377.7753601074219,2.478749990463257,67.4,315.0,138.0,219.0,0.0,0.0,0.0,0.0,0.0,0.0,41.618404388427734,0.40062499046325684,76.2,25.0,15.0,365.0,0.0,0.0,0.0,0.0,0.0,0.0,0.0,0.0,0.0,0.0,0.0,0.0,0.0,0.0,0.0,0.0,0.0,0.0
mckenzie2003,2.0,2.0,0.1,23.450000762939453,0.0,23.450000762939453,4,4,567.0,2.78,0.0,0.0,0.0,0.0,0.0,0.0,0.0,0.0,0.0,0.0,0.0,0.0,0.0,0.0,0.0,0.0,0.0,0.0,566.5564575195312,2.775624990463257,67.6,498.0,207.0,286.0,0.0,0.0,0.0,0.0,0.0,0.0,0.0,0.0,0.0,0.0,0.0,0.0,0.0,0.0,0.0,0.0,0.0,0.0,508.4620056152344,4.025625228881836,67.9,472.0,183.0,271.0,0.0,0.0,0.0,0.0,0.0,0.0,65.26187896728516,0.5724999904632568,77.8,44.0,24.0,365.0,0.0,0.0,0.0,0.0,0.0,0.0,0.0,0.0,0.0,0.0,0.0,0.0,0.0,0.0,0.0,0.0,0.0,0.0
mckenzie2003,2.0,2.0,0.2,45.95000076293945,0.0,45.95000076293945,4,4,634.0,3.23,0.0,0.0,0.0,0.0,0.0,0.0,0.0,0.0,0.0,0.0,0.0,0.0,0.0,0.0,0.0,0.0,0.0,0.0,634.3690185546875,3.228749990463257,69.7,554.0,113.0,286.0,0.0,0.0,0.0,0.0,0.0,0.0,0.0,0.0,0.0,0.0,0.0,0.0,0.0,0.0,0.0,0.0,0.0,0.0,521.4605102539062,4.260000228881836,70.3,506.0,57.0,279.0,0.0,0.0,0.0,0.0,0.0,0.0,106.84957885742188,0.9787499904632568,79.2,76.0,22.0,365.0,0.0,0.0,0.0,0.0,0.0,0.0,0.0,0.0,0.0,0.0,0.0,0.0,0.0,0.0,0.0,0.0,0.0,0.0
mckenzie2003,2.0,2.0,0.299999,67.7497787475586,0.0,67.7497787475586,4,4,634.0,3.23,0.0,0.0,0.0,0.0,0.0,0.0,0.0,0.0,0.0,0.0,0.0,0.0,0.0,0.0,0.0,0.0,0.0,0.0,634.3690185546875,3.228749990463257,71.5,554.0,63.0,286.0,0.0,0.0,0.0,0.0,0.0,0.0,0.0,0.0,0.0,0.0,0.0,0.0,0.0,0.0,0.0,0.0,0.0,0.0,519.1693725585938,4.228750228881836,72.8,503.0,48.0,303.0,0.0,0.0,0.0,0.0,0.0,0.0,136.17007446289062,1.2131249904632568,80.2,99.0,15.0,365.0,0.0,0.0,0.0,0.0,0.0,0.0,0.0,0.0,0.0,0.0,0.0,0.0,0.0,0.0,0.0,0.0,0.0,0.0
mckenzie2003,2.0,2.0,0.3,67.75,0.0,67.75,4,4,634.0,3.23,0.0,0.0,0.0,0.0,0.0,0.0,0.0,0.0,0.0,0.0,0.0,0.0,0.0,0.0,0.0,0.0,0.0,0.0,634.3690185546875,3.228749990463257,71.5,554.0,63.0,286.0,0.0,0.0,0.0,0.0,0.0,0.0,0.0,0.0,0.0,0.0,0.0,0.0,0.0,0.0,0.0,0.0,0.0,0.0,519.1693725585938,4.228750228881836,72.8,503.0,48.0,303.0,0.0,0.0,0.0,0.0,0.0,0.0,136.17007446289062,1.2131249904632568,80.2,99.0,15.0,365.0,0.0,0.0,0.0,0.0,0.0,0.0,0.0,0.0,0.0,0.0,0.0,0.0,0.0,0.0,0.0,0.0,0.0,0.0
mckenzie2003,2.0,2.0,0.300001,67.75,0.00020700000459328294,67.75020599365234,4,4,634.0,3.23,0.0,0.0,0.0,0.0,0.0,0.0,0.0,0.0,0.0,0.0,0.0,0.0,0.0,0.0,0.0,0.0,0.0,0.0,634.3690185546875,3.228749990463257,71.5,554.0,63.0,286.0,0.0,0.0,0.0,0.0,0.0,0.0,0.0,0.0,0.0,0.0,0.0,0.0,0.0,0.0,0.0,0.0,0.0,0.0,519.1693725585938,4.228750228881836,72.8,503.0,48.0,303.0,0.0,0.0,0.0,0.0,0.0,0.0,136.17007446289062,1.2131249904632568,80.2,99.0,15.0,365.0,0.0,0.0,0.0,0.0,0.0,0.0,0.0,0.0,0.0,0.0,0.0,0.0,0.0,0.0,0.0,0.0,0.0,0.0
mckenzie2003,2.0,2.0,0.35,67.75,10.350000381469727,78.0999984741211,4,4,634.0,3.23,0.0,0.0,0.0,0.0,0.0,0.0,0.0,0.0,0.0,0.0,0.0,0.0,0.0,0.0,0.0,0.0,0.0,0.0,634.3690185546875,3.228749990463257,73.3,554.0,52.0,286.0,0.0,0.0,0.0,0.0,0.0,0.0,0.0,0.0,0.0,0.0,0.0,0.0,0.0,0.0,0.0,0.0,0.0,0.0,518.623779296875,4.213125228881836,73.6,502.0,42.0,307.0,0.0,0.0,0.0,0.0,0.0,0.0,147.95327758789062,1.3537499904632568,80.2,109.0,14.0,365.0,0.0,0.0,0.0,0.0,0.0,0.0,0.0,0.0,0.0,0.0,0.0,0.0,0.0,0.0,0.0,0.0,0.0,0.0
mckenzie2003,2.0,2.0,0.5,67.75,41.400001525878906,109.1500015258789,4,4,634.0,3.23,0.0,0.0,0.0,0.0,0.0,0.0,0.0,0.0,0.0,0.0,0.0,0.0,0.0,0.0,0.0,0.0,0.0,0.0,634.3690185546875,3.228749990463257,75.2,554.0,5.0,286.0,0.0,0.0,0.0,0.0,0.0,0.0,0.0,0.0,0.0,0.0,0.0,0.0,0.0,0.0,0.0,0.0,0.0,0.0,518.623779296875,4.213125228881836,74.9,502.0,27.0,307.0,0.0,0.0,0.0,0.0,0.0,0.0,173.94447326660156,1.6037499904632568,80.2,132.0,0.0,365.0,0.0,0.0,0.0,0.0,0.0,0.0,0.0,0.0,0.0,0.0,0.0,0.0,0.0,0.0,0.0,0.0,0.0,0.0
mckenzie2003,2.0,2.0,1.0,67.75,141.3000030517578,209.0500030517578,4,4,634.0,3.23,0.0,0.0,0.0,0.0,0.0,0.0,0.0,0.0,0.0,0.0,0.0,0.0,0.0,0.0,0.0,0.0,0.0,0.0,634.3690185546875,3.228749990463257,76.6,554.0,0.0,286.0,0.0,0.0,0.0,0.0,0.0,0.0,0.0,0.0,0.0,0.0,0.0,0.0,0.0,0.0,0.0,0.0,0.0,0.0,518.623779296875,4.213125228881836,75.3,502.0,14.0,307.0,0.0,0.0,0.0,0.0,0.0,0.0,210.54595947265625,1.9787499904632568,80.2,166.0,0.0,365.0,0.0,0.0,0.0,0.0,0.0,0.0,0.0,0.0,0.0,0.0,0.0,0.0,0.0,0.0,0.0,0.0,0.0,0.0
mckenzie2003,2.0,2.0,1.5,67.75,230.8000030517578,298.54998779296875,4,4,634.0,3.23,0.0,0.0,0.0,0.0,0.0,0.0,0.0,0.0,0.0,0.0,0.0,0.0,0.0,0.0,0.0,0.0,0.0,0.0,634.3690185546875,3.228749990463257,76.8,554.0,0.0,286.0,0.0,0.0,0.0,0.0,0.0,0.0,0.0,0.0,0.0,0.0,0.0,0.0,0.0,0.0,0.0,0.0,0.0,0.0,518.623779296875,4.213125228881836,75.3,502.0,14.0,307.0,0.0,0.0,0.0,0.0,0.0,0.0,220.02813720703125,2.103749990463257,80.2,176.0,0.0,365.0,0.0,0.0,0.0,0.0,0.0,0.0,0.0,0.0,0.0,0.0,0.0,0.0,0.0,0.0,0.0,0.0,0.0,0.0
mckenzie2003,2.0,2.0,1.94,67.75,230.8000030517578,298.54998779296875,4,4,634.0,3.23,0.0,0.0,0.0,0.0,0.0,0.0,0.0,0.0,0.0,0.0,0.0,0.0,0.0,0.0,0.0,0.0,0.0,0.0,634.3690185546875,3.228749990463257,76.8,554.0,0.0,286.0,0.0,0.0,0.0,0.0,0.0,0.0,0.0,0.0,0.0,0.0,0.0,0.0,0.0,0.0,0.0,0.0,0.0,0.0,518.623779296875,4.213125228881836,75.3,502.0,14.0,307.0,0.0,0.0,0.0,0.0,0.0,0.0,220.02813720703125,2.103749990463257,80.2,176.0,0.0,365.0,0.0,0.0,0.0,0.0,0.0,0.0,0.0,0.0,0.0,0.0,0.0,0.0,0.0,0.0,0.0,0.0,0.0,0.0
mckenzie2003,1.0,1.0,0.05,11.850000381469727,0.0,11.850000381469727,20,8,383.0,2.42,0.0,0.0,0.0,0.0,0.0,0.0,0.0,0.0,0.0,0.0,0.0,0.0,0.0,0.0,0.0,0.0,0.0,0.0,393.4161376953125,1.6349999904632568,66.3,308.0,144.0,287.0,163.1861114501953,0.7912499904632568,73.9,122.0,60.0,365.0,305.0937805175781,1.3693749904632568,69.6,248.0,111.0,365.0,0.0,0.0,0.0,0.0,0.0,0.0,382.90472412109375,2.416249990463257,66.1,313.0,140.0,219.0,0.0,0.0,0.0,0.0,0.0,0.0,42.99228286743164,0.36937499046325684,75.6,25.0,16.0,365.0,0.0,0.0,0.0,0.0,0.0,0.0,0.0,0.0,0.0,0.0,0.0,0.0,0.0,0.0,0.0,0.0,0.0,0.0
mckenzie2003,1.0,1.0,0.1,23.450000762939453,0.0,23.450000762939453,7,4,576.0,2.73,0.0,0.0,0.0,0.0,0.0,0.0,0.0,0.0,0.0,0.0,0.0,0.0,0.0,0.0,0.0,0.0,0.0,0.0,576.2468872070312,2.728749990463257,65.6,496.0,210.0,287.0,273.8627624511719,1.4318749904632568,74.2,221.0,100.0,365.0,439.3851318359375,2.166249990463257,69.5,399.0,104.0,365.0,0.0,0.0,0.0,0.0,0.0,0.0,521.1683349609375,4.041250228881836,65.9,472.0,188.0,273.0,0.0,0.0,0.0,0.0,0.0,0.0,73.52224731445312,0.6662499904632568,76.9,45.0,27.0,365.0,0.0,0.0,0.0,0.0,0.0,0.0,0.0,0.0,0.0,0.0,0.0,0.0,0.0,0.0,0.0,0.0,0.0,0.0
mckenzie2003,1.0,1.0,0.2,45.95000076293945,0.0,45.95000076293945,7,4,642.0,3.21,0.0,0.0,0.0,0.0,0.0,0.0,0.0,0.0,0.0,0.0,0.0,0.0,0.0,0.0,0.0,0.0,0.0,0.0,642.358642578125,3.213124990463257,66.8,555.0,136.0,287.0,404.1852111816406,2.259999990463257,73.3,368.0,148.0,365.0,535.3621826171875,2.822499990463257,69.2,540.0,51.0,365.0,0.0,0.0,0.0,0.0,0.0,0.0,542.7296142578125,4.213125228881836,67.8,512.0,69.0,287.0,0.0,0.0,0.0,0.0,0.0,0.0,116.42402648925781,1.3068749904632568,78.2,78.0,28.0,365.0,0.0,0.0,0.0,0.0,0.0,0.0,0.0,0.0,0.0,0.0,0.0,0.0,0.0,0.0,0.0,0.0,0.0,0.0
mckenzie2003,1.0,1.0,0.299999,67.7497787475586,0.0,67.7497787475586,7,4,658.0,3.29,0.0,0.0,0.0,0.0,0.0,0.0,0.0,0.0,0.0,0.0,0.0,0.0,0.0,0.0,0.0,0.0,0.0,0.0,657.626220703125,3.291249990463257,68.2,564.0,86.0,287.0,468.9957275390625,2.697499990463257,72.7,468.0,119.0,365.0,553.1800537109375,2.994374990463257,69.4,563.0,39.0,365.0,0.0,0.0,0.0,0.0,0.0,0.0,543.072509765625,4.306875228881836,69.8,516.0,50.0,308.0,0.0,0.0,0.0,0.0,0.0,0.0,139.97756958007812,1.2287499904632568,79.0,100.0,16.0,365.0,0.0,0.0,0.0,0.0,0.0,0.0,0.0,0.0,0.0,0.0,0.0,0.0,0.0,0.0,0.0,0.0,0.0,0.0
mckenzie2003,1.0,1.0,0.3,67.75,0.0,67.75,7,4,658.0,3.29,0.0,0.0,0.0,0.0,0.0,0.0,0.0,0.0,0.0,0.0,0.0,0.0,0.0,0.0,0.0,0.0,0.0,0.0,657.626220703125,3.291249990463257,68.2,564.0,86.0,287.0,468.9957275390625,2.697499990463257,72.7,468.0,119.0,365.0,553.1800537109375,2.994374990463257,69.4,563.0,39.0,365.0,0.0,0.0,0.0,0.0,0.0,0.0,543.072509765625,4.306875228881836,69.8,516.0,50.0,308.0,0.0,0.0,0.0,0.0,0.0,0.0,139.97756958007812,1.2287499904632568,79.0,100.0,16.0,365.0,0.0,0.0,0.0,0.0,0.0,0.0,0.0,0.0,0.0,0.0,0.0,0.0,0.0,0.0,0.0,0.0,0.0,0.0
mckenzie2003,1.0,1.0,0.300001,67.75,0.00020700000459328294,67.75020599365234,7,4,658.0,3.29,0.0,0.0,0.0,0.0,0.0,0.0,0.0,0.0,0.0,0.0,0.0,0.0,0.0,0.0,0.0,0.0,0.0,0.0,657.626220703125,3.291249990463257,68.2,564.0,86.0,287.0,468.9957275390625,2.697499990463257,72.7,468.0,119.0,365.0,553.1800537109375,2.994374990463257,69.4,563.0,39.0,365.0,0.0,0.0,0.0,0.0,0.0,0.0,543.072509765625,4.306875228881836,69.8,516.0,50.0,308.0,0.0,0.0,0.0,0.0,0.0,0.0,139.97756958007812,1.2287499904632568,79.0,100.0,16.0,365.0,0.0,0.0,0.0,0.0,0.0,0.0,0.0,0.0,0.0,0.0,0.0,0.0,0.0,0.0,0.0,0.0,0.0,0.0
mckenzie2003,1.0,1.0,0.35,67.75,10.350000381469727,78.0999984741211,7,4,658.0,3.29,0.0,0.0,0.0,0.0,0.0,0.0,0.0,0.0,0.0,0.0,0.0,0.0,0.0,0.0,0.0,0.0,0.0,0.0,657.626220703125,3.291249990463257,70.3,564.0,55.0,287.0,501.9741516113281,2.931874990463257,73.1,510.0,91.0,365.0,561.9451293945312,3.025624990463257,70.2,577.0,28.0,365.0,0.0,0.0,0.0,0.0,0.0,0.0,542.4743041992188,4.291250228881836,71.2,515.0,44.0,312.0,0.0,0.0,0.0,0.0,0.0,0.0,152.26263427734375,1.3224999904632568,79.0,110.0,15.0,365.0,0.0,0.0,0.0,0.0,0.0,0.0,0.0,0.0,0.0,0.0,0.0,0.0,0.0,0.0,0.0,0.0,0.0,0.0
mckenzie2003,1.0,1.0,0.5,67.75,41.400001525878906,109.1500015258789,7,4,658.0,3.29,0.0,0.0,0.0,0.0,0.0,0.0,0.0,0.0,0.0,0.0,0.0,0.0,0.0,0.0,0.0,0.0,0.0,0.0,657.626220703125,3.291249990463257,72.8,564.0,5.0,287.0,565.344970703125,3.338124990463257,74.2,573.0,43.0,365.0,575.2094116210938,3.134999990463257,71.1,596.0,0.0,365.0,0.0,0.0,0.0,0.0,0.0,0.0,542.4743041992188,4.291250228881836,72.3,515.0,29.0,312.0,0.0,0.0,0.0,0.0,0.0,0.0,179.63833618164062,1.6193749904632568,79.0,134.0,0.0,365.0,0.0,0.0,0.0,0.0,0.0,0.0,0.0,0.0,0.0,0.0,0.0,0.0,0.0,0.0,0.0,0.0,0.0,0.0
mckenzie2003,1.0,1.0,1.0,67.75,141.3000030517578,209.0500030517578,7,4,658.0,3.29,0.0,0.0,0.0,0.0,0.0,0.0,0.0,0.0,0.0,0.0,0.0,0.0,0.0,0.0,0.0,0.0,0.0,0.0,657.626220703125,3.291249990463257,74.7,564.0,0.0,287.0,595.9944458007812,3.541249990463257,75.8,590.0,0.0,365.0,584.5419311523438,3.197499990463257,71.9,599.0,0.0,365.0,0.0,0.0,0.0,0.0,0.0,0.0,542.4743041992188,4.291250228881836,73.1,515.0,15.0,312.0,0.0,0.0,0.0,0.0,0.0,0.0,218.1278839111328,1.9474999904632568,79.2,169.0,0.0,365.0,0.0,0.0,0.0,0.0,0.0,0.0,0.0,0.0,0.0,0.0,0.0,0.0,0.0,0.0,0.0,0.0,0.0,0.0
mckenzie2003,1.0,1.0,1.5,67.75,230.8000030517578,298.54998779296875,7,4,658.0,3.29,0.0,0.0,0.0,0.0,0.0,0.0,0.0,0.0,0.0,0.0,0.0,0.0,0.0,0.0,0.0,0.0,0.0,0.0,657.626220703125,3.291249990463257,74.8,564.0,0.0,287.0,595.9944458007812,3.541249990463257,76.2,590.0,0.0,365.0,584.5419311523438,3.197499990463257,71.9,599.0,0.0,365.0,0.0,0.0,0.0,0.0,0.0,0.0,542.4743041992188,4.291250228881836,73.1,515.0,14.0,312.0,0.0,0.0,0.0,0.0,0.0,0.0,228.1631317138672,2.088124990463257,79.2,179.0,0.0,365.0,0.0,0.0,0.0,0.0,0.0,0.0,0.0,0.0,0.0,0.0,0.0,0.0,0.0,0.0,0.0,0.0,0.0,0.0
mckenzie2003,1.0,1.0,1.94,67.75,230.8000030517578,298.54998779296875,7,4,658.0,3.29,0.0,0.0,0.0,0.0,0.0,0.0,0.0,0.0,0.0,0.0,0.0,0.0,0.0,0.0,0.0,0.0,0.0,0.0,657.626220703125,3.291249990463257,74.8,564.0,0.0,287.0,595.9944458007812,3.541249990463257,76.2,590.0,0.0,365.0,584.5419311523438,3.197499990463257,71.9,599.0,0.0,365.0,0.0,0.0,0.0,0.0,0.0,0.0,542.4743041992188,4.291250228881836,73.1,515.0,14.0,312.0,0.0,0.0,0.0,0.0,0.0,0.0,228.1631317138672,2.088124990463257,79.2,179.0,0.0,365.0,0.0,0.0,0.0,0.0,0.0,0.0,0.0,0.0,0.0,0.0,0.0,0.0,0.0,0.0,0.0,0.0,0.0,0.0
mckenzie2003,0.0,0.0,0.05,11.850000381469727,0.0,11.850000381469727,20,8,425.0,2.64,0.0,0.0,0.0,0.0,0.0,0.0,0.0,0.0,0.0,0.0,0.0,0.0,0.0,0.0,0.0,0.0,0.0,0.0,447.6324768066406,1.7599999904632568,66.5,310.0,163.0,287.0,189.2549591064453,0.9006249904632568,73.8,122.0,69.0,365.0,348.6739196777344,1.4943749904632568,69.5,248.0,127.0,365.0,0.0,0.0,0.0,0.0,0.0,0.0,424.7012634277344,2.634999990463257,66.6,308.0,155.0,201.0,0.0,0.0,0.0,0.0,0.0,0.0,48.14597702026367,0.40062499046325684,75.7,25.0,18.0,365.0,0.0,0.0,0.0,0.0,0.0,0.0,0.0,0.0,0.0,0.0,0.0,0.0,0.0,0.0,0.0,0.0,0.0,0.0
mckenzie2003,0.0,0.0,0.1,23.450000762939453,0.0,23.450000762939453,7,4,644.0,2.92,0.0,0.0,0.0,0.0,0.0,0.0,0.0,0.0,0.0,0.0,0.0,0.0,0.0,0.0,0.0,0.0,0.0,0.0,643.62841796875,2.916249990463257,66.0,498.0,235.0,287.0,316.97503662109375,1.5724999904632568,74.2,221.0,116.0,365.0,497.5526428222656,2.322499990463257,69.6,400.0,116.0,365.0,0.0,0.0,0.0,0.0,0.0,0.0,583.4832153320312,4.150625228881836,66.2,470.0,210.0,273.0,0.0,0.0,0.0,0.0,0.0,0.0,82.76056671142578,0.7131249904632568,76.8,45.0,30.0,365.0,0.0,0.0,0.0,0.0,0.0,0.0,0.0,0.0,0.0,0.0,0.0,0.0,0.0,0.0,0.0,0.0,0.0,0.0
mckenzie2003,0.0,0.0,0.2,45.95000076293945,0.0,45.95000076293945,7,4,711.0,3.34,0.0,0.0,0.0,0.0,0.0,0.0,0.0,0.0,0.0,0.0,0.0,0.0,0.0,0.0,0.0,0.0,0.0,0.0,710.54345703125,3.338124990463257,67.0,560.0,152.0,287.0,461.76788330078125,2.447499990463257,73.7,370.0,169.0,365.0,593.7486572265625,2.994374990463257,69.5,540.0,57.0,365.0,0.0,0.0,0.0,0.0,0.0,0.0,607.4420776367188,4.416250228881836,68.1,513.0,68.0,286.0,0.0,0.0,0.0,0.0,0.0,0.0,131.32965087890625,1.4006249904632568,78.2,78.0,31.0,365.0,0.0,0.0,0.0,0.0,0.0,0.0,0.0,0.0,0.0,0.0,0.0,0.0,0.0,0.0,0.0,0.0,0.0,0.0
mckenzie2003,0.0,0.0,0.299999,67.7497787475586,0.0,67.7497787475586,7,4,725.0,3.39,0.0,0.0,0.0,0.0,0.0,0.0,0.0,0.0,0.0,0.0,0.0,0.0,0.0,0.0,0.0,0.0,0.0,0.0,724.9791870117188,3.384999990463257,68.5,568.0,100.0,287.0,529.9339599609375,2.884999990463257,72.9,470.0,132.0,365.0,611.9099731445312,3.072499990463257,70.1,563.0,42.0,365.0,0.0,0.0,0.0,0.0,0.0,0.0,605.5518188476562,4.494375228881836,70.3,514.0,56.0,313.0,0.0,0.0,0.0,0.0,0.0,0.0,162.64108276367188,1.3224999904632568,79.1,100.0,18.0,365.0,0.0,0.0,0.0,0.0,0.0,0.0,0.0,0.0,0.0,0.0,0.0,0.0,0.0,0.0,0.0,0.0,0.0,0.0
mckenzie2003,0.0,0.0,0.3,67.75,0.0,67.75,7,4,725.0,3.39,0.0,0.0,0.0,0.0,0.0,0.0,0.0,0.0,0.0,0.0,0.0,0.0,0.0,0.0,0.0,0.0,0.0,0.0,724.9791870117188,3.384999990463257,68.5,568.0,100.0,287.0,529.9339599609375,2.884999990463257,72.9,470.0,132.0,365.0,611.9099731445312,3.072499990463257,70.1,563.0,42.0,365.0,0.0,0.0,0.0,0.0,0.0,0.0,605.5518188476562,4.494375228881836,70.3,514.0,56.0,313.0,0.0,0.0,0.0,0.0,0.0,0.0,162.64108276367188,1.3224999904632568,79.1,100.0,18.0,365.0,0.0,0.0,0.0,0.0,0.0,0.0,0.0,0.0,0.0,0.0,0.0,0.0,0.0,0.0,0.0,0.0,0.0,0.0
mckenzie2003,0.0,0.0,0.300001,67.75,0.00020700000459328294,67.75020599365234,7,4,725.0,3.39,0.0,0.0,0.0,0.0,0.0,0.0,0.0,0.0,0.0,0.0,0.0,0.0,0.0,0.0,0.0,0.0,0.0,0.0,724.9791870117188,3.384999990463257,68.5,568.0,100.0,287.0,529.9339599609375,2.884999990463257,72.9,470.0,132.0,365.0,611.9099731445312,3.072499990463257,70.1,563.0,42.0,365.0,0.0,0.0,0.0,0.0,0.0,0.0,605.5518188476562,4.494375228881836,70.3,514.0,56.0,313.0,0.0,0.0,0.0,0.0,0.0,0.0,162.64108276367188,1.3224999904632568,79.1,100.0,18.0,365.0,0.0,0.0,0.0,0.0,0.0,0.0,0.0,0.0,0.0,0.0,0.0,0.0,0.0,0.0,0.0,0.0,0.0,0.0
mckenzie2003,0.0,0.0,0.35,67.75,10.350000381469727,78.0999984741211,7,4,725.0,3.39,0.0,0.0,0.0,0.0,0.0,0.0,0.0,0.0,0.0,0.0,0.0,0.0,0.0,0.0,0.0,0.0,0.0,0.0,724.9791870117188,3.384999990463257,70.9,568.0,61.0,287.0,561.295654296875,3.119374990463257,73.7,509.0,105.0,365.0,620.638671875,3.197499990463257,70.7,577.0,29.0,365.0,0.0,0.0,0.0,0.0,0.0,0.0,605.1050415039062,4.478750228881836,71.5,514.0,48.0,316.0,0.0,0.0,0.0,0.0,0.0,0.0,176.91595458984375,1.4631249904632568,79.1,110.0,17.0,365.0,0.0,0.0,0.0,0.0,0.0,0.0,0.0,0.0,0.0,0.0,0.0,0.0,0.0,0.0,0.0,0.0,0.0,0.0
mckenzie2003,0.0,0.0,0.5,67.75,41.400001525878906,109.1500015258789,7,4,725.0,3.39,0.0,0.0,0.0,0.0,0.0,0.0,0.0,0.0,0.0,0.0,0.0,0.0,0.0,0.0,0.0,0.0,0.0,0.0,724.9791870117188,3.384999990463257,73.3,568.0,6.0,287.0,622.77978515625,3.478749990463257,74.7,574.0,47.0,365.0,632.1124267578125,3.244374990463257,71.4,596.0,0.0,365.0,0.0,0.0,0.0,0.0,0.0,0.0,605.1050415039062,4.478750228881836,72.8,514.0,32.0,316.0,0.0,0.0,0.0,0.0,0.0,0.0,208.49066162109375,1.7131249904632568,79.2,134.0,0.0,365.0,0.0,0.0,0.0,0.0,0.0,0.0,0.0,0.0,0.0,0.0,0.0,0.0,0.0,0.0,0.0,0.0,0.0,0.0
mckenzie2003,0.0,0.0,1.0,67.75,141.3000030517578,209.0500030517578,7,4,725.0,3.39,0.0,0.0,0.0,0.0,0.0,0.0,0.0,0.0,0.0,0.0,0.0,0.0,0.0,0.0,0.0,0.0,0.0,0.0,724.9791870117188,3.384999990463257,74.8,568.0,0.0,287.0,650.3877563476562,4.025625228881836,76.0,593.0,0.0,365.0,641.4603271484375,3.369374990463257,72.2,601.0,0.0,365.0,0.0,0.0,0.0,0.0,0.0,0.0,605.1050415039062,4.478750228881836,73.3,514.0,16.0,316.0,0.0,0.0,0.0,0.0,0.0,0.0,252.83021545410156,2.166249990463257,79.3,169.0,0.0,365.0,0.0,0.0,0.0,0.0,0.0,0.0,0.0,0.0,0.0,0.0,0.0,0.0,0.0,0.0,0.0,0.0,0.0,0.0
mckenzie2003,0.0,0.0,1.5,67.75,230.8000030517578,298.54998779296875,7,4,725.0,3.39,0.0,0.0,0.0,0.0,0.0,0.0,0.0,0.0,0.0,0.0,0.0,0.0,0.0,0.0,0.0,0.0,0.0,0.0,724.9791870117188,3.384999990463257,74.9,568.0,0.0,287.0,650.3877563476562,4.025625228881836,76.3,593.0,0.0,365.0,641.4603271484375,3.369374990463257,72.3,601.0,0.0,365.0,0.0,0.0,0.0,0.0,0.0,0.0,605.1050415039062,4.478750228881836,73.5,514.0,15.0,316.0,0.0,0.0,0.0,0.0,0.0,0.0,264.2529602050781,2.244374990463257,79.3,179.0,0.0,365.0,0.0,0.0,0.0,0.0,0.0,0.0,0.0,0.0,0.0,0.0,0.0,0.0,0.0,0.0,0.0,0.0,0.0,0.0
mckenzie2003,0.0,0.0,1.94,67.75,230.8000030517578,298.54998779296875,7,4,725.0,3.39,0.0,0.0,0.0,0.0,0.0,0.0,0.0,0.0,0.0,0.0,0.0,0.0,0.0,0.0,0.0,0.0,0.0,0.0,724.9791870117188,3.384999990463257,74.9,568.0,0.0,287.0,650.3877563476562,4.025625228881836,76.3,593.0,0.0,365.0,641.4603271484375,3.369374990463257,72.3,601.0,0.0,365.0,0.0,0.0,0.0,0.0,0.0,0.0,605.1050415039062,4.478750228881836,73.5,514.0,15.0,316.0,0.0,0.0,0.0,0.0,0.0,0.0,264.2529602050781,2.244374990463257,79.3,179.0,0.0,365.0,0.0,0.0,0.0,0.0,0.0,0.0,0.0,0.0,0.0,0.0,0.0,0.0,0.0,0.0,0.0,0.0,0.0,0.0
