scenario,age_ka,depth_m,biome_id,optpft,pft4_npp,pft6_npp,pft7_npp,pft8_npp,pft10_npp,pft12_npp,pft13_npp
CHELSA_native,5.0,0.05,4,7,348.9489440917969,286.12286376953125,377.9563293457031,322.39471435546875,33.88808059692383,0.0,0.0
CHELSA_native,5.0,0.1,4,7,480.5792846679688,399.07916259765625,429.0724487304688,383.926025390625,57.71304321289063,0.0,0.0
CHELSA_native,5.0,0.2,7,6,494.0026245117188,466.1892395019531,429.0724487304688,383.8074340820313,92.82866668701172,0.0,0.0
CHELSA_native,5.0,0.3,7,6,494.0026245117188,472.4137878417969,429.0724487304688,382.07330322265625,116.73356628417967,0.0,0.0
CHELSA_native,5.0,0.5,7,6,494.0026245117188,472.4137878417969,429.0724487304688,381.15521240234375,145.46170043945312,0.0,0.0
CHELSA_native,5.0,1.5,7,6,494.0026245117188,472.4137878417969,429.0724487304688,381.15521240234375,178.69871520996094,0.0,0.0
CHELSA_native,4.0,0.05,4,7,361.9367065429688,297.80810546875,394.60198974609375,338.5379638671875,35.25986862182617,0.0,0.0
CHELSA_native,4.0,0.1,4,7,501.370361328125,416.6455383300781,450.1629028320313,405.4982299804688,60.25630569458008,0.0,0.0
CHELSA_native,4.0,0.2,7,6,515.9949340820312,488.253662109375,450.1629028320313,405.3748474121094,97.26719665527344,0.0,0.0
CHELSA_native,4.0,0.3,7,6,515.9949340820312,494.43939208984375,450.1629028320313,403.8696594238281,122.58292388916016,0.0,0.0
CHELSA_native,4.0,0.5,7,6,515.9949340820312,495.5465698242188,450.1629028320313,402.5794982910156,153.13418579101562,0.0,0.0
CHELSA_native,4.0,1.5,7,6,515.9949340820312,495.5465698242188,450.1629028320313,402.5794982910156,188.4633026123047,0.0,0.0
CHELSA_native,3.0,0.05,4,7,366.2098693847656,302.0223999023437,402.5993957519531,343.6005249023437,35.6442985534668,0.0,0.0
CHELSA_native,3.0,0.1,4,7,504.5065612792969,424.23089599609375,462.1336975097656,416.68017578125,61.01201629638672,0.0,0.0
CHELSA_native,3.0,0.2,7,4,528.2144775390625,499.6442565917969,462.1336975097656,416.5523071289063,98.6865234375,0.0,0.0
CHELSA_native,3.0,0.3,7,4,528.2144775390625,506.5627136230469,462.1336975097656,415.09466552734375,124.57261657714844,0.0,0.0
CHELSA_native,3.0,0.5,7,4,528.2144775390625,508.4710693359375,462.1336975097656,413.79095458984375,155.93458557128906,0.0,0.0
CHELSA_native,3.0,1.5,7,4,528.2144775390625,508.4710693359375,462.1336975097656,413.79095458984375,192.25796508789065,0.0,0.0
CHELSA_native,2.0,0.05,4,7,368.3414001464844,308.06298828125,411.0804138183594,343.5828857421875,35.8191032409668,0.0,0.0
CHELSA_native,2.0,0.1,4,7,506.00341796875,432.3117065429688,470.525390625,415.40924072265625,61.29705810546875,0.0,0.0
CHELSA_native,2.0,0.2,7,4,528.75048828125,508.5200500488281,470.525390625,415.2400817871094,99.1962890625,0.0,0.0
CHELSA_native,2.0,0.3,7,4,528.75048828125,515.1026611328125,470.525390625,413.9663391113281,125.14742279052734,0.0,0.0
CHELSA_native,2.0,0.5,7,4,528.75048828125,516.585693359375,470.525390625,412.4012145996094,156.44752502441406,0.0,0.0
CHELSA_native,2.0,1.5,7,4,528.75048828125,516.585693359375,470.525390625,412.4012145996094,192.7778167724609,0.0,0.0
CHELSA_tuned,5.0,0.05,4,7,348.9489440917969,286.12286376953125,377.9563293457031,322.39471435546875,33.88808059692383,0.0,0.0
CHELSA_tuned,5.0,0.1,4,7,480.5792846679688,399.07916259765625,429.0724487304688,383.926025390625,57.71304321289063,0.0,0.0
CHELSA_tuned,5.0,0.2,7,6,494.0026245117188,466.1892395019531,429.0724487304688,383.8074340820313,92.82866668701172,0.0,0.0
CHELSA_tuned,5.0,0.3,7,6,494.0026245117188,472.4137878417969,429.0724487304688,382.07330322265625,116.73356628417967,0.0,0.0
CHELSA_tuned,5.0,0.5,7,6,494.0026245117188,472.4137878417969,429.0724487304688,381.15521240234375,145.46170043945312,0.0,0.0
CHELSA_tuned,5.0,1.5,7,6,494.0026245117188,472.4137878417969,429.0724487304688,381.15521240234375,178.69871520996094,0.0,0.0
CHELSA_tuned,4.0,0.05,4,7,361.9367065429688,297.80810546875,394.60198974609375,338.5379638671875,35.25986862182617,0.0,0.0
CHELSA_tuned,4.0,0.1,4,7,501.370361328125,416.6455383300781,450.1629028320313,405.4982299804688,60.25630569458008,0.0,0.0
CHELSA_tuned,4.0,0.2,7,6,515.9949340820312,488.253662109375,450.1629028320313,405.3748474121094,97.26719665527344,0.0,0.0
CHELSA_tuned,4.0,0.3,7,6,515.9949340820312,494.43939208984375,450.1629028320313,403.8696594238281,122.58292388916016,0.0,0.0
CHELSA_tuned,4.0,0.5,7,6,515.9949340820312,495.5465698242188,450.1629028320313,402.5794982910156,153.13418579101562,0.0,0.0
CHELSA_tuned,4.0,1.5,7,6,515.9949340820312,495.5465698242188,450.1629028320313,402.5794982910156,188.4633026123047,0.0,0.0
CHELSA_tuned,3.0,0.05,4,7,366.2098693847656,302.0223999023437,402.5993957519531,343.6005249023437,35.6442985534668,0.0,0.0
CHELSA_tuned,3.0,0.1,4,7,504.5065612792969,424.23089599609375,462.1336975097656,416.68017578125,61.01201629638672,0.0,0.0
CHELSA_tuned,3.0,0.2,7,4,528.2144775390625,499.6442565917969,462.1336975097656,416.5523071289063,98.6865234375,0.0,0.0
CHELSA_tuned,3.0,0.3,7,4,528.2144775390625,506.5627136230469,462.1336975097656,415.09466552734375,124.57261657714844,0.0,0.0
CHELSA_tuned,3.0,0.5,7,4,528.2144775390625,508.4710693359375,462.1336975097656,413.79095458984375,155.93458557128906,0.0,0.0
CHELSA_tuned,3.0,1.5,7,4,528.2144775390625,508.4710693359375,462.1336975097656,413.79095458984375,192.25796508789065,0.0,0.0
CHELSA_tuned,2.0,0.05,4,7,368.3414001464844,308.06298828125,411.0804138183594,343.5828857421875,35.8191032409668,0.0,0.0
CHELSA_tuned,2.0,0.1,4,7,506.00341796875,432.3117065429688,470.525390625,415.40924072265625,61.29705810546875,0.0,0.0
CHELSA_tuned,2.0,0.2,7,4,528.75048828125,508.5200500488281,470.525390625,415.2400817871094,99.1962890625,0.0,0.0
CHELSA_tuned,2.0,0.3,7,4,528.75048828125,515.1026611328125,470.525390625,413.9663391113281,125.14742279052734,0.0,0.0
CHELSA_tuned,2.0,0.5,7,4,528.75048828125,516.585693359375,470.525390625,412.4012145996094,156.44752502441406,0.0,0.0
CHELSA_tuned,2.0,1.5,7,4,528.75048828125,516.585693359375,470.525390625,412.4012145996094,192.7778167724609,0.0,0.0
historical_Beyer,5.0,0.05,20,8,350.6139831542969,0.0,0.0,342.3262634277344,39.88581085205078,0.0,0.0
historical_Beyer,5.0,0.1,4,4,500.82177734375,0.0,0.0,443.7630615234375,65.90371704101562,0.0,0.0
historical_Beyer,5.0,0.2,4,4,546.5179443359375,0.0,0.0,454.8169250488281,99.6967315673828,0.0,0.0
historical_Beyer,5.0,0.3,4,4,550.870849609375,0.0,0.0,452.6066284179688,126.14337158203124,0.0,0.0
historical_Beyer,5.0,0.5,4,4,550.870849609375,0.0,0.0,452.0486755371094,159.63340759277344,0.0,0.0
historical_Beyer,5.0,1.5,4,4,550.870849609375,0.0,0.0,452.0486755371094,199.6462860107422,0.0,0.0
historical_Beyer,4.0,0.05,20,8,377.6750793457031,0.0,0.0,369.5422973632813,40.72886276245117,0.0,0.0
historical_Beyer,4.0,0.1,4,4,546.2750854492188,0.0,0.0,488.3873291015625,64.24632263183594,0.0,0.0
historical_Beyer,4.0,0.2,4,4,600.9244384765625,0.0,0.0,495.7289733886719,104.8222885131836,0.0,0.0
historical_Beyer,4.0,0.3,4,4,603.8255004882812,0.0,0.0,493.1773071289063,133.2339324951172,0.0,0.0
historical_Beyer,4.0,0.5,4,4,603.8255004882812,0.0,0.0,493.0444946289063,169.77830505371094,0.0,0.0
historical_Beyer,4.0,1.5,4,4,603.8255004882812,0.0,0.0,493.0444946289063,213.72146606445312,0.0,0.0
historical_Beyer,3.0,0.05,20,8,377.740478515625,298.8824157714844,0.0,355.58648681640625,40.97918319702149,0.0,0.0
historical_Beyer,3.0,0.1,7,6,547.5032348632812,427.98431396484375,0.0,490.3302612304688,64.52718353271484,0.0,0.0
historical_Beyer,3.0,0.2,7,4,606.4872436523438,516.1862182617188,0.0,502.05908203125,105.24239349365234,0.0,0.0
historical_Beyer,3.0,0.3,7,4,610.9395751953125,533.66259765625,0.0,499.6643676757813,133.83840942382812,0.0,0.0
historical_Beyer,3.0,0.5,7,4,610.9395751953125,551.63720703125,0.0,499.52825927734375,170.78497314453125,0.0,0.0
historical_Beyer,3.0,1.5,7,4,610.9395751953125,555.2492065429688,0.0,499.52825927734375,215.3314971923828,0.0,0.0
historical_Beyer,2.0,0.05,20,8,389.10400390625,0.0,0.0,377.7753601074219,41.61840438842773,0.0,0.0
historical_Beyer,2.0,0.1,4,4,566.5564575195312,0.0,0.0,508.4620056152344,65.26187896728516,0.0,0.0
historical_Beyer,2.0,0.2,4,4,634.3690185546875,0.0,0.0,521.4605102539062,106.84957885742188,0.0,0.0
historical_Beyer,2.0,0.3,4,4,634.3690185546875,0.0,0.0,519.1693725585938,136.17007446289062,0.0,0.0
historical_Beyer,2.0,0.5,4,4,634.3690185546875,0.0,0.0,518.623779296875,173.94447326660156,0.0,0.0
historical_Beyer,2.0,1.5,4,4,634.3690185546875,0.0,0.0,518.623779296875,220.02813720703125,0.0,0.0
